species,n_records,n_presence_patches,auc_mean,auc_std,accuracy_mean,precision_mean,recall_mean,f1_mean,mcc_mean,kappa_mean,tss_mean
Phlomis fruticosa,56,26,0.9925,0.01499999999999999,0.9709523809523809,1.0,0.8800000000000001,0.9333333333333332,0.9202938132667375,0.9150527325023969,0.8800000000000001
Acalypha virginica,45,39,0.9922748447204969,0.006598059381748066,0.9487903225806452,0.9083333333333334,0.9,0.8963305322128852,0.8692343403788346,0.8627150336877026,0.8663043478260871
Amaranthus deflexus,62,38,0.988565782044043,0.006428274464464041,0.9341935483870968,0.925,0.8142857142857143,0.8535497835497836,0.8235128453335088,0.8120821382557584,0.787803500846979
Viola dubyana,94,50,0.9879999999999999,0.01641137816678823,0.945,0.9288461538461539,0.86,0.8861937452326469,0.8572553170248159,0.8503358710255261,0.8333333333333333
Koeleria spicata,44,26,0.9875,0.024999999999999998,0.9519047619047619,0.9,0.9333333333333332,0.9054545454545455,0.8833298091003872,0.8740253411306043,0.8949999999999999
Pistacia terebinthus,57,26,0.984888888888889,0.020959690884536128,0.9609523809523809,1.0,0.8466666666666667,0.9095959595959595,0.8958424365733617,0.8857122154896793,0.8466666666666669
Oplismenus undulatifolius,91,69,0.9839772306671261,0.012927006512741068,0.9238961038961039,0.919047619047619,0.7846153846153847,0.8325835084455774,0.799026025589947,0.7849247725344061,0.75581166800679
Nandina domestica,869,476,0.9835018004463988,0.00272339250840677,0.9495786710871668,0.8911390190565449,0.9096929824561404,0.900196344274727,0.8666653131087247,0.8664749218126804,0.8725834253465832
Plumbago auriculata,66,31,0.9833333333333334,0.033333333333333305,0.9426666666666665,0.925,0.8714285714285716,0.891108891108891,0.858602518296036,0.8527414841262182,0.8380952380952381
Iris japonica,246,149,0.9824113536240618,0.01112986297570066,0.934593837535014,0.8813506493506493,0.8595402298850574,0.8680493477601375,0.8266686370474906,0.8246852190220915,0.8193654483619615
Ligustrum sinense,302,205,0.9806464406107477,0.007602318541831743,0.947560975609756,0.8890822213190634,0.9073170731707316,0.8959691908682208,0.8629447888675591,0.8610060954101654,0.8682926829268294
Sedum palmeri,66,58,0.9806238859180034,0.019689162312376992,0.9656799259944495,0.9417582417582417,0.9303030303030303,0.9334874980092372,0.9126260480225452,0.9104180592449387,0.9074458874458875
Senecio abrotanifolius,26,21,0.980448717948718,0.017212463566791722,0.8816176470588235,0.9,0.72,0.7595238095238095,0.726067882870739,0.6874833219712091,0.6584615384615384
Eleusine indica,28,27,0.9804166666666667,0.023333333333333338,0.8974025974025974,0.8761904761904761,0.7133333333333333,0.76,0.7240094753227042,0.6994627512322154,0.6758333333333333
Oreochloa disticha,43,24,0.9803809523809525,0.01696842472481531,0.9378947368421052,0.9428571428571428,0.8400000000000001,0.8722222222222221,0.847653038224076,0.8323450054631811,0.8114285714285714
Viola cenisia,35,24,0.9799047619047621,0.014216977490999714,0.9168421052631579,0.8742857142857142,0.8300000000000001,0.8425396825396826,0.7941278257829405,0.7865941161122099,0.7738095238095238
Polygala nicaeensis,101,54,0.9795695592286501,0.007279663192352886,0.9258985200845666,0.9436363636363637,0.76,0.8368193210298474,0.8011031513183671,0.7898649391945349,0.7412500000000002
Primula daonensis,101,52,0.979550953079179,0.011163217604624855,0.9326364692218352,0.8812626262626262,0.849090909090909,0.8592784992784992,0.8201965321254512,0.8153874456512341,0.8105828445747802
Buphthalmum speciosissimum,82,41,0.9794768518518518,0.01578840550167506,0.877840909090909,0.9,0.6083333333333333,0.7015695415695415,0.6655501089599822,0.6314551600392289,0.5763333333333333
Ligustrum lucidum,108,81,0.9787205507202881,0.006441332751550325,0.9383173076923077,0.9057189542483659,0.8507352941176471,0.8654935064935065,0.8352740508347317,0.8264727429041298,0.8177420968387356
Tradescantia pallida,41,25,0.9786666666666667,0.018086213288334013,0.95,0.9333333333333333,0.8800000000000001,0.8969696969696969,0.872382083745942,0.8642857142857142,0.8533333333333333
Orobanche artemisiae-campestris,31,23,0.9785714285714286,0.028571428571428557,0.9029239766081872,0.7333333333333333,0.71,0.7092063492063492,0.690896115984773,0.6806522310861751,0.6814285714285714
Pedicularis rostratocapitata,276,148,0.9783593979312692,0.014639500555926702,0.949323458196838,0.913008668452217,0.8850574712643677,0.8977180078218236,0.8651649238818081,0.8640686532246942,0.8557163068108438
Passiflora caerulea,758,402,0.977659317725645,0.008889149992985412,0.930986242526267,0.8682809643130927,0.8532407407407409,0.8604323228494642,0.8148817678424869,0.8146079728138963,0.8101352230973127
Sempervivum grandiflorum,102,65,0.9775147928994083,0.01551053510953649,0.9461538461538461,0.9184848484848486,0.8615384615384615,0.8849026915113871,0.8541820546815698,0.8501100587108288,0.8358974358974358
Sicyos angulatus,125,65,0.9775147928994082,0.016293393631608186,0.9384615384615385,0.8814976689976689,0.8769230769230768,0.8758231653404067,0.8380023296305804,0.8350679192784456,0.8358974358974359
Campanula martinii,76,43,0.9767649572649573,0.020468647238163818,0.9183193277310924,0.9016666666666666,0.7666666666666666,0.8188358339287131,0.7784956257257826,0.7675569533458935,0.7355897435897436
Campanula raineri,72,48,0.9764285714285714,0.010690678067978382,0.9168690958164643,0.8954545454545455,0.7711111111111111,0.8205847953216374,0.7770205387384026,0.767405532446044,0.7366283524904214
Diospyros lotus,729,194,0.9763272244634802,0.011171477320886402,0.9342679900744418,0.9151542649727767,0.8139001349527664,0.8601187763371365,0.8208689394894456,0.8174304074745796,0.7881264833170458
Euphorbia carniolica,75,57,0.9760020371785079,0.012534111326617406,0.9256038647342996,0.8939393939393939,0.806060606060606,0.8441786283891547,0.8000795003008007,0.7955509217298274,0.7712706900942197
Campanula excisa,80,61,0.9759422884422884,0.02939035199815309,0.9261054421768706,0.9666666666666666,0.7423076923076923,0.8221690590111642,0.8011455143257056,0.7794345763116262,0.7314968814968816
Soldanella alpicola,102,76,0.9756352657004831,0.012085377971273228,0.9243169398907105,0.8195261437908495,0.8949999999999999,0.8554316888045541,0.8058762060243346,0.8042721413947728,0.8291062801932367
Campanula carnica,32,27,0.9747303921568629,0.028279300877700055,0.9264069264069266,0.9095238095238095,0.8133333333333332,0.8538461538461538,0.8105600390398184,0.804596191821204,0.7758333333333333
Vicia onobrychioides,210,122,0.9745254226829569,0.014282742945506752,0.9322743530401851,0.9206666666666667,0.8019999999999999,0.8536744754008805,0.8159309508044034,0.8100623184863112,0.7773424657534247
Murbeckiella pinnatifida,102,37,0.9744635798983626,0.021362339514603704,0.8919540229885058,0.7722727272727272,0.8642857142857142,0.8081602762562516,0.7431494767074103,0.7345643247123202,0.7650762281197064
Festuca valesiaca,273,49,0.9739667943805875,0.014819010283636786,0.9030769230769231,0.9492063492063492,0.6533333333333333,0.7684210526315789,0.7337139803579174,0.7102901822958521,0.6397701149425288
Pedicularis cenisia,79,47,0.9739463601532566,0.027007197499484836,0.926031294452347,0.8464141414141414,0.8577777777777778,0.8497911445279864,0.8028401428519502,0.8011358792803666,0.8080240831964971
Zantedeschia aethiopica,73,59,0.9736435786435786,0.013258144602063322,0.9236702127659573,0.9092307692307692,0.7954545454545455,0.833203615098352,0.7993422284717298,0.7850311713894259,0.7614862914862914
Chorispora tenella,159,57,0.9732951362363128,0.014404031591358507,0.956328502415459,0.9525641025641025,0.8787878787878787,0.9092091097308488,0.8858981006364249,0.8806927297434541,0.8611408199643495
Sciuro-hypnum glaciale,24,22,0.9731318681318684,0.017456970059174116,0.9215686274509803,0.85,0.8699999999999999,0.8465800865800865,0.806210887646758,0.7950535250846613,0.8106593406593406
Primula matthioli,372,83,0.9728775510204082,0.019338848521852327,0.9065128900949798,0.8480158730158731,0.7602941176470588,0.7975636002201467,0.7424831024218284,0.7375166318165157,0.7159675870348139
Crocus biflorus,195,100,0.9728333333333333,0.021842873233874543,0.9375,0.9134502923976608,0.8300000000000001,0.8693438377648904,0.8303400230086124,0.8283921375619059,0.8033333333333331
Primula glaucescens,124,74,0.9727542087542087,0.020288271545257308,0.9255367231638418,0.8815251415251414,0.8104761904761905,0.8418665880734848,0.7966624542398929,0.7935515285153938,0.7744155844155844
Nelumbo nucifera,155,29,0.972549019607843,0.023529411764705903,0.9134057971014492,0.9166666666666667,0.7666666666666667,0.777056277056277,0.7670785237325609,0.7363021683104554,0.7313725490196079
Campanula sibirica,41,22,0.9723626373626374,0.018512162407073637,0.9320261437908496,0.85,0.9099999999999999,0.8695959595959597,0.8335910991547483,0.8244747768268794,0.8506593406593407
Artemisia genipi,63,36,0.9712739641311071,0.013314336663386786,0.9096059113300493,0.8722222222222221,0.775,0.7955128205128206,0.7587628232942977,0.7402443098547928,0.7286796536796537
Tradescantia fluminensis,25,23,0.9708241758241758,0.037774235761064014,0.9345029239766081,0.96,0.78,0.8444444444444444,0.8226837124168492,0.8047074698165873,0.7657142857142858
Saxifraga muscoides,108,46,0.9706584362139917,0.028482273811314063,0.9184684684684686,0.8454545454545455,0.8466666666666667,0.8368421052631578,0.7901703726921644,0.783085208991032,0.7892592592592592
Campanula elatinoides,115,45,0.9703703703703702,0.034469780397320085,0.9111111111111111,0.9083333333333334,0.7333333333333333,0.7975867269984916,0.7582169881213826,0.7432789432789433,0.7037037037037036
Molopospermum peloponnesiacum,63,51,0.9701681329423264,0.02404280567829469,0.9118292682926828,0.8655555555555555,0.7618181818181817,0.7976213260423787,0.7540369745716526,0.7437565920681769,0.7228934506353861
Pittosporum tobira,927,487,0.9701011704805843,0.00734186241917901,0.9296724012919386,0.8697609297872113,0.8461813591415946,0.8567495544476642,0.8111977796510699,0.8102276318815541,0.8037389822188775
Comastoma tenellum,142,96,0.9700789632884389,0.00934360977550057,0.8932330827067669,0.7785413366191397,0.8215789473684211,0.7933125159938997,0.7275394483521344,0.7217609700024479,0.7380338777979432
Hylotelephium anacampseros,103,82,0.9697785114045618,0.02030297111250206,0.9025174825174826,0.8319887955182071,0.7786764705882353,0.7987514955256891,0.740006387010544,0.7347328677005575,0.7219417767106842
Carex curvula,195,93,0.9690533151059466,0.014297666667691387,0.9085405405405405,0.78994893994894,0.8690058479532163,0.8227506526502223,0.7676168097205828,0.7615495970472985,0.7901746791220475
Commelina communis,90,77,0.9686278137526981,0.013984060316513749,0.9124272871496564,0.8831372549019608,0.7516666666666667,0.8056277056277056,0.758819786137348,0.7501136927804264,0.7171615787850756
Carex mucronata,32,27,0.9683823529411765,0.026193516334435174,0.8714285714285716,0.7866666666666666,0.68,0.7143434343434343,0.6480058297894367,0.6358211178755016,0.618970588235294
Anthoxanthum australe,32,28,0.968235294117647,0.02785142102676819,0.9098814229249012,0.9333333333333333,0.6666666666666667,0.7736363636363637,0.7386856318898133,0.7203468977117231,0.6549019607843138
Jacobaea carniolica,222,110,0.9681818181818184,0.012990083474217476,0.8977272727272727,0.7623768115942029,0.8636363636363636,0.8078246637728599,0.7433255028441883,0.738637633701954,0.7727272727272727
Pueraria montana,325,35,0.9673469387755101,0.023328473740792208,0.9357142857142856,0.96,0.7714285714285714,0.8538461538461538,0.8226790093102206,0.813684210526316,0.761904761904762
Lonicera acuminata,3728,858,0.9670086438197846,0.005016648644639193,0.9137531244562703,0.8612035687071643,0.7808785529715763,0.8190634265032294,0.764209925786903,0.7626243085335134,0.7389216945227076
Androsace pubescens,46,31,0.9669172932330827,0.018171914399526187,0.9030000000000001,0.8380952380952381,0.838095238095238,0.8114285714285714,0.7698996540095667,0.7479849269036054,0.7620718462823726
Phyteuma globulariifolium,116,50,0.9666666666666668,0.020763215336529903,0.905,0.8787012987012988,0.74,0.7783193277310925,0.7412127990764661,0.7218399044205495,0.7000000000000001
Cherleria sedoides,297,130,0.9664694280078896,0.01511162233481494,0.901923076923077,0.7769851476748029,0.8538461538461538,0.8122771837834198,0.7489397524195535,0.7461794440449193,0.7717948717948717
Scorzoneroides pyrenaica,269,148,0.9662868808190389,0.011363373819536362,0.9290841760432986,0.8886091981481787,0.8250574712643679,0.852814326937456,0.8095119544964984,0.8063576767153637,0.7890258063001185
Rhaphiolepis bibas,861,470,0.9661007997585636,0.00852961982403214,0.9106382978723404,0.8147556682737095,0.8340425531914895,0.8229311311432127,0.7645326149174823,0.763268675186812,0.7702127659574468
Salix herbacea,471,198,0.9660287452660334,0.004340079770161931,0.9078098877477908,0.8251392961876833,0.8185897435897436,0.8166997456909335,0.7596307560958617,0.7554325586023107,0.7562197108308774
Euphrasia picta,89,57,0.9658848994143112,0.023747684516932634,0.9032850241545894,0.85,0.7530303030303032,0.7948447204968945,0.7372269929441593,0.7321540044340904,0.706139546727782
Primula glutinosa,79,21,0.9657692307692308,0.03531021535405537,0.9272058823529411,0.8933333333333333,0.8099999999999999,0.8412698412698413,0.8030897643223887,0.7949426260744379,0.7779487179487179
Cytisophyllum sessilifolium,97,69,0.9656047784967645,0.01034795732257785,0.9238961038961039,0.9525641025641025,0.7373626373626373,0.825711808320504,0.7924353203749974,0.7784546572640691,0.7228446350397569
Ranunculus sartorianus,162,110,0.965564738292011,0.007391960256197633,0.9136363636363637,0.8613017197725773,0.7818181818181819,0.8176564948884858,0.764426435064827,0.7614471605522499,0.7393939393939395
Poa minor,49,28,0.9655147058823529,0.009087685327184309,0.883399209486166,0.8142857142857143,0.7533333333333333,0.7654545454545455,0.7037145016517659,0.689818643555757,0.6820098039215685
Alyssoides utriculata,119,55,0.965289256198347,0.023284348880567986,0.8818181818181818,0.9158730158730158,0.5818181818181818,0.7044014447884417,0.6660070583332673,0.6367395871956495,0.5636363636363637
Gentiana gaudiniana,24,21,0.9651282051282053,0.02765667222819245,0.8926470588235293,0.8300000000000001,0.76,0.7766666666666666,0.7193205898636554,0.7073314124991426,0.6958974358974359
Barbarea bracteosa,29,24,0.9645714285714286,0.04508857495903736,0.9278947368421052,0.8766666666666667,0.8400000000000001,0.8484848484848484,0.8098621973478032,0.8017594578176576,0.799047619047619
Cirsium heterophyllum,708,374,0.9645144716144717,0.011687726758428453,0.9184548494983279,0.8847944252606711,0.7753873873873873,0.825313047642604,0.776233523900134,0.7725340531514692,0.7415024667524668
Cyrtomium laetevirens,39,29,0.9642919389978213,0.051262574906525665,0.9137681159420291,0.9,0.7666666666666666,0.816969696969697,0.7740493761760888,0.7615860772367935,0.7320261437908495
Lotus herbaceus,28,23,0.9642857142857142,0.04517539514526257,0.8906432748538012,0.9,0.5900000000000001,0.7055555555555555,0.6696449655730872,0.644406479028037,0.5757142857142858
Celtis australis,453,267,0.9640951496586239,0.008767300674971334,0.9184853670308456,0.8374376482141639,0.83487071977638,0.8329794703542014,0.7817757858010357,0.7793653966311543,0.781175067602467
Pulsatilla halleri,38,27,0.9636764705882352,0.0368575298772248,0.9077922077922078,0.9333333333333332,0.66,0.7695959595959596,0.7340128728928741,0.7150559552405434,0.6482352941176471
Vaccinium gaultherioides,422,245,0.9635985006247395,0.011582669808976745,0.9081632653061223,0.8407843137254902,0.7877551020408162,0.811435994052468,0.7531640335425183,0.750928311626397,0.7360544217687075
Pachypleurum mutellinoides,201,103,0.9635981214273123,0.01991088424260666,0.9003820158683513,0.8096263385737069,0.8152380952380952,0.8070032639738882,0.7451079628287227,0.7406381186212534,0.7441645891566567
Cyperus eragrostis,52,40,0.9635416666666667,0.03326816546389854,0.9125,0.8627777777777779,0.775,0.8077407886231416,0.7603205791657379,0.7523982683982684,0.7333333333333334
Nerium oleander,747,410,0.9631072774142376,0.006563703208088835,0.9152439024390244,0.8435318183351891,0.8121951219512195,0.8264110807970457,0.7716234262234707,0.7704488260648718,0.7617886178861788
Poa supina,110,79,0.9629809397163122,0.014967842759282516,0.8924107142857143,0.8932783882783883,0.6433333333333333,0.742400997303546,0.6954015562623793,0.6777676723010739,0.6180673758865247
Olea europaea,624,429,0.9629787789423683,0.004764569459527532,0.909080276628924,0.8258124022480416,0.8110807113543093,0.8168346693787367,0.7577815555577541,0.7564602277112613,0.7527722626468016
Aquilegia einseleana,74,48,0.9625342090859332,0.028777377345789536,0.8958164642375168,0.8714285714285716,0.7044444444444444,0.7676046176046176,0.7164958709583106,0.7020153173370175,0.6623262178434592
Salix glaucosericea,77,41,0.962050925925926,0.021819713104726322,0.865909090909091,0.7222510822510821,0.7861111111111111,0.7380116959064327,0.6630704124851864,0.6499551700048125,0.6807777777777777
Oxytropis pilosa,59,35,0.961904761904762,0.030300758437170207,0.9,0.95,0.6571428571428571,0.7512820512820513,0.7284807260321522,0.6951139881790036,0.6380952380952382
Myrtus communis,147,107,0.9617030885780885,0.00618188092316674,0.9158960328317374,0.8511695906432749,0.8129870129870129,0.8281650669349501,0.775873462580684,0.7727039572626435,0.7630831668331669
Oxalis articulata,208,151,0.9615157745480328,0.016179807865661987,0.905633608815427,0.846839264379587,0.7748387096774193,0.8056676654131805,0.7476360406416235,0.7436365879683857,0.7240938989326086
Prunus lusitanica,777,473,0.9615046575974908,0.00488303265894815,0.9090924320475772,0.8426602637919818,0.7823516237402015,0.8111506606993807,0.7525008622754374,0.7514263605286808,0.7337277248699482
Erica arborea,97,56,0.9614487117160915,0.01536602353053126,0.9064646464646465,0.9017316017316016,0.7136363636363636,0.7849445865302643,0.7430970203879742,0.727401213815218,0.6838680926916221
Juncus jacquinii,296,167,0.9612852579375586,0.020401530474998316,0.8937829648748739,0.7841447896988253,0.8263814616755794,0.7979404073907449,0.7329068448942084,0.7266716069998689,0.7426586893983516
Oenanthe lachenalii,409,92,0.9611544011544012,0.012950989163308517,0.9213254350240652,0.9595959595959596,0.7198830409356725,0.8163530465949821,0.7855400944241386,0.7685853441875597,0.7089739500265816
Leontodon tenuiflorus,63,39,0.9610054347826086,0.04427680401006757,0.8973790322580646,0.9028571428571428,0.6642857142857143,0.761025641025641,0.714139492398891,0.697845384890426,0.6389233954451347
Saxifraga aphylla,36,26,0.9608333333333334,0.05052502130408039,0.9033333333333333,0.8933333333333333,0.7200000000000001,0.7697402597402597,0.7356237063553885,0.7124178363574118,0.6808333333333334
Centaurea rhaetica,86,53,0.9607606304985337,0.025736709540247812,0.8915836101882613,0.8078571428571429,0.7527272727272727,0.7721303258145363,0.7080715512093345,0.701724511560298,0.690025659824047
Cerastium latifolium,148,79,0.9606497488179668,0.01648334718727113,0.8955853174603174,0.796498599439776,0.7958333333333333,0.7911784511784511,0.7259063061964561,0.7218203065302086,0.7240248226950353
Ziziphus jujuba,197,129,0.9602643510335819,0.018130367150004885,0.9127520537714713,0.8611405261405262,0.7830769230769231,0.8187255864702673,0.7641693431010647,0.7614818885954987,0.7391208791208792
Festuca laevigata,659,239,0.9595453520819213,0.008427084544474954,0.8995582460732985,0.8819287661083326,0.6903368794326241,0.7738825129125118,0.7198214749162413,0.7106742994300548,0.6596356362313809
Lactuca alpina,470,289,0.9594554658544896,0.007973380163822662,0.9013957307060755,0.8390395136778114,0.7507562008469449,0.7916104363472785,0.7298907131632852,0.7273497286657991,0.7023208809346467
Jacobaea abrotanifolia,389,198,0.959422793889394,0.01863799888457399,0.919170448212722,0.8960120913325497,0.7728205128205128,0.8282366709180758,0.7806012823869736,0.7757608871162436,0.7407453098579718
Meum athamanticum,1303,526,0.9593140503819818,0.0018525380913884263,0.9263318629114353,0.9085413841380188,0.7851931716082661,0.8413850011777042,0.7981167598372979,0.7938271811137272,0.7585807544895198
Luzula luzulina,215,177,0.9591167118701946,0.015663148347416302,0.9054240335630805,0.8395792852483293,0.7680952380952382,0.8015061051420513,0.7414515471928368,0.7396463112607279,0.7191797029162574
Ruscus aculeatus,1596,773,0.9588583582455164,0.004887227067633111,0.9007110330368953,0.8062669017630766,0.7943443653121072,0.7999913939219983,0.7342363287421492,0.7339823658482553,0.7305261259436706
Acacia dealbata,338,141,0.9586475624732651,0.01207437722868316,0.9290613147914032,0.895165115854771,0.8152709359605911,0.8507540243008224,0.807928781840813,0.8044943294063163,0.7821056698541485
Erigeron uniflorus,202,123,0.9584892632358386,0.01774254259940312,0.8801278086992372,0.784314201460064,0.749,0.7576329849012777,0.6855523510566695,0.6790637544712288,0.6732502776749353
Carex baldensis,143,80,0.9583333333333333,0.02825250803149067,0.93125,0.9304761904761906,0.7875,0.851814185073362,0.8131282999464242,0.8074599837412049,0.7666666666666667
Parietaria judaica,259,162,0.9581399945170196,0.011861234719480612,0.8873822301729278,0.8167715617715618,0.7159090909090909,0.7610062968794893,0.691846381486209,0.6878451225355072,0.6603652238777424
Linnaea borealis,206,112,0.9580674574118481,0.01892531594396396,0.928589263420724,0.9372514619883041,0.7687747035573123,0.841704260651629,0.8050572885697174,0.7964892677273508,0.7509520521086731
Poa laxa,60,29,0.9580392156862745,0.039695108681175116,0.8960144927536231,0.7857142857142858,0.8333333333333334,0.8023310023310023,0.7383721771717224,0.7323302299018501,0.7522875816993465
Centaurea pseudophrygia,370,143,0.9579069430498744,0.02134750563429426,0.9231426392067125,0.910115729680947,0.7699507389162561,0.8321678321678322,0.7890221884113122,0.7829944274685177,0.7443146240051755
Agrostis schraderiana,150,98,0.9576315789473686,0.024041350898836827,0.905550146056475,0.8376501860712386,0.7852631578947369,0.8076735266042825,0.7483045996585369,0.745345789805152,0.7308505336983605
Alchemilla nitida,122,75,0.9576296296296297,0.02092195963722636,0.8833333333333332,0.8588461538461539,0.6666666666666666,0.7436671786994367,0.683564767704734,0.6698193313259037,0.6222222222222221
Xanthium orientale,32,25,0.9573333333333334,0.052931821976744536,0.93,0.9166666666666667,0.8,0.8429292929292929,0.810579930354252,0.7991758241758242,0.7733333333333333
Laurus nobilis,958,669,0.9572631365619012,0.006348226537269109,0.89387153019947,0.8149969429779256,0.7458422174840086,0.7780183646674611,0.7104030408210247,0.7085448171320483,0.6890488774510064
Oxytropis montana,201,130,0.9571005917159763,0.02086445687038718,0.8903846153846153,0.7567077175697866,0.8230769230769232,0.7872650312650313,0.7158895321001049,0.7136605968398866,0.735897435897436
Ostrya carpinifolia,806,416,0.9570253834615571,0.014180014478873584,0.9128713050399799,0.8421004284547289,0.8028973034997131,0.8217927712466635,0.7647600143149363,0.7641873331349707,0.752429833620195
Gentiana orbicularis,139,88,0.9569974482294128,0.022459007008034115,0.8890543259557345,0.7741503267973856,0.7823529411764707,0.7774694311536416,0.7042511065452826,0.7036302101676103,0.7066635362417827
Sibbaldia procumbens,226,114,0.9569852309371936,0.0137635185036237,0.8881270903010033,0.7757682317682317,0.7806324110671937,0.7768593864607154,0.7034014354261071,0.7023010415087845,0.7045028287995041
Galium laevigatum,57,46,0.956825396825397,0.04049517139765648,0.9232732732732731,0.9083333333333334,0.76,0.8256209150326796,0.7839150993434092,0.7777956616818114,0.738042328042328
Arabis caerulea,72,43,0.9568205128205127,0.010373498322919877,0.8781512605042018,0.7964285714285714,0.7027777777777777,0.7366541353383458,0.6679969878716271,0.6594455745002609,0.6403162393162394
Teucrium fruticans,113,71,0.9567758266097137,0.009647613985291587,0.9118421052631579,0.8356819650937298,0.8171428571428571,0.8240596547604333,0.7673858133809676,0.7654214077410225,0.7605537098560354
Crepis blattarioides,105,74,0.9565733525733526,0.056000719793936254,0.9089265536723165,0.915,0.7,0.7801401107852721,0.7442529575326066,0.7259776890134332,0.6775757575757577
Phytolacca americana,3827,1126,0.9561260405066532,0.008888889996267437,0.9083045998273522,0.831447210411692,0.7957600786627335,0.8128464715091372,0.7527923947731537,0.7521820853973324,0.7415860703348789
Sporobolus indicus,396,169,0.95609254697096,0.011502217370059412,0.8905228758169935,0.819374031896718,0.7274509803921568,0.7674686379928316,0.7010117920370392,0.6964618603560773,0.6723160551349253
Asparagus tenuifolius,24,21,0.9560897435897436,0.03204487115371791,0.7992647058823529,0.7,0.29,0.3885714285714286,0.351950929284879,0.3062049062049062,0.257948717948718
Salix serpillifolia,149,88,0.9559205346386257,0.012371838816619796,0.8694164989939639,0.751062091503268,0.7169934640522875,0.7332807062218827,0.6474798429227979,0.6469143623234354,0.6373853363309523
Luzula lutea,354,225,0.9558189300411524,0.013797970364548832,0.9033333333333333,0.7956138621992281,0.831111111111111,0.8096814103024425,0.7483462755969675,0.7451302583574824,0.7585185185185186
Arabidopsis halleri,102,82,0.9557929171668667,0.035544971279710166,0.8657342657342657,0.8091441891441891,0.5970588235294118,0.6850535416052658,0.615269314081956,0.603062080737284,0.5522424969987995
Veronica bellidioides,384,201,0.9557917758516428,0.012938480796657293,0.8880434782608695,0.7778119028119027,0.7810975609756097,0.7782960837612001,0.704429031899333,0.7034929279931997,0.7047201505072903
Trachycarpus fortunei,6711,966,0.9556347825235495,0.006380096726576009,0.8990706419374082,0.8461010943130294,0.7287858554564393,0.7829389809193694,0.7211666313683994,0.7176829082728474,0.6846193376790587
Gentiana bavarica,1156,614,0.9556163401259032,0.006783596939933602,0.8982158528306261,0.7851881883132844,0.8192589630814341,0.800731163931147,0.7337607644472788,0.7325150246275438,0.7438023824286711
Alchemilla saxatilis,41,26,0.9555,0.028114843845279385,0.8842857142857141,0.7385714285714287,0.8533333333333333,0.7787878787878788,0.7170909234767606,0.7021399652978599,0.7516666666666667
Pedicularis rostratospicata,66,44,0.9553102247546692,0.014688320384003792,0.8803174603174604,0.7603030303030303,0.7694444444444444,0.7587704555506414,0.684199402848882,0.6794125848407555,0.6856837606837607
Salvinia molesta,125,23,0.955054945054945,0.03206908976781861,0.8807017543859649,0.9199999999999999,0.6,0.700952380952381,0.6696936100728397,0.6329229754470231,0.5703296703296703
Viburnum tinus,1476,884,0.9549490246917657,0.008750983004225242,0.8984728981372714,0.8149807260833131,0.77032614278377,0.791488742001833,0.7254045354393275,0.7244895135341116,0.7114994363203511
Festuca violacea,331,151,0.954937492614912,0.004533421157930936,0.8790909090909091,0.7777121325508423,0.721505376344086,0.7481452518950323,0.6698923316895344,0.6687964654174513,0.6530316278703376
Androsace helvetica,236,129,0.9547401828940292,0.01956874446039984,0.8992905153099329,0.777748831628142,0.8372307692307693,0.804244817762059,0.7395447347226065,0.7366948060098129,0.7572440892440893
Laserpitium halleri,377,269,0.9543680547149288,0.008329920262746163,0.9052067183462533,0.8392454005575385,0.7694619147449335,0.8013204890096354,0.7417070556133223,0.739346899849078,0.7198644912344666
Arenaria biflora,168,79,0.9543609633569741,0.04085766127706129,0.8985615079365079,0.7891705198825942,0.8474999999999999,0.8128958760537708,0.7486329696058993,0.7442310827333269,0.762836879432624
Cerastium pedunculatum,50,20,0.9541666666666668,0.03333333333333329,0.85,0.7266666666666667,0.65,0.652063492063492,0.5873653111085197,0.5629970029970031,0.5666666666666667
Astragalus onobrychis,235,94,0.954066452681411,0.029378389481649725,0.896140350877193,0.8843697478991596,0.6807017543859648,0.7621734587251829,0.7121382320904489,0.698029960050947,0.6488095238095237
Chamaecytisus purpureus,89,52,0.9540395894428153,0.030450069349155732,0.9087108013937282,0.8973737373737374,0.7363636363636362,0.7749008885850991,0.747646765080267,0.725481911473899,0.7043071847507332
Androsace obtusifolia,195,108,0.9539849733599735,0.029768976595552443,0.879417268110131,0.7493461538461539,0.774891774891775,0.7566485343543624,0.6813095897054843,0.6771274888649874,0.688593697968698
Colchicum bulbocodium,231,105,0.9537414965986393,0.011752557354846148,0.9142857142857143,0.9312280701754387,0.7142857142857142,0.8040522875816993,0.7645489393431555,0.750848955473632,0.6952380952380952
Anthoxanthum nipponicum,176,105,0.9535903250188962,0.014777746829750513,0.8857142857142858,0.7709104474741842,0.7714285714285715,0.7676439121519214,0.6949980848482212,0.692195550161403,0.6952380952380952
Cirsium alsophilum,90,68,0.9534742696328063,0.0208790703448856,0.8789225589225589,0.7771894771894772,0.7230769230769231,0.7468490028490028,0.6702090349829332,0.6677783204770419,0.6545403377110695
Schlagintweitia intybacea,349,237,0.9532533836905277,0.011978989627295393,0.8934280144806461,0.7836459995479526,0.7972517730496455,0.7891909972354721,0.7189947918457065,0.7179666501530968,0.7226629815594453
Omalotheca hoppeana,37,32,0.9531829573934838,0.03303231523314323,0.8904615384615384,0.7961904761904762,0.7857142857142857,0.7772494172494172,0.7174620965344843,0.7061301579780974,0.7125563909774437
Phyteuma hedraianthifolium,55,39,0.9530408902691512,0.02898528772839088,0.8973790322580646,0.8226190476190476,0.7392857142857142,0.7780769230769231,0.7137630433513891,0.7115693151364055,0.6881987577639752
Valeriana saxatilis,96,67,0.9530360493165372,0.021638536176648855,0.9106918238993711,0.8516550116550118,0.776923076923077,0.8098744473916888,0.7553453598970284,0.7520169381694093,0.7321669793621013
Oreojuncus trifidus,287,159,0.9528493518322014,0.024523782381162623,0.8852362204724409,0.7539686457333517,0.8108870967741936,0.7802702546886067,0.7046645616299771,0.7029051636671604,0.7207335880022636
Alchemilla pentaphyllea,170,87,0.9526184106927726,0.01888207559842332,0.8879917184265012,0.7500874125874126,0.86078431372549,0.7956643356643356,0.7283999007510684,0.7196948418117859,0.7571558667008167
Laserpitium peucedanoides,35,29,0.9525925925925925,0.03219468641277694,0.8623188405797102,0.8083333333333332,0.6466666666666667,0.6922943722943723,0.6289887826332677,0.6068897434919466,0.5773856209150326
Alpagrostis alpina,86,61,0.9520068145068145,0.029164202851719268,0.8891156462585034,0.7859848484848484,0.8025641025641026,0.7889368447089586,0.7186080072668872,0.7141604540447337,0.7201316701316702
Erythronium dens-canis,1793,650,0.9518777120315584,0.006680871390517611,0.9096153846153847,0.8388750432215337,0.7907692307692307,0.8138564575324605,0.7550352850365322,0.7542597146866159,0.74
Aucuba japonica,47,30,0.951851851851852,0.040740740740740716,0.875,0.8028571428571428,0.6666666666666667,0.714856254856255,0.6511375315026737,0.6384760921912624,0.611111111111111
Morus nigra,49,38,0.9517151326933935,0.03801091298298069,0.9275268817204301,0.8539682539682539,0.8607142857142858,0.8507002801120448,0.808172627975741,0.8029411273169954,0.8081451157538113
Salix waldsteiniana,43,31,0.9516569200779728,0.013056063976327777,0.8789999999999999,0.8,0.742857142857143,0.7351648351648351,0.6819234640994913,0.660853110394495,0.6668337510442773
Malaxis monophyllos,100,43,0.9514102564102563,0.028907847923377243,0.8776470588235293,0.8565656565656565,0.6722222222222222,0.7343503555268261,0.6789908408656757,0.6573660635809223,0.6183760683760684
Saxifraga aspera,152,115,0.9513547574039067,0.017649652309340375,0.8782608695652174,0.8120766488413548,0.6869565217391305,0.7397840199275133,0.668389152892719,0.6611301959689057,0.6289855072463768
Festuca quadriflora,245,94,0.9512692550088673,0.01648283145736654,0.8776140350877194,0.7705493371437644,0.7660818713450293,0.7577498093058732,0.6853221784761544,0.6767524985334002,0.6806182121971596
Sorghum bicolor,80,56,0.9512207637876087,0.028841189642014976,0.9106060606060605,0.8444444444444444,0.8196969696969696,0.8186993682645856,0.7703811699928383,0.7600994215030878,0.7596256684491978
Carex ferruginea,540,256,0.9511950243784154,0.007219329469590551,0.8984361549497848,0.8672291235334713,0.7067119155354449,0.7756103062108904,0.7194576950330316,0.7111053699997767,0.6689816719228483
Blitum virgatum,34,26,0.9511111111111111,0.05066989512131377,0.8947619047619048,0.95,0.6200000000000001,0.7444444444444444,0.7110233440440845,0.6827727414280566,0.6075000000000002
Astragalus exscapus,97,49,0.9510140485312899,0.031016359539132805,0.8982051282051284,0.9158730158730158,0.6533333333333333,0.75453216374269,0.7145498769736219,0.6941358163792463,0.6331034482758621
Escallonia rubra,41,33,0.950952380952381,0.0571101096641421,0.9247863247863248,0.8777777777777779,0.8476190476190476,0.8581002331002331,0.8109346789438392,0.8073030232230863,0.7976190476190477
Pedicularis ascendens,150,105,0.9508692365835223,0.01102620258733817,0.8833333333333334,0.7730610807956346,0.7714285714285715,0.7656157317859447,0.6936764374313362,0.6886624059592643,0.692063492063492
Festuca scabriculmis,25,24,0.9508571428571428,0.04581576039123171,0.8636842105263158,0.8222222222222222,0.76,0.7463092463092462,0.6964051777220164,0.6617569118086226,0.6647619047619047
Bidens vulgata,25,22,0.9506043956043957,0.024277011020686582,0.8633986928104574,0.7766666666666666,0.63,0.6885714285714286,0.6132224173484813,0.6028221005001192,0.5695604395604397
Rubia peregrina,181,82,0.9505249099639854,0.020626517080034837,0.8873659673659674,0.899467787114846,0.6205882352941177,0.7224928618790512,0.6815346664392481,0.6572183647612145,0.5961800720288115
Ranunculus kuepferi,418,284,0.950346859581013,0.009799672290062327,0.8890833912976273,0.795115261415571,0.749498746867168,0.769710988764552,0.6988561807616551,0.6969569107706484,0.6849579831932774
Roaldia revoluta,51,26,0.9503333333333334,0.03549882627167647,0.9423809523809524,0.8916666666666668,0.9266666666666667,0.8952602952602952,0.8692803994875538,0.8570207903177632,0.8766666666666667
Cedrus deodara,556,375,0.95008,0.00834294609355058,0.8993333333333332,0.8269986444874291,0.7573333333333334,0.7897418129342443,0.7256720931055507,0.7237914800660754,0.704
Jacobaea incana,677,303,0.9498406323019128,0.02165406675979557,0.8993334013536034,0.8041053351527021,0.8020218579234972,0.7999900309136263,0.7355407520405732,0.7329836915889613,0.7337503504254705
Campanula spicata,277,161,0.9494049507640842,0.017364027297274612,0.8959665697674419,0.8486016483516483,0.7140151515151516,0.7742212294662385,0.7127017612186578,0.7073455404520639,0.6705014058106842
Daphne striata,694,410,0.949296053936149,0.009303929936393703,0.8884146341463415,0.7914894104499302,0.7536585365853659,0.7708941352007815,0.6986005440917296,0.6973130520364255,0.6869918699186991
Arbutus unedo,282,168,0.9491896366107199,0.016617480066555314,0.8898618021006082,0.7829965287550426,0.7795008912655972,0.7803758771713118,0.7076424846426086,0.7069374087358185,0.7060751486913398
Persicaria capitata,41,27,0.9488480392156863,0.04631209009083176,0.8701298701298702,0.9,0.54,0.6473737373737374,0.6184995966677532,0.5797237273730996,0.516470588235294
Achillea erba-rotta,519,264,0.9487776168986205,0.019338841729838747,0.8825628185638916,0.7494190658937541,0.8028301886792452,0.773019012255212,0.6967316194810043,0.6941344671107366,0.7119775495581562
Galium megalospermum,65,46,0.9486713697824809,0.03238030129855193,0.8644144144144145,0.7628787878787879,0.72,0.7310216718266253,0.6491044340743642,0.6413001088841195,0.6332275132275133
Gentianella ramosa,360,233,0.9486592531181873,0.01851437964789933,0.8873497786211259,0.7991029082815738,0.7379278445883442,0.7658359168971026,0.6939551268909419,0.6919241250481296,0.6749679268082824
Pulsatilla montana,148,60,0.9486111111111111,0.03713528635213977,0.8875,0.9444444444444444,0.5833333333333333,0.7156223893065998,0.6840681423498507,0.6518475073313782,0.5722222222222222
Doronicum grandiflorum,771,393,0.9485398636384865,0.007998549353926085,0.8873885350318472,0.7624209610784953,0.8090879584550471,0.7821356234305638,0.7096544765654264,0.7065986715985293,0.7225679440302364
Pedicularis kerneri,452,192,0.9485123227859755,0.01673558876825664,0.8932178932178931,0.7874836601307189,0.7860998650472335,0.7858334153692803,0.7155347037501784,0.7147630378512402,0.7148854722436353
Iris orientalis,29,26,0.9484999999999999,0.048826222462934776,0.8838095238095237,0.8799999999999999,0.6533333333333334,0.7320634920634921,0.6838468973753342,0.6615809635931974,0.6141666666666666
Kalmia procumbens,1238,509,0.9484973972466735,0.019021921994101573,0.9002962855904032,0.7862640556084091,0.8250242671325957,0.8050960140830007,0.7386221721669195,0.7381631844606042,0.7503751725220738
Cupressus sempervirens,139,116,0.9484634080475292,0.016454871784718775,0.8750350631136043,0.8058762290341239,0.6710144927536231,0.7260111939181707,0.6551939327160488,0.6464094023738843,0.6134989648033127
Solanum chenopodioides,60,49,0.9484623243933589,0.05178958166929377,0.8876923076923078,0.8276923076923077,0.7577777777777779,0.7795719477722439,0.7152799961032541,0.7052676074775469,0.6897318007662834
Omalotheca supina,231,99,0.948394885518882,0.03200461370947418,0.896518987341772,0.761399209486166,0.86,0.8065079365079365,0.7399403803711303,0.7363611942442435,0.7690395480225989
Saxifraga androsacea,248,143,0.9483442952160817,0.010391496475994667,0.8880549199084667,0.7988380095666452,0.7487684729064039,0.770562642976436,0.6993147968486981,0.6967922198426664,0.683488035149906
Gnaphalium norvegicum,141,95,0.9482917820867959,0.01687503867266577,0.8842105263157896,0.8471153846153847,0.6631578947368422,0.7398119317474157,0.6780698832833213,0.6671067538126362,0.6210526315789473
Jasminum nudiflorum,340,241,0.9482404190124326,0.010364614850309792,0.9097582037996546,0.9147899936135231,0.7054421768707483,0.7960119746346432,0.7500293220112352,0.7393712019197498,0.6833061615450777
Festuca ambigua,48,26,0.9482222222222223,0.05681071017091278,0.9138095238095237,0.8333333333333334,0.8266666666666665,0.8214141414141414,0.7727763706810038,0.766750208855472,0.775
Anacamptis palustris,167,49,0.948153256704981,0.028595031762830736,0.9441025641025641,0.975,0.7955555555555555,0.8742088063295494,0.8475105654076923,0.8389824812163361,0.7888888888888889
Trifolium spadiceum,76,54,0.9479407713498624,0.03311085089424976,0.9303382663847779,0.9800000000000001,0.7436363636363635,0.831031746031746,0.8114699946514703,0.7907002934584855,0.7375757575757576
Sagina glabra,41,32,0.947781954887218,0.05474449004196529,0.868,0.740952380952381,0.7571428571428571,0.73992673992674,0.6600251036708249,0.6532268016272327,0.6645112781954887
Saxifraga biflora,142,49,0.9477420178799489,0.025891442127853874,0.897948717948718,0.843916083916084,0.7777777777777778,0.791227621483376,0.7399253527429468,0.7250938239896925,0.7163984674329502
Quercus ilex,261,159,0.947376622630164,0.01605237331838319,0.8836491141732283,0.8151746031746032,0.6977822580645161,0.7455829075391568,0.6792822580679385,0.6714330471835416,0.6431989247311828
Melampyrum catalaunicum,85,45,0.9473251028806583,0.03437137945320345,0.888888888888889,0.845,0.6888888888888889,0.7367128227809342,0.6901652213602655,0.6712939234678365,0.6444444444444443
Saxifraga exarata,505,214,0.9473236283877171,0.022056429723990356,0.8925404596763226,0.7948586004017135,0.7712070874861572,0.7809287571312888,0.7115645348884292,0.70995417731219,0.7042133859357695
Veronica fruticulosa,133,88,0.9473111547473367,0.01926064168230533,0.8893360160965795,0.8595085470085471,0.6849673202614379,0.7488906743555701,0.6968653889477988,0.6810246164944797,0.6433127484181869
Cirsium spinosissimum,3137,1258,0.9472871090375676,0.005223144758823217,0.8851332916108119,0.7727860137414673,0.7678713716562322,0.7699094936297902,0.6937393121257825,0.6934064083518987,0.6920925672224837
Saxifraga bryoides,988,326,0.9472107794525376,0.014092891965495105,0.8910816386678455,0.7832143312197627,0.7912820512820512,0.7856338480021604,0.7140491299455383,0.712754669930425,0.7155939298796441
Wisteria sinensis,29,29,0.9471895424836602,0.06832663608119198,0.9394927536231885,0.8880952380952382,0.8533333333333333,0.8664335664335665,0.8307737129448954,0.8273804017752525,0.8193464052287581
Mutellina adonidifolia,600,330,0.9471763085399448,0.018705585778194686,0.8939393939393939,0.7950947197913992,0.7787878787878789,0.7860052427296953,0.7163296793959911,0.7155860564376331,0.711111111111111
Knautia drymeia,88,65,0.9471400394477317,0.0244257602846749,0.9,0.8733333333333334,0.7076923076923077,0.7792885375494072,0.7240764396007864,0.7156892230576442,0.6717948717948719
Carex sempervirens,1412,531,0.947056374951875,0.007257511568595602,0.8940788013318535,0.8547726892990051,0.6950802327631811,0.7646508019350662,0.7050800900645376,0.6975583684371628,0.6555344824822325
Sporobolus vaginiflorus,46,32,0.9470551378446114,0.048889046636615634,0.9058461538461537,0.888888888888889,0.7428571428571428,0.7950000000000002,0.7509315459578059,0.734881871908664,0.7007518796992481
Diphasiastrum alpinum,562,223,0.9467303548332614,0.00607752322014245,0.8890465130876907,0.7798598112716357,0.788989898989899,0.7813820382763733,0.7097780749657675,0.7072938227223471,0.7112994040959476
Salix retusa,578,301,0.9466702543046625,0.009971344925765239,0.8754287690179806,0.7497481849094753,0.7508743169398906,0.7496747967479674,0.6673145103869959,0.6668252976666431,0.66781722670048
Empetrum nigrum,547,358,0.9465690378597019,0.017384288186258878,0.8896664311298459,0.8079914712153518,0.7400625978090767,0.7688134841011081,0.7006733041230937,0.6968965173296231,0.6795322783133149
Iris foetidissima,278,201,0.9465293203655177,0.013786962701905386,0.878105590062112,0.8076972489875717,0.6769512195121951,0.73386573963587,0.6621273822670674,0.655955603747244,0.6221716051871262
Orchis simia,430,280,0.9464498299319727,0.009789396552889783,0.8991071428571429,0.8482613562016403,0.7285714285714285,0.7823919476475826,0.7219196327260674,0.717350346915435,0.6845238095238095
Rhodiola rosea,132,89,0.9462885317183012,0.023161451135663248,0.8877151799687011,0.7521386800334169,0.8196078431372549,0.7836682836682837,0.7099653603979686,0.7081131908605716,0.729880379824886
Senecio rupestris,79,58,0.9462783295136237,0.028529649483409317,0.8748381128584644,0.9222222222222222,0.5484848484848485,0.6807422969187675,0.6457222784043746,0.6101228238444885,0.5313419913419913
Rhytidiadelphus loreus,835,593,0.9462309845495728,0.004546738393164238,0.8916571174772375,0.8440519326314069,0.6981626548924653,0.7613356110916862,0.6995303024930897,0.6924064673800718,0.6543091970668601
Androsace chamaejasme,361,246,0.9461928100528685,0.019475624895592913,0.8831192375427328,0.7770214848045037,0.7522448979591837,0.7627174382495383,0.6868536690177478,0.6853630305214506,0.679060489060489
Erysimum cheiri,86,43,0.9461196581196581,0.03795262935105399,0.9243697478991597,0.9277777777777778,0.775,0.8174836601307189,0.7949892796899831,0.7755757322003705,0.751923076923077
Carex foetida,151,74,0.945868205868206,0.01804796490802074,0.8818079096045197,0.7401050420168067,0.8247619047619047,0.7774527252502781,0.7018995552187837,0.6975514332536012,0.7256709956709957
Cirsium pannonicum,29,20,0.9458333333333332,0.087994633674762,0.9125,0.8699999999999999,0.8,0.8103174603174603,0.7732136617735677,0.7554312354312354,0.7499999999999999
Plantago alpina,893,556,0.9458124430814188,0.003285685381284825,0.8862425346695009,0.7820771183052968,0.7553732303732303,0.7684444806424129,0.693298895859719,0.693078457538103,0.6852270362749404
Oxytropis campestris,412,263,0.9457494014217966,0.018107243335015816,0.8821259309410967,0.795592710529397,0.7228592162554426,0.7542273600538802,0.6810371342213191,0.6772496587166945,0.6582377537060594
Veronica alpina,682,298,0.9457259218515441,0.01826119106652621,0.8850813965753666,0.7540140742145445,0.8052542372881357,0.7783331206305473,0.7020062563253411,0.7009403610660001,0.716917033095053
Chamorchis alpina,172,100,0.9456666666666667,0.020264912204760892,0.9075,0.780992920123355,0.8800000000000001,0.8262605266526448,0.7673907582294108,0.763647809972506,0.7966666666666666
Lonicera pileata,3496,1220,0.9455589895189466,0.0021675492017797188,0.8827868852459015,0.7993371601648394,0.7090163934426229,0.7514014552315322,0.6772137909310036,0.6750888297240104,0.6497267759562841
Alchemilla fissa,112,83,0.9454882953181272,0.026042438476611026,0.8643600180913614,0.7858617852735501,0.6625,0.7088522288522289,0.6330060218319054,0.6220728505508287,0.5939285714285714
Pulsatilla vernalis,474,326,0.9454872575531915,0.008609484947023231,0.8819098143236076,0.7596767001114827,0.7730069930069929,0.7661251286797972,0.6873341738213512,0.6871606200386594,0.6912068883497454
Dryopteris villarii,168,108,0.9454451798201798,0.027894378767836982,0.8935846030473135,0.8146357742181541,0.7593073593073593,0.7820622872132612,0.715769789061312,0.7120132617965732,0.6977208208458208
Jacobaea uniflora,166,54,0.9453753443526172,0.03475460158038193,0.9027484143763213,0.8513419913419913,0.7363636363636364,0.78131479205648,0.7288245329087963,0.7199907687499243,0.6929924242424242
Poa cenisia,82,56,0.9453600172851511,0.021245483306594946,0.8838383838383838,0.7870979020979021,0.7530303030303032,0.7625390551477508,0.692173072973848,0.686594318469799,0.6815508021390375
Phyteuma hemisphaericum,1076,555,0.945323702080459,0.016201288527737584,0.882882882882883,0.7490987559312726,0.8,0.7730507691080774,0.6955365405538529,0.6942968387775214,0.7105105105105105
Luzula alpinopilosa,331,178,0.9453152071385187,0.021093054018074948,0.8890475721461637,0.7575310559006212,0.8198412698412698,0.7844247634869095,0.7137804486263969,0.7100384058184345,0.7317968332339695
Gagea serotina,172,110,0.9450413223140496,0.028573881351769723,0.884090909090909,0.7714285714285715,0.7818181818181819,0.7733899561846983,0.6985463042403653,0.6958986928104576,0.7
Capsella grandiflora,72,53,0.9448863636363637,0.07435500894608175,0.9197120708748615,0.8971428571428571,0.7672727272727273,0.8118730158730159,0.7771933445010013,0.7632883869615201,0.7360227272727273
Broussonetia papyrifera,256,126,0.944872874493927,0.01018084266052839,0.8967920792079209,0.8203295306270135,0.7535384615384616,0.7826535513899795,0.7186011129596537,0.7154172849701139,0.6979595141700405
Cirsium erisithales,629,287,0.9447057523798928,0.006841172174144824,0.8937459654452249,0.8480243161094224,0.7007259528130672,0.7672817748289447,0.7046663162569946,0.6992776196246997,0.6588923730308384
Androsace alpina,434,137,0.9445870979076976,0.02512150577645927,0.8777314428690575,0.764242656449553,0.738095238095238,0.7499933001597819,0.6701233837436152,0.6692350923223016,0.6626030253417854
Rumex alpinus,3631,1786,0.9445375600632065,0.005784496820583363,0.8909586927843216,0.8145926985533827,0.7301269110996353,0.7698525324523111,0.7006476929617123,0.6987096894373257,0.6746971272457953
Alchemilla alpigena,750,265,0.944487955381512,0.008782388586532791,0.8933962264150942,0.8261986034747044,0.7283018867924528,0.7733425246795667,0.7070730500949686,0.7040952503974587,0.6767295597484276
Leucanthemopsis alpina,1408,554,0.9443959797102096,0.006330835099386382,0.8817664165293962,0.7523567523114482,0.7887141687141688,0.7692894195580189,0.6909701297051316,0.6899432982566263,0.701455223021488
Nassella tenuissima,183,114,0.9442485569584423,0.024875902383747775,0.8882465360726229,0.7944377990430622,0.7624505928853754,0.7704684475416181,0.7040160926216725,0.6973139145003012,0.6922459893048127
Calamagrostis pseudophragmites,34,23,0.9442307692307692,0.05223133682755843,0.8912280701754385,0.9099999999999999,0.6599999999999999,0.7457142857142858,0.7076918867071947,0.6819525793614692,0.6314285714285715
Bellidiastrum michelii,891,451,0.9441635133730255,0.013543326425838536,0.8924576792859341,0.8290084258182002,0.7206105006105006,0.7703735367737938,0.7040245405738921,0.7006240337863344,0.6703303311421391
Pinguicula leptoceras,374,254,0.9440232501669399,0.01082934840369596,0.8818844779291026,0.7671308900769748,0.763450980392157,0.7628444161335913,0.6862956766351542,0.6843949627926695,0.6846670106639147
Carex myosuroides,122,78,0.9439176688251619,0.009023542208451042,0.8717869943676396,0.7256527347781218,0.7808333333333334,0.7516324535679375,0.666724257657748,0.6653584907842455,0.6825909651557199
Saxifraga seguieri,98,46,0.9438977072310406,0.0714304091038891,0.8803303303303303,0.7977777777777778,0.7377777777777778,0.763235294117647,0.6870047038548138,0.6834660858494066,0.6652910052910053
Astragalus frigidus,199,132,0.9438961917126474,0.015217974017501862,0.8864330637915543,0.7552950368133905,0.8182336182336183,0.7818138238471805,0.7098158070120588,0.705564866921903,0.7274108334234917
Punica granatum,795,475,0.9438227146814405,0.0050019652729246964,0.8873684210526316,0.7985805401810104,0.7347368421052631,0.7652627776924568,0.6924358850375277,0.6913496053087405,0.6729824561403509
Pedicularis tuberosa,471,323,0.9437382857280798,0.008833896739210492,0.8792463559905419,0.7908152423002275,0.7059615384615385,0.7453216582395529,0.6688934489425559,0.6665518413774526,0.6430054997883907
Campanula cenisia,251,83,0.9437148859543818,0.022416670016185657,0.9066485753052917,0.8859848484848485,0.7227941176470589,0.7886784511784513,0.7415555313989369,0.7305933365439816,0.6906308523409364
Astragalus penduliflorus,261,168,0.9434885194401792,0.007539570753916415,0.8853952459922608,0.7836159918512859,0.7493761140819964,0.7636553540613363,0.6903546470298846,0.6883200878832442,0.679930569527541
Gentiana punctata,2393,930,0.9433113654757775,0.0074115144390697425,0.893010752688172,0.7891471655284155,0.7806451612903226,0.7846583302484099,0.7136928114008669,0.7135040918894543,0.711111111111111
Cerastium uniflorum,143,65,0.9431952662721894,0.039099050708840594,0.873076923076923,0.8319413919413918,0.6461538461538462,0.6986715506715507,0.6488122787576639,0.6240169978130142,0.5948717948717949
Salix foetida,157,101,0.9430839188134271,0.02745257450789525,0.8887037037037038,0.8179471964224285,0.7223809523809523,0.7661972498814605,0.6965773762501548,0.6934758961358258,0.6664246682279469
Valeriana supina,48,24,0.9429523809523811,0.03822644073118834,0.8647368421052632,0.8666666666666666,0.6100000000000001,0.6709090909090909,0.6316091367620353,0.592865286192859,0.5547619047619048
Rhododendron hirsutum,1637,705,0.9429371426655265,0.004552096947354992,0.8822695035460992,0.8039408151909523,0.700709219858156,0.7485559764557983,0.6750507689322196,0.6721789485465645,0.6434988179669031
Tortula lindbergii,49,33,0.9427443609022557,0.04003284591846998,0.8712250712250713,0.95,0.5190476190476191,0.6563636363636364,0.6365219862482002,0.5889474348030276,0.5085213032581454
Sempervivum montanum,1657,940,0.9427022031084956,0.007710404934211129,0.886436170212766,0.781324477185596,0.7585106382978724,0.7692118263036963,0.6945152915427555,0.6939722821697007,0.6875886524822696
Horminum pyrenaicum,299,165,0.9426997245179063,0.020155961259531202,0.8893939393939393,0.8153765280058384,0.7212121212121212,0.7647290520162017,0.6955758314459426,0.692857311800926,0.6666666666666666
Himantoglossum robertianum,51,39,0.9426112836438924,0.03451749416878952,0.8911290322580646,0.858095238095238,0.6892857142857143,0.7473015873015872,0.6990010337043191,0.680661016612114,0.6461697722567288
Doronicum clusii,206,90,0.9425925925925925,0.014540789912802244,0.8583333333333332,0.7408620365142105,0.7,0.7071585689331694,0.624844387030835,0.6152841582258326,0.6111111111111109
Erigeron karvinskianus,2039,613,0.9424991149533947,0.00799055669222928,0.882961054075398,0.7960023034669873,0.7178595228575236,0.7535675642084774,0.6797394974258976,0.6772401457164644,0.6558733837744766
Achillea nana,445,162,0.9423375149028684,0.015392941722292738,0.8780560524746571,0.7859096821277021,0.703219696969697,0.7417862986632089,0.6644472925307566,0.6623442049041218,0.639470485945081
Ranunculus alpestris,938,526,0.9423244126937191,0.010436845091278507,0.8797590770274857,0.7659336208211707,0.7566217430368374,0.7592823283200831,0.6808715738714151,0.6793178522783359,0.6774133845879726
Hypericum richeri,300,130,0.9423076923076923,0.02295734287048878,0.875,0.7764416212946159,0.7153846153846153,0.7411717171717171,0.6627590424352325,0.6592031603645145,0.6435897435897436
Senecio doronicum,840,501,0.9422490593511178,0.013626124847259048,0.8832319201995013,0.7610159125156213,0.7785148514851484,0.7692450671065021,0.6915685184493318,0.6911385507856961,0.696663245726566
Salix reticulata,613,355,0.9421411095682075,0.008648915790117003,0.8823943661971831,0.7420793575973168,0.8140845070422535,0.7757957208103969,0.6982885825087604,0.6963854334667845,0.7192488262910798
Alchemilla coriacea,116,87,0.941951013593633,0.015317151957519046,0.879296066252588,0.8754578754578756,0.6084967320261437,0.7145914976754798,0.6603069631683959,0.6413755256549976,0.577727501256913
Jacobaea alpina,1673,875,0.9419189115646258,0.004503179031443862,0.8837142857142857,0.8095491940677073,0.6994285714285715,0.7503262857311986,0.6782427250575511,0.6750789293334793,0.6445714285714285
Noccaea rotundifolia,397,206,0.9418793613023239,0.015005663244077271,0.8944345898004433,0.7926479485725089,0.7866434378629501,0.7882231442639837,0.7191811650278239,0.7180340789662698,0.7171312427409988
Arabis soyeri,83,70,0.9418367346938776,0.021710167887391774,0.8821428571428571,0.770989010989011,0.7571428571428572,0.762585434999228,0.6854864497941557,0.6843319017907786,0.680952380952381
Imperatoria ostruthium,959,623,0.9417113242913386,0.00925237082814586,0.8876387312778167,0.8003807795678279,0.7351225806451613,0.7657485238793599,0.6936184073254527,0.6920668362524076,0.6735822443058973
Ecballium elaterium,31,20,0.9416666666666667,0.05803495115493385,0.925,0.95,0.75,0.8261904761904761,0.7970841852100662,0.7806060606060606,0.7333333333333333
Primula integrifolia,326,212,0.9416663464850323,0.007954229004882686,0.9021092934215107,0.8260434484214972,0.7730897009966777,0.7955151515151515,0.734622381320437,0.7315190043558987,0.7180208033588825
Trifolium alpinum,3460,1486,0.9416026089999197,0.005242581445484862,0.8810560043949446,0.7749650060639717,0.7389261744966443,0.7560504075101718,0.6782057215504134,0.6775167771856101,0.6673713134798999
Physoplexis comosa,77,35,0.9414965986394558,0.047832369608835225,0.9,0.8872727272727273,0.7428571428571429,0.7856254856254856,0.7458348645672684,0.7230175438596491,0.6952380952380952
Cistus salviifolius,76,44,0.9413659385881609,0.030647697254816676,0.8347619047619046,0.7547619047619047,0.49722222222222223,0.5946886446886447,0.517258678335046,0.4979085592538521,0.44423076923076915
Mercurialis annua,563,426,0.9413200817775811,0.006424162505351956,0.8761600828014491,0.7815965147072481,0.6995348837209303,0.737250779069275,0.6591901885658429,0.6567231709105211,0.6345930945052439
Sedum alpestre,348,199,0.9412929505135388,0.0276433047069782,0.8794496855345912,0.7549034358244885,0.7638461538461538,0.7576463620767419,0.6790297979087068,0.6775436393333847,0.6817873303167421
Sorghum halepense,1846,716,0.941190431362004,0.005207479814663409,0.8823270969867828,0.7935352392180863,0.7150835275835277,0.7518860519308452,0.6769281836220759,0.6750944413568595,0.6531677689235829
Primula latifolia,96,64,0.9411796255925811,0.022632990194513706,0.8946455505279035,0.7789285714285714,0.8102564102564104,0.7903850325919292,0.7237265797159642,0.7202886126345535,0.7322537112010796
Prunus serotina,1386,376,0.9410686166744293,0.014298443006135496,0.8902945736434107,0.8235674621272446,0.7154035087719297,0.7654706106926273,0.6974289390855384,0.6943300209481938,0.6639974124100814
Cardamine kitaibelii,63,46,0.9409112286890065,0.03890731616901933,0.8857357357357358,0.8816666666666666,0.6488888888888888,0.7231854145166838,0.6821435169472868,0.6570526071897671,0.6129100529100528
Trommsdorffia uniflora,387,256,0.9408322102093729,0.0162092260083534,0.8906408417025347,0.8356692392219358,0.7030920060331824,0.7616271531928561,0.6972381833822096,0.6915627886988396,0.656202947379418
Ononis rotundifolia,231,129,0.9408202566664106,0.020969552814540614,0.8953136669156088,0.9005797101449275,0.6599999999999999,0.7570437413170896,0.7094547252710556,0.6929141876319116,0.6341258741258742
Descurainia tanacetifolia,52,34,0.9407709750566895,0.03223191500097485,0.8455026455026455,0.7857142857142858,0.5857142857142857,0.6511688311688312,0.5781243325129054,0.5558052930715855,0.5171428571428571
Euphorbia variabilis,34,24,0.9407619047619049,0.06867294073443814,0.8963157894736842,0.8666666666666668,0.75,0.7661038961038961,0.7327930910608419,0.7051593088069621,0.6957142857142857
Festuca altissima,1148,602,0.940724772851963,0.009602431524230407,0.8949344812415351,0.8479879994139278,0.7126308539944904,0.7727733333957489,0.7108782530754231,0.7051498259637169,0.6683462547382807
Lagarosiphon major,256,48,0.940719759168035,0.054645102356582896,0.9114709851551958,0.8464935064935064,0.7866666666666667,0.8114285714285714,0.7576691911349527,0.7538578520565025,0.7381444991789821
Carex halleriana,250,135,0.9406492912665751,0.009408191055957322,0.8833333333333334,0.8454147812971342,0.6666666666666666,0.7388565705225683,0.6778488049174508,0.6656426144454314,0.6222222222222221
Viola calcarata,1537,868,0.9406153977799366,0.0032546529514096635,0.8856575373706796,0.7786776331454337,0.7592651651053086,0.7685035059687416,0.69299864956598,0.692629877039167,0.6870652536923453
Astragalus monspessulanus,157,96,0.9405677078358327,0.032957085253643756,0.8803144224196856,0.8948688566335626,0.5942105263157895,0.7075522466039709,0.6622258490190187,0.637281077506515,0.5698911070780399
Cyperus esculentus,1659,545,0.9404651684762786,0.005071202479123101,0.8752293577981651,0.7930161786482188,0.6807339449541285,0.7317723918655374,0.6549610745051352,0.6511594864760732,0.6207951070336393
Cornus sericea,7392,1772,0.9404504064524843,0.01117570229176121,0.8773974695740717,0.8034703983255567,0.6754834089281451,0.7334926176556374,0.6591525414732171,0.6546974974699727,0.6201795802124236
Asplenium ceterach,509,322,0.9404398675078994,0.01449241171010498,0.8734503664826713,0.7970940537449972,0.6647115384615384,0.7238922489932804,0.6479526256508901,0.6428117417016097,0.6078021853286929
Carex frigida,298,147,0.9402944595118171,0.02423854169623579,0.8740837317108504,0.7467184723351705,0.7611494252873563,0.7524675406246915,0.6693987273166266,0.6682472694813795,0.6728194967888884
Luzula alpina,78,60,0.9402777777777777,0.029000851413640404,0.875,0.7523809523809524,0.75,0.7443589743589744,0.6673816292807342,0.6625730994152047,0.6666666666666666
Ononis pusilla,67,35,0.9401360544217686,0.07061735658427741,0.9,1.0,0.6,0.7252525252525253,0.7203409609949808,0.675,0.6
Soldanella pusilla,278,147,0.9400748183109672,0.016272423819246415,0.8826452267130233,0.7852133573736009,0.7333333333333333,0.755795433779524,0.6815446548903423,0.6788871615896686,0.6653558052434457
Chaerophyllum villarsii,692,420,0.9399565381708237,0.011414103426449182,0.8797619047619047,0.8067392266644509,0.6833333333333333,0.7388846666684442,0.6661507283108665,0.6616305664909492,0.6285714285714284
Symphytum tuberosum,171,134,0.9398917554781754,0.02311327817336291,0.8974558670820354,0.8507038452690627,0.7168091168091169,0.7717123995519909,0.7154643136471328,0.7071886682327527,0.6744634377967712
Pseudocrossidium hornschuchianum,44,29,0.9398692810457515,0.046611893672354084,0.8880434782608695,0.8742857142857142,0.6933333333333334,0.7614607614607615,0.7054550853703614,0.690141558069546,0.6462745098039215
Cardamine bulbifera,710,419,0.9398608377734045,0.009536491178743197,0.8800781805259417,0.8179188417216586,0.6729489386115892,0.737113556296352,0.6665992328731918,0.6604658483209118,0.6220351335145173
Saxifraga moschata,497,237,0.9396067385316711,0.015840274826657442,0.8755054302422722,0.7744735406437535,0.7171099290780141,0.741585261862477,0.6631395649879197,0.6600727468103047,0.6453478883018888
Viscum laxum,34,27,0.9395833333333332,0.08897565210026095,0.9173160173160173,1.0,0.6799999999999999,0.7944444444444445,0.779459019949335,0.7483193705538229,0.6799999999999999
Trifolium badium,1702,978,0.9394027710843582,0.007078216534441082,0.8732068606219766,0.7564955504939312,0.725934065934066,0.7404655212338638,0.6572418958186264,0.6566841349037309,0.648218952933967
Geum montanum,2463,1290,0.9393906616188931,0.007791898237279082,0.8796511627906977,0.7572304861700495,0.7643410852713178,0.7600187354265963,0.6804037662603686,0.6797807963630577,0.6824289405684755
Dicranum viride,66,28,0.9393137254901962,0.04230525638045917,0.8837944664031621,0.96,0.5733333333333334,0.7054545454545454,0.6802429706933939,0.6416105398872844,0.5615686274509805
Cotoneaster franchetii,310,258,0.9393128345405385,0.01584749827900431,0.8875897002954833,0.8481325264380463,0.6706636500754148,0.7488179240602644,0.6855888992129673,0.6777165436540152,0.6305882416129095
Achillea clavennae,41,34,0.9392970521541949,0.042932039320368605,0.8531746031746031,0.7733333333333332,0.6476190476190475,0.6884958179075825,0.6110185824264559,0.5949293536901135,0.5700000000000001
Gentiana nivalis,1355,825,0.9392470156106519,0.005961729098061795,0.8842424242424244,0.7815664100835525,0.7466666666666667,0.7633000234103642,0.6874126392089515,0.686776596424997,0.6767676767676767
Rhodothamnus chamaecistus,31,21,0.9392307692307693,0.06712172110268763,0.9051470588235293,0.8933333333333333,0.72,0.7849206349206349,0.7426576933465753,0.7261324574134902,0.6879487179487179
Achillea macrophylla,476,333,0.9391233121737136,0.01361513766455357,0.8843794880459575,0.8101837928153717,0.7056987788331072,0.7539582854889174,0.6818904103690226,0.6788262208785573,0.6496183768230569
Saxifraga stolonifera,97,62,0.9391208009629063,0.028596711540534017,0.8951836734693878,0.8677777777777778,0.7064102564102563,0.7672428993978746,0.7157379784684984,0.7012060972466413,0.6634515081883504
Campanula rhomboidalis,1680,953,0.939096092411463,0.008137207641799506,0.8798546970619497,0.7942337220009372,0.7020225957564067,0.7445834035646529,0.6691643811001158,0.666512447454051,0.641157103980232
Euphrasia minima,702,422,0.9389880528477302,0.008393779177741636,0.8732077326918688,0.7454491490277808,0.7583753501400561,0.7495571364687447,0.6667557744637509,0.6648993408551316,0.6699093826942871
Saxifraga caesia,503,286,0.9389300999324611,0.012396120743012018,0.8750210679537271,0.7981772486772487,0.6678765880217785,0.7259591753709401,0.6511866807921513,0.6460907111048195,0.6119130357301968
Pulmonaria australis,130,79,0.9388726359338062,0.0224436619984148,0.8701884920634919,0.8235897435897437,0.6325000000000001,0.7100734149054504,0.6409832328865976,0.6282685708478928,0.5817907801418439
Dichodon cerastoides,117,80,0.9388020833333333,0.0461165492107889,0.875,0.7134001670843776,0.85,0.7750503444621092,0.6952522032507825,0.6897714789834657,0.7333333333333334
Hieracium piliferum,114,86,0.9387094707163912,0.014495277583621013,0.8604433077578857,0.7258986928104576,0.7209150326797386,0.7211832841244606,0.6301324240125223,0.6283665148568931,0.6280040221216692
Viburnum rhytidophyllum,5547,1753,0.9386947515559086,0.007375985936025534,0.8790652392519392,0.7924074105237283,0.7005144485144484,0.7431122567223154,0.667000524906943,0.6644757295145693,0.6390962084172027
Cytisus emeriflorus,37,25,0.9386666666666666,0.05938948653685358,0.9099999999999999,0.9099999999999999,0.72,0.7933333333333333,0.7531794705481913,0.7378754578754579,0.6933333333333334
Lamium orvala,46,25,0.9386666666666666,0.05170858514577418,0.85,0.8833333333333332,0.48,0.6119047619047618,0.5727767448810195,0.5296703296703297,0.4533333333333333
Potentilla grandiflora,180,130,0.9386587771203155,0.016850924101654584,0.8788461538461538,0.80552652381943,0.676923076923077,0.7339151892641114,0.6618544058258561,0.6566072404945645,0.6230769230769231
Cardamine bellidifolia,79,53,0.938625366568915,0.014432426634284994,0.8725359911406423,0.7363247863247864,0.7745454545454544,0.7468726163234172,0.6694760155541679,0.6627334865672602,0.680392228739003
Guizotia abyssinica,192,152,0.9386106787088554,0.017334876576551236,0.9128166915052163,0.884560606060606,0.7563440860215054,0.8109401709401709,0.7622113022624074,0.7550532841565616,0.721274807473966
Lactuca plumieri,132,82,0.9385246098439375,0.029291972808495922,0.8964568764568763,0.8692307692307694,0.7073529411764705,0.7711807298014194,0.718370872849834,0.7059044095706702,0.6666182472989195
Androsace vitaliana,43,24,0.9382857142857143,0.03835814044991633,0.8547368421052631,0.7676190476190475,0.6799999999999999,0.7033333333333334,0.6245409489658452,0.6102455557861244,0.5961904761904763
Hieracium tenuiflorum,67,46,0.9382245737801295,0.049900426564821576,0.9022522522522524,0.9214285714285715,0.6755555555555555,0.7773529411764706,0.7322595425453544,0.7166226323467322,0.6538624338624338
Phyteuma scheuchzeri,489,328,0.93818672987636,0.00963923982534947,0.8826227033930282,0.833961038961039,0.6676456876456878,0.7393360904086336,0.6732858749990747,0.6649622174723016,0.6218878921416993
Rumex arifolius,819,465,0.9381045978340463,0.007741362349406558,0.8811827956989247,0.8119962965423323,0.6860215053763441,0.7419972000401609,0.6708747217793005,0.6657073047107351,0.6322580645161292
Achillea atrata,382,246,0.9380529058838096,0.0210783397895719,0.8831140578058635,0.7505556807704539,0.800734693877551,0.7740826330532212,0.6967208915563831,0.6954356931623827,0.7112972972972974
Carex parviflora,186,114,0.9380326112228703,0.02483371339212413,0.8751075011944577,0.7609259259259259,0.7466403162055337,0.7495875533830096,0.6700578884885375,0.6668637821347444,0.6649267612183213
Fraxinus ornus,687,450,0.9379588477366255,0.007767280132348275,0.8805555555555555,0.7989889275007517,0.7,0.7456681028943297,0.6709965789324162,0.6680909648815574,0.6407407407407407
Aster alpinus,2119,1093,0.9378740909009615,0.007356375077645886,0.8776287675711018,0.7543903321704871,0.760315864438021,0.7567141852252023,0.6755452590208266,0.6750340822939443,0.6770534365847349
Berteroa incana,346,189,0.937856157091075,0.021657844009130154,0.8915475775531544,0.863041751183232,0.6773826458036984,0.756235754326007,0.6982306633458022,0.6880922269652889,0.640369759605903
Odontites luteus,329,153,0.9377573992160247,0.03086763795492551,0.8790883646541385,0.8779999999999999,0.6004301075268816,0.7085434173669467,0.6572907286904257,0.636646857825858,0.5721453488073404
Empetrum hermaphroditum,154,88,0.9376976673591548,0.029530825502015683,0.8749295774647887,0.7576264189886481,0.7379084967320261,0.745977421271539,0.6646074729431677,0.6632401454299638,0.6584455068916778
Oxyria digyna,276,156,0.9376563180345532,0.01471283369167352,0.8734580645161291,0.747588165534413,0.75,0.7473196226773169,0.6641809338013981,0.6630486864175525,0.6645046900022878
Pedicularis verticillata,1810,929,0.9372772664496203,0.005427503561719005,0.8810536331929549,0.775906249068989,0.7373089218250508,0.7558824232411101,0.6779005706987662,0.6773428107116712,0.6662607438619484
Pilosella glacialis,26,23,0.9371428571428572,0.06298687910013889,0.85906432748538,0.7976190476190476,0.71,0.7076190476190476,0.6527676937360315,0.6207844251032183,0.6242857142857143
Ailanthus altissima,22847,2558,0.9371306783712308,0.0010178629816288579,0.8754888659989752,0.7859832278272411,0.6900088674168298,0.7346813693797154,0.6563142152997843,0.6538134970810601,0.6273302133264823
Veronica aphylla,342,211,0.9370879927384491,0.018725655167417123,0.866103127641589,0.7225338164251208,0.7630121816168327,0.7399591476942335,0.6523589653452315,0.6501263836333863,0.663412131623082
Crepis pyrenaica,719,413,0.9369952199756447,0.012669642249015567,0.8801464799047881,0.8085974424395481,0.6830737584484279,0.7395543252030309,0.6672311545981764,0.6625877594116293,0.6289990555621799
Onobrychis montana,185,129,0.9368488946950485,0.026746669779481334,0.8837565347274087,0.8098665223665223,0.7212307692307691,0.7563960746899279,0.6878655958682173,0.6809413725793386,0.6592927072927073
Festuca patzkei,91,26,0.9368333333333332,0.05494037171738504,0.9128571428571428,0.9166666666666667,0.7333333333333334,0.8029292929292928,0.7652434618270053,0.7488149742446119,0.7075
Pilosella peleteriana,155,72,0.9366873049431188,0.03273034449072421,0.8888687235329703,0.9218181818181819,0.6114285714285714,0.7313333333333334,0.6897950533059461,0.6654065908482478,0.5929296285110238
Hibiscus syriacus,2702,1694,0.9365160793901512,0.006447523078275035,0.870719176218311,0.7585794220419106,0.7083590790874658,0.7324864754266036,0.6481459707876713,0.6473966355978482,0.6331920369146401
Lonicera japonica,2647,723,0.9363393666814808,0.006568397550657043,0.8827802379714459,0.8151015166979689,0.6874329501915708,0.7446042754183559,0.6743269879543587,0.6694361937946512,0.6353347392317046
Phleum alpinum,687,398,0.9363271773144405,0.012772549770465935,0.8718696397941681,0.7715523818132514,0.6933544303797469,0.7299050915179948,0.6481783656037053,0.6462761421992296,0.6246789267054738
Opuntia humifusa,597,112,0.9362535439519446,0.0191520190397836,0.8595006242197254,0.8011452762923351,0.58300395256917,0.6657400391146522,0.5986902418299268,0.5819890694427178,0.5353744530081516
Grimmia crinita,73,68,0.9361813186813187,0.03726281790780317,0.8674074074074074,0.8142424242424242,0.6153846153846153,0.697091111786764,0.6269951045951968,0.6144833929757489,0.5666041275797372
Crepis pontana,106,63,0.9361646059014481,0.0268874325876103,0.8646274509803922,0.7114529914529915,0.7948717948717948,0.7423984710941233,0.66119757542075,0.6524590416038852,0.6839187365503154
Phyla nodiflora,44,24,0.936095238095238,0.062492738807225584,0.8852631578947368,0.8433333333333334,0.6599999999999999,0.7353968253968253,0.6751361706905674,0.6635581338613763,0.6180952380952383
Agrostis rupestris,178,87,0.9360110323761823,0.017977964986200416,0.8764389233954452,0.7368084533584601,0.7934640522875818,0.7610984246278365,0.6816921127352474,0.6781743762953184,0.6978181887171898
Scapania umbrosa,28,25,0.9360000000000002,0.03309246305597561,0.86,0.96,0.48,0.5853968253968252,0.5942856841092847,0.5271861471861472,0.4666666666666666
Cruciata glabra,172,124,0.9359896696696698,0.0315780109847712,0.9113333333333333,0.881704260651629,0.7506666666666667,0.8081138868514284,0.7572752502672527,0.751185058718772,0.7157477477477479
Sequoia sempervirens,150,64,0.9359856742447835,0.041847197481547395,0.8867269984917044,0.8295704295704297,0.717948717948718,0.7636975552627727,0.6975922987735802,0.6898624929295127,0.6609986504723346
Alchemilla conjuncta,245,98,0.9359079024270202,0.028684771186482872,0.8825381369685168,0.8623809523809524,0.633157894736842,0.7280252100840336,0.6698286760582619,0.6557935627687048,0.5991426989449076
Festuca nigrescens,157,87,0.9357881081798951,0.02871825772778726,0.893871635610766,0.8669841269841271,0.6764705882352942,0.7550184361224406,0.7010855828566316,0.6895587067986182,0.6420729104413899
Lepidium draba,812,477,0.9357302138383652,0.007391138156468653,0.877875802173943,0.8009067304782793,0.6898245614035089,0.7373904378808627,0.6646312553413132,0.6587731569074927,0.6304497898336153
Epilobium alsinifolium,156,121,0.935506151699645,0.016678010626227244,0.8676975945017181,0.768407867494824,0.6769999999999999,0.7133804902326739,0.634930350750212,0.6289340543635723,0.6081643835616439
Taxodium distichum,605,160,0.9354817708333334,0.027773165849781064,0.8953125,0.8488063660477454,0.7125,0.7739688395664118,0.7116154534747108,0.7064604727961017,0.6687500000000001
Xanthoselinum alsaticum,30,26,0.9353888888888889,0.04476536911056288,0.8266666666666668,0.7666666666666667,0.4600000000000001,0.5477777777777778,0.487579295890019,0.45548137733722793,0.4091666666666667
Eschscholzia californica,833,597,0.9353494587483459,0.018687767804955523,0.8747883827618571,0.7935613596790068,0.6734313725490196,0.7275084708765471,0.6514982776795695,0.6471714283780592,0.6153634931198169
Erigeron sumatrensis,111,65,0.9353057199211046,0.013857331810848344,0.8846153846153847,0.8141491841491841,0.6923076923076923,0.7454588020674977,0.6775866537461164,0.6721764563869828,0.6410256410256411
Ononis natrix,309,173,0.9352152772983727,0.009350629370974403,0.8757168178500677,0.8728999309868876,0.5899159663865545,0.7021777657051823,0.6479702822912621,0.6276746602115587,0.5609951299414464
Acer negundo,369,265,0.9352082591669634,0.005127697838208209,0.8650943396226415,0.7486245125476388,0.7056603773584905,0.7204515333337713,0.6369337841133299,0.632394665531653,0.6238993710691825
Sphagnum compactum,34,27,0.9351715686274508,0.030812050387114057,0.8523809523809524,0.8361904761904763,0.5599999999999999,0.6264069264069263,0.5892099064061848,0.5457686640037945,0.510735294117647
Crepis aurea,1352,854,0.9350914719716842,0.0110613537165026,0.8624069935698202,0.7424869448479655,0.6897557619539043,0.7145689706194271,0.6253154226595201,0.6241578426680321,0.6097324615153078
Poa hybrida,58,31,0.9349763297131718,0.03297724362882846,0.8626666666666667,0.8266666666666668,0.5761904761904761,0.6676767676767676,0.6077984941602717,0.5862251967408693,0.5329156223893066
Campsis radicans,49,46,0.9347501469723692,0.0501663193672768,0.848048048048048,0.77,0.5622222222222222,0.6429505135387489,0.5654403078798772,0.5505262183787801,0.5048148148148147
Festuca halleri,77,35,0.9346938775510203,0.048600193468004725,0.85,0.6984126984126984,0.6571428571428571,0.6675074925074925,0.5799331501124101,0.5734713595583161,0.5714285714285714
Ranunculus carinthiacus,144,43,0.9344871794871796,0.041966508254010944,0.889579831932773,0.9064285714285714,0.6361111111111111,0.7323626373626373,0.6940893932561153,0.6686084047947125,0.6127264957264957
Takhtajaniantha austriaca,128,57,0.9344639674051439,0.029177798372983746,0.8686956521739131,0.9111111111111111,0.5075757575757576,0.6359663865546219,0.6128499028264596,0.5706279338347513,0.4959791189202953
Micranthes stellaris,979,580,0.9344579865239794,0.004782757378933448,0.8693965517241379,0.7320597216014402,0.7586206896551724,0.7439108497562932,0.6576062811649093,0.6564333303737344,0.6649425287356322
Catapodium rigidum,116,71,0.9344006749986816,0.02441242585102243,0.887218045112782,0.8724825174825174,0.6466666666666667,0.7386516446516447,0.6840843402441396,0.6693038763141084,0.6139977851605758
Epilobium duriaei,47,44,0.934338398227287,0.03707573741803551,0.8922222222222222,0.880952380952381,0.6638888888888889,0.7550000000000001,0.7007033812915209,0.6880674793134329,0.6334045584045584
Luzula spicata,123,69,0.9342631236359459,0.0249286021641053,0.8406493506493506,0.6860314685314686,0.6692307692307693,0.6730437174575107,0.571842109220806,0.5684356556830783,0.5678370410077728
Cherleria laricifolia,63,46,0.9342621987066432,0.04028237656249722,0.853003003003003,0.8416666666666668,0.5066666666666667,0.6029093455564044,0.5661331348592366,0.5307433265648509,0.4775661375661375
Chamaenerion fleischeri,608,391,0.9342490496782071,0.010205577549151723,0.8791554026378308,0.770123234253669,0.736546575787082,0.7525480758344651,0.6732977153763594,0.6727030502288132,0.6632168794786624
Juncus subnodulosus,870,154,0.9341866111689212,0.030700681903438422,0.9075137686860739,0.9427705627705627,0.6696774193548387,0.7820892265953309,0.7435253886345382,0.7258611631442171,0.6566806919121084
Pinus cembra,399,269,0.9341598322036649,0.01682748295467386,0.8810594315245478,0.8016111185302478,0.6950384346610762,0.7434402885539995,0.6703211328233634,0.6667079153125066,0.6380489399904221
Cryptogramma crispa,379,259,0.9341361763894971,0.020127949218011854,0.8677582683017466,0.73265643099345,0.7528657616892911,0.7413846659353646,0.6538532236450303,0.6527772695276062,0.6589617087529801
Silene acaulis,2864,1212,0.9340250068780211,0.007417337420023996,0.8725243369187068,0.742507066073584,0.7508247457742409,0.7465727648340214,0.6615040402379069,0.6614300897634792,0.6639185982766215
Parietaria officinalis,228,184,0.9338921476759314,0.021593277155384744,0.8736808236808237,0.7802310675336991,0.6957957957957958,0.7332043092043092,0.6545599628299251,0.6510217556458497,0.6287360087360088
Scutellaria alpina,191,97,0.9337675720569688,0.022952416149206654,0.8684315684315684,0.8172143645827855,0.628421052631579,0.70240515709531,0.6345725761494232,0.6206420901509889,0.5768138054077332
Eriophorum scheuchzeri,727,353,0.9335779696510459,0.019451184376164544,0.8873919254191414,0.7891894745432765,0.7534808853118713,0.7696405031976122,0.6965731049438072,0.6952777493592869,0.6854848198553748
Campanula barbata,6357,2811,0.9334821250982952,0.0030826159465173666,0.872553756592491,0.758894670593141,0.7193100004424695,0.7382896887110093,0.6547850318721343,0.65416359568376,0.6429418344167379
Ptilium crista-castrensis,175,136,0.9334787125061139,0.021643371409827247,0.8694699286442406,0.7560427350427351,0.7055555555555556,0.7297584916008889,0.6446368297844332,0.6438453897749233,0.6295543510990665
Solanum pseudocapsicum,22,20,0.9333333333333332,0.0637377439199098,0.8875,0.7333333333333333,0.65,0.6647619047619047,0.6464119915091502,0.6264935064935064,0.6166666666666667
Ceratostigma plumbaginoides,896,513,0.9331827237134952,0.015124812936904757,0.8747385911815323,0.7812480278390252,0.693870169426994,0.7343902920641199,0.6552550373197901,0.6528729661891346,0.6288970318154201
Cercis siliquastrum,223,158,0.933165887006466,0.009787609990343388,0.8718285214348207,0.8000699696455215,0.6705645161290323,0.7216688884885606,0.6494136801595214,0.6399139666347998,0.6094222988837915
Polycarpon tetraphyllum,76,51,0.9330713587487782,0.028188178208318773,0.8771951219512195,0.826883116883117,0.6454545454545454,0.7161047002533071,0.6538621691425988,0.6410353381230698,0.5994330400782013
Astragalus australis,77,58,0.9330583142347848,0.009701302681728766,0.8662349676225716,0.7790909090909092,0.6909090909090909,0.7214821334272136,0.6450283549515333,0.6350720469065816,0.6161191749427044
Salix helvetica,184,88,0.9328867734805583,0.038077102267548874,0.889255533199195,0.8160064935064935,0.7405228758169934,0.769376456876457,0.7044126856020441,0.6974128579242225,0.6800729483859339
Carex firma,152,111,0.9328322455276619,0.021405542939297074,0.8604187946884576,0.7787094547964113,0.6122529644268775,0.6769858641130871,0.6033416241775263,0.5915115366449202,0.5552651760958055
Gymnadenia miniata,42,28,0.9327696078431373,0.038878730067640255,0.8928853754940711,0.8028571428571428,0.7933333333333333,0.7865734265734267,0.724881753871075,0.7158981274202123,0.7212745098039216
Calamagrostis varia,972,443,0.9327347995666118,0.015429087353809092,0.8809262353783719,0.8457341672445218,0.6412410623084781,0.7283303090879413,0.6650494497625153,0.6541222477608856,0.6021206196925041
Veronica fruticans,684,463,0.9325929491393037,0.012583066227911784,0.8779777081663875,0.7870619638167248,0.7064048620850863,0.7438450722306246,0.6662971008955128,0.6640911174681593,0.6415865362403471
Erigeron alpinus,234,187,0.9325831545498522,0.016107892557296173,0.8649664429530202,0.7839602612615988,0.658321479374111,0.7091392684163557,0.6311392016848465,0.6225758370786852,0.5922816563652614
Moneses uniflora,438,259,0.9325471482733196,0.01726383240117704,0.8851402824228911,0.8437085255170361,0.6678733031674208,0.7423974718092365,0.6797122515210345,0.6701169500396171,0.6253753709920693
Myosotis decumbens,255,173,0.9325216359882266,0.023746625860404512,0.8901470128245229,0.856003256003256,0.6759663865546217,0.7547980311597445,0.6936394090174246,0.6852480659603952,0.6374675067936062
Eryngium alpinum,1091,465,0.9324777430916867,0.010352849644115451,0.8887096774193548,0.8290583335172181,0.7010752688172042,0.7577916774997602,0.6918149919587779,0.6864225972614443,0.6523297491039426
Cardamine resedifolia,318,196,0.9324171950508326,0.025126810803765262,0.8699085415645925,0.7394307494307494,0.7451282051282051,0.7419662105604811,0.6552778909369712,0.6550380933739364,0.656673909894249
Betonica alopecuros,91,59,0.9323749398749399,0.03781439276156496,0.8896276595744681,0.8124825174825177,0.7272727272727273,0.7642854171000624,0.6968154615396862,0.6927977640479642,0.6704473304473304
Trifolium thalii,285,179,0.9323600603273501,0.02422380396527558,0.8547299922299922,0.7028665028665029,0.7315873015873017,0.7160819234958604,0.6195371056325321,0.6186591608751684,0.6273124660040548
Hieracium alpinum,167,101,0.9320589383294301,0.02910318074855659,0.8565740740740739,0.7100440518087577,0.7619047619047619,0.7300863967236568,0.6381128238278119,0.6333595281745875,0.6498282591725214
Viscaria alpina,110,49,0.9319182630906768,0.027213539736223882,0.8673076923076923,0.7621212121212121,0.6933333333333332,0.7185574229691877,0.6391696561530855,0.6329994608193892,0.6186206896551725
Trifolium pallescens,99,78,0.9318840579710145,0.020612651880435623,0.8620583717357911,0.8066666666666666,0.6283333333333333,0.6946420365775203,0.6241340543687163,0.6082907954587131,0.5683888374961455
Geranium nodosum,918,511,0.9317681100509165,0.01086072342675003,0.8928448151876888,0.8574026211899801,0.6848848277174948,0.7613439463212585,0.7007728701752537,0.6934124554672538,0.6470465871009441
Euthamia graminifolia,279,85,0.9317185697808534,0.035969889558522934,0.8794117647058822,0.8521853146853147,0.6352941176470589,0.7247619047619047,0.6633903766166191,0.6498723404255319,0.596078431372549
Laserpitium krapffii,61,45,0.9316872427983538,0.030530431260891198,0.8333333333333333,0.7916666666666667,0.4666666666666666,0.5784529196293903,0.5154958101061927,0.48486368703760013,0.4222222222222222
Leucanthemum halleri,66,55,0.9316804407713499,0.038701067391373946,0.8636363636363636,0.7450505050505051,0.6727272727272727,0.7048165869218501,0.6198217920062534,0.6172507331378299,0.6
Astrantia minor,809,534,0.9316402966450614,0.02248896348596479,0.8698559828405086,0.7815716229589312,0.6668665138423557,0.7192569473518595,0.6389601070282828,0.6352869607813033,0.6044288191383059
Bistorta vivipara,2080,1120,0.93156356292517,0.006248159551117251,0.8691964285714286,0.7544590831406345,0.7089285714285714,0.7305611664135695,0.6452063563749564,0.6443416885797869,0.6315476190476191
Telephium imperati,30,21,0.9315384615384616,0.06049108692719228,0.8941176470588236,0.8,0.5900000000000001,0.638095238095238,0.6443642590034043,0.6163844393592678,0.5900000000000001
Selaginella selaginoides,696,432,0.9314756933321489,0.011810263481629753,0.8617005947893105,0.7552492887050422,0.6667468591285751,0.7068698496620911,0.6199320306425411,0.6169314793638057,0.5934382758199919
Gymnadenia nigra,1522,944,0.9314704702393127,0.005896959930942467,0.878975787518834,0.7789377606118253,0.7202971968929416,0.7483080105934563,0.6698255762957084,0.6688217088251418,0.6521516662032412
Carex bicolor,38,27,0.9314460784313725,0.03888182022318069,0.8623376623376624,0.6895238095238095,0.7933333333333333,0.7333333333333334,0.6484679243689397,0.6416931752458068,0.6823039215686275
Adenostyles leucophylla,204,79,0.931306146572104,0.030991628591604824,0.8608134920634921,0.7315126050420169,0.7091666666666667,0.718677908113392,0.6276561640493029,0.6263597611391593,0.6206028368794325
Lobelia erinus,124,110,0.9312672176308541,0.027435720748766088,0.8522727272727273,0.7813725490196077,0.5818181818181818,0.6652723284302231,0.5843825641846931,0.5728829767528018,0.5242424242424242
Muscari comosum,438,272,0.9311885199443182,0.00998967404030118,0.8584492453388577,0.7499913601804359,0.6504377104377104,0.6961908998807437,0.6075122331009548,0.6045946429317856,0.5781348524398052
Chamaemespilus alpina,729,407,0.931123896624268,0.01665560596588831,0.867327984898537,0.773745940728664,0.6658837699488106,0.7150367068028082,0.6327895665136398,0.6292637975341765,0.6003601834650366
Knautia transalpina,39,26,0.9311111111111112,0.05830422554197406,0.8361904761904763,0.9199999999999999,0.4333333333333334,0.5438095238095239,0.537301316878646,0.4722507685551163,0.4083333333333334
Hypericum pulchrum,184,159,0.931078872205716,0.013251048332544962,0.8898745078740158,0.8784656084656083,0.6534274193548387,0.7466011570776521,0.6923123812357957,0.6784340866035538,0.6219142614601018
Gentiana purpurea,7010,2227,0.9310319591103788,0.007950899448477561,0.8741566894851566,0.771410750963134,0.7058648662266338,0.736996983254068,0.6557721456186585,0.6545227754892824,0.6361133445877872
Alnus cordata,45,28,0.9310049019607843,0.05010717559911522,0.9284584980237154,0.95,0.7466666666666667,0.8347474747474747,0.8004655778217253,0.7900481233202424,0.7349019607843138
Homomallium incurvatum,33,32,0.9308646616541354,0.042367670500587304,0.8913846153846153,0.9333333333333332,0.5952380952380952,0.7131313131313131,0.6871556044450936,0.6536696154087458,0.5852380952380952
Hylocomiastrum umbratum,28,27,0.9307843137254903,0.05030797118378944,0.8714285714285713,0.95,0.5333333333333333,0.638095238095238,0.6342659603890236,0.580517719977901,0.5208333333333333
Centaurea nigrescens,326,239,0.9307795847523241,0.012842289615515432,0.899574607329843,0.8353070175438596,0.748758865248227,0.7881932864584777,0.7256895811977613,0.7227226198328289,0.6986034650928268
Ranunculus glacialis,931,232,0.9306789990235906,0.01113764561233736,0.8642197035745423,0.7778321977551761,0.6381128584643849,0.6996972931468528,0.6192416640073475,0.613439252483689,0.5777839787110448
Rhododendron ferrugineum,5474,2464,0.9306295283552132,0.007354771926338376,0.8711438577425407,0.7576350528779547,0.7130559540889527,0.7344504969206218,0.6501923197849273,0.6495077784836072,0.6368916840787695
Lolium arundinaceum,817,395,0.9304919083480211,0.005426081258860715,0.8822784810126583,0.8423946415541146,0.6556962025316455,0.7343214886106955,0.671018147791155,0.6605519728289686,0.6135021097046414
Alchemilla incisa,62,46,0.9304820693709583,0.025460094401247534,0.8531531531531531,0.8333333333333333,0.5377777777777778,0.6168922305764412,0.5772851202061707,0.5392000227031767,0.49439153439153427
Plagiochila asplenioides,643,524,0.9302984575832619,0.013156484874768821,0.8759734060688714,0.8029162795736065,0.669945054945055,0.7302593228889666,0.6551793847229123,0.6505486779403071,0.6146018136145525
Astragalus alpinus,421,314,0.930193159650296,0.012286469378011661,0.8598716246126605,0.7065780722058158,0.7517153097798259,0.7283959451401312,0.634697127524253,0.6341007292918033,0.6476738823341431
Hypericum calycinum,1162,805,0.9301698751334182,0.011580687891865673,0.863975155279503,0.7715521499592622,0.648447204968944,0.7044232677271582,0.6210603522262348,0.6169643415490447,0.5842650103519669
Eragrostis multicaulis,28,27,0.9301470588235293,0.06874862376728857,0.8320346320346321,0.8666666666666666,0.4066666666666666,0.5277777777777778,0.5051595088590506,0.44744466170941477,0.38166666666666665
Alnus alnobetula,2562,1385,0.9299421774470321,0.006685320856317568,0.8817689530685919,0.7916806944675169,0.7169675090252707,0.7519552147174837,0.6764359438304253,0.6746300309528577,0.6536702767749698
Sedum atratum,517,296,0.9298556350669104,0.021360264964348615,0.8665844239433598,0.7494916003536694,0.6957627118644069,0.7206708176453146,0.6347599291632792,0.6333806167135612,0.6192058655494191
Bupleurum ranunculoides,219,135,0.9297668038408778,0.02560193320317855,0.8685185185185185,0.8063736416139162,0.6222222222222221,0.7014460218870158,0.6283032875049083,0.6192169714448014,0.5728395061728395
Phyteuma betonicifolium,1490,917,0.9297593735879726,0.006543673239115235,0.8713216188185614,0.8010169792412014,0.6456165359942979,0.7148156494742712,0.6392301717511211,0.6329998936562905,0.5921817892528362
Fumaria capreolata,57,42,0.9297564102564102,0.028472590959912426,0.8746880570409983,0.8078571428571429,0.6694444444444445,0.7155555555555555,0.6541693083534244,0.638847166627291,0.6137521367521368
Artemisia glacialis,46,27,0.9297303921568627,0.06146732408383265,0.8614718614718615,0.8366666666666667,0.6133333333333334,0.6567388167388167,0.6179280543868719,0.5853353363652677,0.5633333333333334
Koeleria vallesiana,64,24,0.9297142857142857,0.10167646880370118,0.8436842105263157,0.9333333333333333,0.42000000000000004,0.5396825396825395,0.542948212369782,0.47409751814121864,0.4066666666666666
Helleborus niger,2158,954,0.9295173017345626,0.010365286402897434,0.8776217466188166,0.8000608340092666,0.6813722788647011,0.7356549352800115,0.6605282565963281,0.6567289325252942,0.6244244274142318
Gymnadenia rhellicani,1357,724,0.929472356724687,0.011927322263083254,0.8625626823893754,0.7195130760905132,0.7403160919540229,0.7290359406713864,0.6377767368234297,0.6370639150055789,0.643621351766513
Sternbergia lutea,165,128,0.9293176823176823,0.016933468178979744,0.8711022272986865,0.7917391304347827,0.6566153846153846,0.716866311742088,0.6398745159844543,0.6345729377841576,0.5993358220726641
Elodea nuttallii,9199,604,0.9291709751230902,0.008586689438388624,0.8716818096264737,0.7929938437423021,0.6589669421487605,0.7193539927294866,0.6420383508352264,0.637164870573298,0.6015646926319954
Campanula scheuchzeri,1734,940,0.9290968764146672,0.013915993086111692,0.8625,0.7506421674384604,0.6734042553191488,0.7093107084209945,0.621694645831088,0.6197173068438311,0.5989361702127659
Facchinia rupestris,28,23,0.9290659340659341,0.03909540471985056,0.8578947368421053,0.7723809523809524,0.72,0.6909090909090909,0.6367775340907927,0.6068737344533799,0.618901098901099
Dicranum scoparium,1899,1183,0.9289905897572494,0.0061539119092075285,0.8708830154644354,0.7856993974315131,0.6661231495387255,0.7204882945132326,0.6413384982001159,0.6373290832540583,0.6052602003343314
Cedrus atlantica,155,111,0.9286604169236462,0.03162225719699323,0.8694075587334014,0.7892717086834734,0.6565217391304347,0.7119826981529109,0.636593156869264,0.6290220867907441,0.596413190962185
Antennaria dioica,1824,1004,0.9286520462375758,0.005768534528205193,0.8727598000037174,0.7820800602550956,0.6823034825870646,0.7282187369658558,0.6486847024513902,0.6457159135706119,0.6185645912188779
Lomelosia graminifolia,63,32,0.9286340852130326,0.058301121213870176,0.8523076923076923,0.7666666666666666,0.5952380952380951,0.6683916083916083,0.5840630035085415,0.5753404171875184,0.5331328320802005
Helictochloa versicolor,224,132,0.9286097587363411,0.03244146481550765,0.8504761904761905,0.7283569763569764,0.6524216524216524,0.6844242032477326,0.5914296246845892,0.5873132064505554,0.5690672220419055
Crepis conyzifolia,40,33,0.928609022556391,0.022455343142848964,0.8712250712250711,0.8595238095238095,0.6095238095238096,0.694978354978355,0.6440728717101554,0.6184012112799812,0.5684711779448621
Gentiana clusii,1232,637,0.9285882597575398,0.011491216971656677,0.8657744905427791,0.7891255399319916,0.6343257874015749,0.7023791079670552,0.623889235278163,0.6171492220406124,0.5772864315310021
Cerastium elongatum,448,234,0.9284891376984985,0.027467912092742665,0.869643873023097,0.8305654648956355,0.614986123959297,0.7004104233621324,0.635656142981722,0.6200038171663496,0.5693630236553456
Nardus stricta,1265,656,0.9283014609927511,0.01647052796484559,0.8696466739367503,0.8056538430392697,0.6448878093916262,0.7108127581299548,0.6385313999448023,0.6284450598598288,0.5894868199959842
Saussurea alpina,79,60,0.9282407407407407,0.034706786692576465,0.8541666666666666,0.7078431372549019,0.7166666666666667,0.7049111807732498,0.6150903643224948,0.608735852064403,0.6166666666666667
Crepis sancta,79,62,0.928152241310136,0.026815145813628673,0.8953469387755103,0.8663492063492063,0.6948717948717948,0.7626166426166426,0.7102682863268877,0.697982425561323,0.6571762045446257
Betonica hirsuta,198,150,0.9281481481481482,0.006617099684185925,0.8666666666666668,0.7740554936207109,0.6666666666666666,0.7148531706625052,0.6326200019609494,0.6285575033934954,0.5999999999999999
Juncus arcticus,44,29,0.9281045751633987,0.08212958610431248,0.846376811594203,0.75,0.6933333333333334,0.7068686868686869,0.6162974035898415,0.6067306588109542,0.5913725490196079
Botrychium lunaria,983,645,0.928089257456483,0.015129053937691003,0.8775193798449614,0.7781765810162348,0.7147286821705425,0.7442115013586411,0.6656614133322591,0.6639876806368953,0.6465116279069767
Pedicularis recutita,692,373,0.9280861699303402,0.017187783911803995,0.8760117618010821,0.7743145743145744,0.7157837837837838,0.7431449798943349,0.66309195362564,0.6616394307612803,0.6451800041553405
Poa alpina,1190,606,0.9279176276503567,0.009795363108342099,0.8749970179773368,0.7966927421001502,0.6716027638531363,0.7280342891312743,0.6522559799662363,0.6477632608154629,0.61438725209217
Pulsatilla alpina,3158,1455,0.9278098589608847,0.0059671215195727404,0.8587628865979383,0.7334279990104864,0.6865979381443299,0.7079381507896201,0.6166376027155036,0.6150835455760323,0.6027491408934709
Elodea densa,41,24,0.9278095238095239,0.04162852676185903,0.801578947368421,0.75,0.39,0.47698412698412695,0.4234633930416919,0.37733305965353525,0.3338095238095238
Asperugo procumbens,82,58,0.9277756557168322,0.03886556780406449,0.8578168362627198,0.8669841269841271,0.5196969696969698,0.6318620079610792,0.5912609539397844,0.5548480779203163,0.4909574738986504
Galium anisophyllon,902,456,0.9277622887793738,0.008959339803384295,0.865672136083095,0.7758066467147653,0.6512661251791687,0.7075928510987299,0.625667086812116,0.621339973047933,0.5883961484405787
Ranunculus thora,328,112,0.9276931432120957,0.026982375545503045,0.8705118601747814,0.8322994987468672,0.6146245059288538,0.7017369627276748,0.6366272443518068,0.6217105423778974,0.5699800809947011
Neotinea tridentata,81,43,0.9276752136752137,0.02886533202298455,0.8897478991596639,0.9380952380952381,0.6055555555555555,0.7309523809523809,0.6941825125655221,0.6662254548811213,0.5901709401709402
Oenothera lindheimeri,35,32,0.9276691729323309,0.06954055810677225,0.8827692307692308,0.8266666666666668,0.6904761904761905,0.7447552447552448,0.6800844357473702,0.6701510941678451,0.6383709273182957
Centaurea nervosa,631,441,0.9276024877925282,0.01628367757520472,0.8905839557043522,0.812996491239463,0.7302349336057201,0.76903553364344,0.6996498785465252,0.6976669233968689,0.6743029724850798
Omalotheca norvegica,186,141,0.927550985911606,0.017294975259290656,0.8528919089759797,0.7202503716090672,0.6805418719211822,0.6982753280149616,0.6027971579774254,0.6012276699990738,0.5906539167391095
Artemisia umbelliformis,75,52,0.9274523460410556,0.035703527039151285,0.8512195121951219,0.7073504273504273,0.68,0.6780205949656751,0.5946429852720547,0.5857964291377078,0.5900806451612902
Najas marina,78,50,0.9273333333333333,0.017688665548562098,0.86,0.825,0.6,0.6628154009732957,0.6110412100409763,0.5822585959767369,0.5466666666666666
Hedysarum hedysaroides,1313,649,0.9272757607598561,0.012361309702223478,0.8701897139469393,0.7474301037164365,0.7272987477638642,0.7364893243703609,0.6511458653570463,0.6504701365910832,0.6451116803325807
Gleditsia triacanthos,133,104,0.9272484334235486,0.02107172381914954,0.860556511761331,0.7851324786324787,0.6752380952380952,0.7003004968962416,0.6325824549694339,0.6129515201729365,0.5983307731694828
Saxifraga hostii,98,62,0.9271683626946784,0.04736075338886386,0.8990204081632653,0.82012987012987,0.7756410256410258,0.7944258639910814,0.7306038008692863,0.7278279811008865,0.7163238136922347
Pterocarya fraxinifolia,299,89,0.9271467916306984,0.028599035058556415,0.8706964006259781,0.7757106670419364,0.6836601307189543,0.7222757210992505,0.6439481835438461,0.6388992844202683,0.6160850084268509
Tragus racemosus,53,36,0.9271181199752627,0.0651851649179823,0.8820197044334975,0.8695238095238095,0.6392857142857143,0.7326340326340326,0.6741977092451289,0.6588771663336555,0.6016233766233766
Pentanema hirtum,73,41,0.9271018518518517,0.0770626938222998,0.9149621212121213,0.8984126984126984,0.7611111111111111,0.8192296918767508,0.7725228630205143,0.7644880710361339,0.7284444444444444
Potamogeton perfoliatus,130,81,0.9270595738295319,0.036613422756468963,0.8580288461538462,0.8010101010101011,0.5801470588235295,0.6667619047619048,0.5964976869030811,0.5805448749389658,0.5309123649459784
Pseudathyrium alpestre,294,230,0.9269691241335855,0.019741108878574345,0.8663043478260869,0.7887096118675065,0.6347826086956523,0.7032702237521515,0.6244864672991584,0.6183357044591251,0.5782608695652174
Ficus carica,1445,1020,0.9269255414584135,0.006378180330376803,0.8629901960784314,0.738507849203591,0.7029411764705882,0.719657344195926,0.6299374247148926,0.6291330579573029,0.619281045751634
Knautia velutina,36,21,0.926923076923077,0.07337993857053428,0.8816176470588235,0.7933333333333333,0.65,0.692063492063492,0.6426504653075776,0.6246530458525562,0.6025641025641025
Arnica montana,9701,3390,0.9268768690375708,0.002914076475428836,0.8676253687315635,0.7549999547858552,0.6970501474926254,0.7246588735673923,0.6387643428916071,0.6377315657705703,0.6215339233038348
Oreopteris limbosperma,444,232,0.926861523864033,0.020109519874286493,0.867503632664923,0.784417495470847,0.6467160037002775,0.7073460170648925,0.628890353369912,0.6230653354301728,0.5878156953755089
Avenella flexuosa,1697,926,0.9267865447503917,0.010173345460608345,0.8866090381879855,0.846148065771842,0.6684742807323453,0.7465602142880464,0.6828427171558943,0.6748465392871303,0.6277982809915974
Bidens bipinnata,25,24,0.9267619047619048,0.08267324968302585,0.8642105263157894,0.8400000000000001,0.63,0.6953968253968253,0.6387429860165724,0.6129746197867524,0.5747619047619048
Arctostaphylos uva-ursi,835,466,0.9266454766397203,0.015330883255031912,0.8653463634005016,0.8027005624011909,0.6115762983299016,0.6940786352654668,0.6191457194848821,0.6098003662136161,0.5615020535782376
Metzgeria pubescens,41,36,0.926530612244898,0.03240037817557392,0.8613300492610838,0.7595238095238096,0.6500000000000001,0.6832767232767233,0.6128142064769119,0.6016041919510853,0.5854978354978354
Clinopodium grandiflorum,141,100,0.9265000000000001,0.009565563234854494,0.885,0.8607708468002585,0.65,0.7389362624656742,0.6790239100196176,0.6670518014112851,0.6133333333333334
Bartsia alpina,3865,1747,0.9264000385839619,0.007008107567569375,0.8636230508252407,0.7406766532876427,0.6994875153499794,0.7193305330682265,0.6299428991372249,0.6293776657847332,0.6178221342891363
Geum reptans,583,183,0.9263391164308595,0.030426483563236593,0.8729475351784549,0.8130431321198841,0.65,0.7187193650614253,0.64739233516648,0.6381835956177391,0.5972060050041701
Allium angulosum,93,46,0.926331569664903,0.06249925829059503,0.8915915915915915,0.8456349206349205,0.7,0.7638888888888888,0.7011485029837339,0.6945760396777377,0.656084656084656
Hedlundia mougeotii,494,351,0.9262984215380298,0.018968286826993114,0.8703965429588205,0.7996024184170778,0.6471227364185111,0.7113791209154299,0.6379458985063231,0.6296587873804176,0.5920651873325259
Lonicera periclymenum,1478,1047,0.9262762826056786,0.006605096391565044,0.8729651585529636,0.7945848468495346,0.6637275005696058,0.7229201277411695,0.6460221707243478,0.6414148022864273,0.606417849217242
Cyclamen purpurascens,1140,567,0.9262493555910167,0.01768356977988988,0.8690375470432068,0.8145684392486594,0.6190653625213477,0.7028965235451823,0.6309233618169618,0.6208936478511546,0.5714441791506386
Torminalis glaberrima,540,401,0.9262452716518963,0.009170284742563335,0.8697059968847352,0.796470779365994,0.6432407407407407,0.7110817476526121,0.6346519417774994,0.6282856724373187,0.5883721376978638
Juncus filiformis,756,182,0.9261325128297605,0.031067875089709707,0.8805101558809636,0.8419722678343368,0.6435435435435435,0.7293101343101343,0.6642801395090734,0.6544607483349552,0.6031932516336186
Viola suavis,32,29,0.9261220043572985,0.07341570809991975,0.827536231884058,0.95,0.35333333333333333,0.4904761904761904,0.5025000966743092,0.41871713906798097,0.34222222222222215
Leucanthemum heterophyllum,22,22,0.9260439560439562,0.07075045822956393,0.8875816993464053,0.76,0.62,0.6806349206349206,0.624874741306077,0.6240160454037008,0.5903296703296703
Campanula portenschlagiana,51,40,0.9260416666666667,0.03930825471690257,0.8625,0.800952380952381,0.6,0.6823443223443223,0.6099292718690571,0.5976661020139281,0.55
Majovskya ambigua,43,21,0.926025641025641,0.03494995012595451,0.8455882352941175,0.7933333333333333,0.51,0.6076190476190476,0.5456447650669712,0.5187556099551204,0.46256410256410263
Erysimum rhaeticum,166,111,0.9258937972730669,0.01861086001034324,0.878370786516854,0.8658613445378152,0.6122529644268775,0.7161043634727846,0.6579355704682038,0.6414515811820649,0.579281458321043
Saxifraga cuneifolia,582,379,0.9256224870275231,0.014661715420182358,0.8674396387007122,0.7773124335941273,0.6569824561403508,0.7111615988134684,0.63044216468263,0.6261303322108318,0.5945665043666434
Homogyne alpina,2289,1245,0.9255151798626903,0.0028390886665273377,0.8666666666666668,0.7733019441895111,0.6610441767068274,0.7125543249779459,0.6298886354915101,0.6264643958000359,0.5962516733601071
Azolla filiculoides,89,32,0.9253759398496241,0.04799695056089849,0.8978461538461537,0.9047619047619048,0.6857142857142857,0.7653679653679653,0.7232829014658292,0.7029829415143605,0.6541353383458647
Acanthus mollis,174,105,0.9253212396069539,0.031228550598445766,0.869047619047619,0.7755889724310776,0.6761904761904762,0.7201953601953601,0.6395726980766498,0.6354243532328088,0.6095238095238095
Festuca myuros,84,70,0.9251700680272108,0.043889414627768526,0.8714285714285713,0.7779545454545455,0.7142857142857142,0.7355562218890555,0.6591736210307287,0.651524088733391,0.6380952380952382
Sphagnum magellanicum,25,21,0.925128205128205,0.12294490783112658,0.8691176470588236,0.9,0.54,0.6419047619047619,0.6209724245628234,0.5800258221310853,0.5233333333333333
Carex pilulifera,791,538,0.9250927034010944,0.014203657203779467,0.8801100739221928,0.8449688701135377,0.6375908618899272,0.7266032553071079,0.6624726454967713,0.6517662209368847,0.5985565754064551
Genista pilosa,308,153,0.9249709477058705,0.031019846959795237,0.8643609222977476,0.8640154582259845,0.5412903225806451,0.6612027171553132,0.6099594566547106,0.5831469670979301,0.5129816747067799
Arctostaphylos alpinus,170,120,0.9248842592592593,0.019947741224824556,0.8583333333333332,0.7359190880750102,0.7,0.7132239691005533,0.6232246795359347,0.619786094334157,0.611111111111111
Helleborus viridis,669,362,0.9247698997639707,0.012339476621096494,0.8777759217277176,0.8217629351733994,0.6602359208523593,0.730322068306091,0.6603807485207134,0.6525683599703977,0.6104917023599904
Asperula taurina,418,273,0.9247287378246529,0.010021733209094653,0.8598885677181517,0.8372202528654142,0.5492929292929294,0.6621099237657712,0.5997036465750724,0.5784966278597767,0.5126776367596358
Genista radiata,157,79,0.9246797429078013,0.03789825967056206,0.8606646825396826,0.9218181818181819,0.495,0.6298404558404559,0.6029080849065226,0.557167811368638,0.4779787234042553
Pseudorchis albida,1602,1017,0.9245224548848885,0.0044078832209561505,0.8635683654133839,0.7503475379175307,0.6824012363566117,0.7141754665883736,0.6265414976003072,0.6249053329622519,0.6063587368261455
Chondrilla juncea,105,75,0.9244444444444444,0.009228095705124397,0.8633333333333333,0.8064935064935064,0.6000000000000001,0.6797363555984244,0.6119000576531981,0.5969599945209701,0.5511111111111111
Aposeris foetida,784,450,0.9244115226337449,0.009778990100953016,0.875,0.817064178683897,0.6466666666666667,0.7212683170932103,0.649882804025987,0.642128550308237,0.5977777777777777
Cicerbita alpina,1300,701,0.9244093752660849,0.014861436221885092,0.85948752228164,0.7371660274496403,0.6833535967578521,0.7083584117232038,0.6174848675162964,0.6160754817471693,0.6015540265734838
Paulownia tomentosa,5561,1515,0.9243915810722987,0.0032204066582489,0.8590759075907591,0.7600163805553828,0.6396039603960395,0.6938414659850229,0.6075985453886483,0.603283377530908,0.5718371837183718
Leycesteria formosa,206,101,0.9243883684621391,0.02480393111750139,0.8663580246913579,0.7961134453781512,0.6242857142857143,0.699081434375552,0.6229156201044461,0.6150298928036555,0.5714441842310695
Ricinus communis,51,34,0.9243764172335602,0.059479715878648275,0.8751322751322752,0.8528571428571429,0.6476190476190475,0.7161904761904762,0.6621901734978541,0.6399710233983631,0.598095238095238
Ludwigia palustris,56,21,0.9243589743589744,0.07026763900535758,0.8448529411764707,0.7333333333333333,0.5700000000000001,0.6309523809523808,0.5506815065738664,0.5378493818599128,0.5071794871794872
Molinia arundinacea,603,297,0.9243149819472182,0.012444414420702364,0.8695209729461404,0.8759702086531354,0.5588135593220339,0.6809863057351088,0.6289874224602363,0.6041177819707837,0.531891206676249
Gladiolus palustris,124,65,0.9242603550295858,0.03697580482982403,0.846153846153846,0.8222222222222223,0.4769230769230769,0.6004556846662109,0.5459529691896942,0.5159243697478992,0.4461538461538462
Bupleurum stellatum,356,226,0.9242082451875007,0.013561190640304446,0.8627931246163291,0.738049431965057,0.7032850241545894,0.7183427442123095,0.629602085274156,0.6279387274142698,0.6191782703419533
Stuckenia pectinata,150,75,0.924148148148148,0.04416107193386979,0.86,0.7706060606060606,0.6266666666666666,0.6887749287749287,0.6070441310205263,0.6000929152148664,0.5644444444444444
Capparis spinosa,51,41,0.9241435185185185,0.06756696939499061,0.9024621212121213,0.8883116883116884,0.7305555555555555,0.772511961722488,0.7385248086947721,0.7145635740234548,0.6895555555555555
Pyracantha coccinea,566,440,0.9240185950413224,0.02167568092485558,0.8613636363636366,0.740266209228765,0.6977272727272728,0.7168567412159319,0.6268906733260735,0.625264603336159,0.6136363636363636
Galium obliquum,42,23,0.9239560439560439,0.04288052334913053,0.85906432748538,0.8666666666666666,0.52,0.6476190476190476,0.5963992121048057,0.5658136368551248,0.49142857142857144
Hieracium dentatum,61,44,0.9238841405508073,0.04414156829650786,0.8296825396825398,0.6905555555555555,0.6333333333333333,0.6476190476190476,0.5474394320454076,0.5378085735402809,0.5284900284900285
Orobanche hederae,248,149,0.9237697992451963,0.034421903877689654,0.8607142857142858,0.8006864988558352,0.5898850574712643,0.6777610529632092,0.603881911661782,0.5917249565315277,0.5406965431142107
Cystopteris alpina,174,110,0.9235537190082643,0.02057373608187199,0.8522727272727273,0.7349297592971035,0.6454545454545454,0.6837858789335042,0.5928982420302127,0.5884018273546046,0.5666666666666667
Saxifraga oppositifolia,960,455,0.9233908948194662,0.008476797429425805,0.8604395604395604,0.7481904590755591,0.6791208791208792,0.707648395482185,0.6211354852208865,0.6167497749885005,0.6
Hymenoloma crispulum,99,74,0.9233083213083214,0.01743063089801111,0.8412429378531072,0.7512087912087912,0.5657142857142856,0.63735960591133,0.5524319121554594,0.5390079074705282,0.49803751803751795
Panicum dichotomiflorum,61,44,0.9229977841088951,0.04333417495354561,0.8804761904761905,0.8305555555555555,0.6555555555555556,0.7278804855275443,0.6639388845329662,0.6531255432982782,0.6102564102564103
Falcaria vulgaris,53,41,0.9229768518518519,0.049350400402532295,0.8475378787878789,0.7739682539682541,0.5888888888888889,0.6597716009480715,0.5797973905983789,0.565291471286151,0.5242222222222221
Hordelymus europaeus,1320,885,0.9229723259599731,0.007821047143719378,0.8618644067796609,0.757290760551937,0.6598870056497175,0.7045478751544232,0.6180109074194247,0.6150536302468994,0.5890772128060264
Carex otrubae,89,55,0.9228650137741047,0.0341864287768343,0.859090909090909,0.8634920634920634,0.5818181818181818,0.6691764705882353,0.6202247941430439,0.5865075969636593,0.5333333333333333
Phlox subulata,52,46,0.9228218694885362,0.027824372331710596,0.8207207207207208,0.7528571428571429,0.4111111111111111,0.5242404654169361,0.4605049552667014,0.42850241580535486,0.3674603174603175
Viola lutea,476,144,0.9228103441691916,0.030914865282984014,0.8958920539730135,0.9502277432712216,0.6184729064039409,0.7435421721136006,0.7108871241027492,0.6829780121950827,0.6069251918891052
Gentiana acaulis,2431,1359,0.9227368684789499,0.0071631241695529185,0.8603742762054225,0.7504401914640344,0.6636884089429129,0.703756480710222,0.6153567634232735,0.6129243030027117,0.5896164734202376
Galeopsis pubescens,102,82,0.9227043817527012,0.05982285479581281,0.8781818181818182,0.8315018315018315,0.6588235294117647,0.7282376882376883,0.6634982268842666,0.6515057149820314,0.60984393757503
Pseudoturritis turrita,594,370,0.9226442658875091,0.011428220281925902,0.8608108108108107,0.8125243664717349,0.5837837837837837,0.6768187144806724,0.6060387194883846,0.5912855721180362,0.536936936936937
Antennaria carpatica,83,62,0.9226437976437977,0.032289389199406805,0.8706938775510205,0.7252474323062559,0.808974358974359,0.7550329619295136,0.678497856567917,0.6692242680214565,0.7012929933982566
Tetraphis pellucida,173,127,0.922618013565382,0.026122720308286124,0.864181712288876,0.8459899749373434,0.5753846153846154,0.6714867888600091,0.6168149872983599,0.5919934595849486,0.536115989273884
Cuscuta campestris,27,24,0.9225714285714286,0.030457732505683278,0.8336842105263157,0.8166666666666667,0.52,0.5742857142857142,0.5398261583701501,0.4885263073348938,0.4647619047619047
Veratrum lobelianum,358,274,0.9225607093352843,0.008062601187362272,0.861315898713159,0.7708395321826973,0.6353535353535353,0.6951041447506838,0.6123691952455426,0.6066725774686221,0.5721162847992116
Lotus alpinus,433,292,0.9225413026482576,0.019916690769232876,0.8527089982025604,0.7365056176343592,0.647282291057861,0.6872679874039289,0.594959185495056,0.5916189497332084,0.5684706027461726
Alchemilla alpina,476,343,0.9223032023916445,0.014290241263108999,0.8593550099535502,0.771174621703729,0.6329070758738278,0.6910641710809358,0.6091732666348777,0.6016487386325308,0.5677638127907116
Hieracium prenanthoides,132,91,0.922252741843385,0.035889288034082825,0.8707762557077625,0.8047619047619048,0.6385964912280702,0.7117424242424242,0.6372379582697159,0.6300779756442222,0.5871486797802586
Utricularia australis,85,49,0.9222120051085568,0.03588995361025049,0.8417948717948718,0.7647619047619048,0.5488888888888889,0.624964349376114,0.5508586050810136,0.5303516342848893,0.4875095785440613
Morus alba,29,26,0.9221666666666668,0.055816166515127524,0.8938095238095238,0.8699999999999999,0.6866666666666666,0.7629292929292929,0.7068504640575313,0.6956668260964639,0.6483333333333334
Chamaecyparis lawsoniana,219,166,0.9221138659320477,0.03383011058939815,0.8629528366370472,0.7774603174603175,0.6326203208556149,0.6973493316800088,0.6155967520249676,0.6100383064567022,0.5723778966131906
Potentilla aurea,2073,1258,0.9220181805606448,0.008772887181828733,0.8636713976320823,0.7565381259088656,0.6716530702586478,0.7108160846547991,0.6245438604043484,0.6221322930535631,0.5993155151442031
Koelreuteria paniculata,94,63,0.9218568771200351,0.060272336785998464,0.8687058823529412,0.7854256854256854,0.6628205128205129,0.7142804860196165,0.6372567723977316,0.629976678851583,0.5993781230623336
Potentilla indica,732,476,0.9218418276091407,0.007937946186286017,0.8587125293548832,0.7546448527068682,0.644890350877193,0.695218520271214,0.6073461233249879,0.6040201028333082,0.5748596797938903
Anemonastrum narcissiflorum,957,454,0.9217193215221657,0.015258842568191645,0.8700375382193565,0.7848835341365461,0.6628571428571429,0.7177468411838219,0.6387008797408527,0.6342163225983132,0.6019166127989657
Melampyrum sylvaticum,2074,1246,0.9217178125440505,0.008288432874461956,0.865772216247135,0.7687708291972735,0.662936546184739,0.7115237677283563,0.6279271896886938,0.6247365921348106,0.5963192749608057
Astragalus cicer,89,71,0.9216337077466645,0.01557529505337058,0.8909147869674184,0.9618181818181817,0.5914285714285714,0.7223066361556064,0.6961676193372772,0.6613341934595315,0.5819047619047619
Paradisea liliastrum,2313,1150,0.9216194076874606,0.010531128924544756,0.8608695652173914,0.7678883486176217,0.6373913043478261,0.6963392791969022,0.6117097431805275,0.6071020862138985,0.5727536231884057
Bassia scoparia,142,62,0.9215678228836124,0.027199515435403596,0.8910204081632653,0.9377777777777776,0.6115384615384615,0.730628128097505,0.6965496393716663,0.6675911649300434,0.595464492832914
Carex magellanica,60,37,0.9215273856578203,0.052745003881223634,0.8517241379310345,0.7300000000000001,0.6785714285714286,0.6926416720534367,0.6053501784581969,0.5967870866869074,0.589243365330322
Pedicularis oederi,85,44,0.9215099715099715,0.037223942160286516,0.8806349206349205,0.8800000000000001,0.6333333333333333,0.7272498554077502,0.6740501533273016,0.653452744693966,0.5951566951566951
Globularia nudicaulis,1395,773,0.9214193617887336,0.016617259699224222,0.8703091425255266,0.7671705188423733,0.6947046501885211,0.7285500877247276,0.6454617936033193,0.6436505026279359,0.6235467221331104
Oxytropis halleri,75,48,0.9213136288998358,0.06088022588406987,0.8437246963562753,0.8333333333333334,0.4377777777777778,0.5551404151404151,0.524443083133801,0.4828908572542597,0.41708812260536393
Hornungia petraea,119,60,0.9212962962962964,0.04409099426225604,0.8416666666666666,0.8147619047619047,0.4666666666666666,0.5811477222467935,0.5309877593799196,0.4972278000086677,0.4333333333333334
Primula hirsuta,1226,692,0.9212323298269954,0.015035371524376995,0.8562132379342087,0.7430965733619124,0.653247836513398,0.694429613411671,0.6037242397827451,0.6009875773623635,0.57714380500274
Senecio inaequidens,196733,4427,0.9210266721536076,0.0028201195303539494,0.8635080610118366,0.7694151465285054,0.6482990906888064,0.7035063699195824,0.6196488384844385,0.6157254938382258,0.5835451275271648
Hibiscus moscheutos,106,66,0.9209411101718794,0.04862491718313779,0.8558055152394776,0.7307792207792209,0.6494505494505495,0.674781954887218,0.5945680298695595,0.5858946910687491,0.5738095238095238
Phyllostachys aurea,203,137,0.9207546407076233,0.02808422415327631,0.8594495412844037,0.7697732919254658,0.6415343915343915,0.6941560982444756,0.6121191222838106,0.6042162842861171,0.5732710944435894
Vicia faba,1161,574,0.9206421148782038,0.019666547080796615,0.8571497584541063,0.7519377779065385,0.6427307398932113,0.6905793992300417,0.6036202776158693,0.5988197207835164,0.5713033721817182
Hornungia alpina,767,390,0.9205566513258822,0.013842186096514175,0.8711538461538462,0.7583667115357257,0.7128205128205128,0.7339909730345548,0.6503876292115005,0.6491775282196044,0.6367521367521368
Rabelera holostea,928,668,0.9205442694464601,0.010693697942379447,0.8712576569008366,0.8014333354046272,0.646852205139715,0.7145750109089329,0.639761633810345,0.6328454011707164,0.5929581901771215
Primula auricula,1502,751,0.9204820411948049,0.010481615777010721,0.864516361619523,0.7744247334792398,0.6498543046357617,0.705496537129354,0.6233540206539219,0.6185136224255467,0.585947923753771
Alpagrostis schleicheri,162,47,0.9204625068418173,0.07154722773600722,0.8507823613086771,0.8071428571428572,0.5266666666666666,0.6331900452488688,0.5669552427172508,0.5453128337302973,0.484055829228243
Sempervivum arachnoideum,1252,710,0.920399391655095,0.008640996546186606,0.8806338028169016,0.8099451140851956,0.6845070422535211,0.7416239402961151,0.6689472003611325,0.6647236126521217,0.6305164319248826
Sempervivum wulfenii,42,30,0.9203703703703704,0.0408248290463863,0.8583333333333332,0.79,0.5999999999999999,0.6799999999999999,0.6017612388474347,0.5911764705882352,0.5444444444444444
Helianthemum italicum,48,31,0.920356446672236,0.034908352369720425,0.8546666666666667,0.7842857142857144,0.6142857142857142,0.6818648018648019,0.6023311340540836,0.59003664607133,0.5499582289055972
Quercus petraea,3061,1837,0.9203451504455818,0.004034803226763392,0.8658119966843103,0.8002869461157985,0.6172876436441179,0.6968098828571975,0.6211250473032036,0.6125152335888344,0.565934709146057
Iris graminea,251,128,0.9203354014406646,0.019192562256717435,0.8828288596992195,0.8710875654609669,0.6323076923076922,0.7293510440926855,0.6728910125822324,0.6570558411094928,0.5983705767916294
Cerinthe glabra,144,89,0.9203169318041683,0.013936616712981971,0.8567292644757434,0.7821491228070175,0.6176470588235294,0.6825067025878385,0.6039371608341146,0.5921884264976575,0.553705759033173
Biscutella laevigata,1150,706,0.9203011631894686,0.005143099335991823,0.8597709157095338,0.7793931241404021,0.6133053640994905,0.6863093814490461,0.6048694058172975,0.5976508117926974,0.5552363155246209
Sphagnum quinquefarium,72,47,0.9202654625068417,0.031972759714678424,0.8460881934566146,0.7658730158730158,0.5355555555555556,0.6180018674136321,0.5490667423740022,0.5299876480140702,0.48604816639299403
Elaeagnus angustifolia,53,33,0.9202631578947369,0.07064272900188966,0.8638176638176638,0.82,0.6619047619047619,0.6752424046541694,0.6303670954819363,0.5991683554886349,0.5897994987468671
Euphorbia maculata,207,165,0.9201714110805022,0.027239985746926123,0.865151515151515,0.7620389413064729,0.6666666666666667,0.7076349656091037,0.6257585910132615,0.6211945571082438,0.5979797979797981
Lunularia cruciata,67,45,0.9201646090534978,0.01718568972660174,0.8388888888888889,0.7377777777777779,0.5777777777777777,0.6410830999066294,0.5508822137034074,0.5399541682150378,0.5037037037037038
Gentianella campestris,2358,1304,0.9201239675926673,0.010747876367522368,0.8684782329193345,0.759059614640167,0.6970910698496906,0.7261139132006909,0.6413129575529689,0.6398386348448305,0.6227040803379105
Lactuca perennis,870,431,0.920114419289183,0.011897599521573248,0.8671671722278397,0.819222645960469,0.6032611601176157,0.694463777693561,0.6240186437301996,0.612071429745965,0.5583927036212522
Draba dubia,41,39,0.9200828157349896,0.038945758630091296,0.8463709677419354,0.7183333333333334,0.6678571428571429,0.6837301587301587,0.5900411830246233,0.5829428381632357,0.5732919254658386
Abutilon theophrasti,731,522,0.9200821702937045,0.009733672772756235,0.8577501635055592,0.7676407575830588,0.6185897435897436,0.6841347372658417,0.6002188284451948,0.593866663763497,0.5560024946530105
Anthriscus nitida,121,63,0.9200651055914214,0.02951096065951442,0.8609411764705882,0.8224386724386724,0.5717948717948718,0.6700395256916997,0.6046417253055785,0.5863459781605889,0.5295473611263085
Plantago atrata,490,289,0.9200377980846168,0.01427589856015075,0.8425212718316166,0.7424936698521605,0.5742891712038717,0.6466028167204638,0.5555823098181811,0.5473844637095107,0.5061940280240166
Cortaderia selloana,100,82,0.9199903961584635,0.0447605169718028,0.8995337995337994,0.8305402930402931,0.7573529411764706,0.7892699949835328,0.7273423277115668,0.7236633469442965,0.7044549819927972
Ribes petraeum,70,65,0.9199211045364892,0.03259156223390116,0.8576923076923076,0.8969696969696969,0.5076923076923077,0.6279560308972074,0.5954446023011404,0.5519093286835222,0.482051282051282
Corallorhiza trifida,308,180,0.9198559670781894,0.017606274611299613,0.8666666666666666,0.7926145168636826,0.6388888888888888,0.7062038972101561,0.628209005241426,0.6212621079821474,0.5814814814814815
Dianthus seguieri,265,176,0.9198304596471714,0.03235895477264291,0.8749442755825735,0.8255357142857143,0.6361904761904762,0.71436087958476,0.6480214060181593,0.6366706087312786,0.5906918238993711
Adenostyles alliariae,2158,1210,0.9197897456913233,0.0024342518207530446,0.8568181818181818,0.7580966761844354,0.6280991735537189,0.6860383435640264,0.5995468186104592,0.594517176573917,0.5611570247933886
Zannichellia palustris,37,26,0.9196666666666667,0.04810174402012649,0.8366666666666666,0.7433333333333334,0.5399999999999999,0.5968831168831168,0.5298559167577126,0.5047577550613191,0.4766666666666667
Rubus fruticosus,5051,3026,0.9195539124296065,0.0072130700396454426,0.8484794890438689,0.7410386442129259,0.6047410195565012,0.6657039321482087,0.5741917728286269,0.569118109495766,0.5344609258683177
Carex atrata,88,74,0.9195247715247715,0.021941624785761223,0.8309604519774012,0.710986790986791,0.5685714285714286,0.626356083252635,0.5286115711213909,0.5196680907567128,0.4875613275613276
Vaccinium uliginosum,3145,1423,0.9194886223786369,0.013130058317086832,0.8622634784312696,0.7700648994992404,0.6408796639486039,0.6987729360529151,0.6153948397773513,0.6105864185918453,0.5769295883097924
Salix appendiculata,542,314,0.9194438319995291,0.021202231575063336,0.8630462277872637,0.7875136554621849,0.627342549923195,0.6946616407462342,0.6172355287183346,0.6082353535832898,0.5689557436640483
Hieracium villosum,476,321,0.9193900006850338,0.023189966610218243,0.8637068336575876,0.7624263351581397,0.6698557692307692,0.711855835093784,0.6263305603687261,0.6231223702840998,0.5982236448784376
Moehringia ciliata,151,104,0.9193838538999829,0.04052758894118914,0.8463281698221458,0.6969131161236424,0.6838095238095239,0.6885803627267043,0.5881590491052996,0.5868783103051893,0.5844751664106503
Koenigia polystachya,1646,315,0.919106407995297,0.02616576041858831,0.8595238095238095,0.7664995405596909,0.6285714285714286,0.6891872425524455,0.6057508145040258,0.5999163450976264,0.5650793650793651
Jacobaea paludosa,201,73,0.9190858753649451,0.02887792063694092,0.8663354763296318,0.8483516483516483,0.6019047619047619,0.6866331624952314,0.6308427169322315,0.6064970119093039,0.556133091714487
Artemisia campestris,298,146,0.919075235109718,0.014746675931123592,0.8698054818744474,0.876929120930669,0.554022988505747,0.6774960664784901,0.6272699421180772,0.6016874988994748,0.5288923719958204
Medicago minima,248,164,0.9190451593860685,0.022172881209375352,0.8688989127920426,0.803989417989418,0.6274621212121213,0.7041530054644809,0.6300135648839449,0.6217006438806589,0.576689084724799
Medicago arabica,96,81,0.9190263605442176,0.05061383140320303,0.8796634615384615,0.8207142857142857,0.6647058823529411,0.7222168387946789,0.6611371445927731,0.6488340479368553,0.6153011204481793
Pedicularis foliosa,1276,600,0.9189907407407407,0.008453995268997368,0.8704166666666666,0.7812072369961285,0.6716666666666666,0.7214912675662829,0.641408939212426,0.6377479163617694,0.6083333333333334
Euphorbia seguieriana,105,60,0.9189814814814815,0.03455205214267645,0.8666666666666666,0.8854545454545455,0.5666666666666667,0.6731258511309662,0.6294790256284026,0.596415268301678,0.5333333333333334
Pseudosasa japonica,280,181,0.9187686412202212,0.024158329616874728,0.8674329501915707,0.8050648604269295,0.6352852852852854,0.7067109685964182,0.6323270278716004,0.6226782234735687,0.580052529593814
Alchemilla hoppeana,89,78,0.9187079864323158,0.04548311660520177,0.8845366103430619,0.8692307692307691,0.6383333333333333,0.7259255686841894,0.6747806342524468,0.6565647491905972,0.6041982732038236
Campanula thyrsoides,1659,597,0.9185710007381053,0.008938090107237682,0.8689245019867899,0.7723518208873384,0.6766806722689076,0.7200787753027806,0.6384006366891721,0.6351422611694861,0.6096804699689122
Silene flos-jovis,76,60,0.9185185185185185,0.032716777303805095,0.8541666666666666,0.8695238095238096,0.5,0.6268442943365544,0.5820200332351261,0.5455482126109621,0.4722222222222223
Bidens frondosa,171,77,0.9184323928461302,0.014499233728851294,0.8636171337916446,0.7819444444444444,0.65,0.6994408602150538,0.6247034330859151,0.6136249622914594,0.5852451433857538
Helianthemum alpestre,95,63,0.9184256118466646,0.03626931503369383,0.8651764705882353,0.7839393939393939,0.6346153846153847,0.6994334650856391,0.620929269258116,0.6141252798876411,0.5764361527519423
Acer opalus,1214,684,0.9183452378650052,0.009286065088564171,0.86440104618423,0.8206776743059683,0.5863353370545298,0.6836478355105584,0.6143655663610474,0.600419654202248,0.5434405533621673
Monarda didyma,32,24,0.9182857142857144,0.06539300343277699,0.8536842105263158,0.9333333333333333,0.45999999999999996,0.5952380952380952,0.5810012939200568,0.524540498624964,0.44666666666666666
Valeriana montana,1576,819,0.9181134706507231,0.011319168501764973,0.8626438279649973,0.7791977413941539,0.6300538680233427,0.6963857607370639,0.6149030971567268,0.6089317141446645,0.5702265701576962
Hedera colchica,111,97,0.918062690331908,0.03252020007639864,0.8865134865134866,0.8305555555555555,0.6905263157894737,0.7466021375277274,0.6845802837977936,0.6756664407872919,0.6422504537205082
Luzula pediformis,38,22,0.9180219780219779,0.04225185411822739,0.818954248366013,0.6233333333333333,0.73,0.6712121212121211,0.5512748568414484,0.5471296555518734,0.5783516483516484
Sabulina verna,317,187,0.9178046654845676,0.03142281573375773,0.864993288590604,0.7393314014027087,0.7106685633001422,0.7237919798291316,0.6354807227356994,0.6346000160355532,0.6269454280283344
Selaginella helvetica,132,99,0.9177060660124889,0.046249017943982534,0.8940506329113924,0.9019841269841269,0.6457894736842105,0.7473460612315102,0.7019145350975264,0.6835749647021744,0.6221736544751709
Geranium sibiricum,30,29,0.9176906318082789,0.04456675042052286,0.792391304347826,0.5266666666666666,0.31333333333333335,0.3843434343434343,0.31988374365298766,0.3029283212487547,0.26758169934640524
Senecio hercynicus,130,115,0.9175803402646503,0.01901834524810171,0.8499999999999999,0.7943822843822843,0.5739130434782609,0.6541968899329241,0.5821172600780655,0.5628510364895289,0.5159420289855072
Scabiosa triandra,94,73,0.9175616631430584,0.028292809572393635,0.8526008182349504,0.7958333333333333,0.5895238095238095,0.6596114757405079,0.591139993535786,0.5706314173092737,0.5296929427161985
Rubus phoenicolasius,1256,529,0.9174235569664301,0.020993022602196203,0.8643661626299121,0.7916411218372003,0.6218328840970349,0.695812113407419,0.6180530898683956,0.6102454105957407,0.567002814458323
Dianthus glacialis,40,29,0.9173856209150326,0.05504897838227443,0.8456521739130434,0.7266666666666666,0.5599999999999999,0.6140404040404039,0.5425219564152028,0.528927118161145,0.502483660130719
Luzula sudetica,65,56,0.917312159023389,0.04494511442752814,0.8793939393939393,0.8194444444444444,0.6803030303030304,0.7391304347826086,0.6699472347852474,0.6620332938997004,0.6268270944741533
Gentiana brachyphylla,334,221,0.9172421699335574,0.020879719654065054,0.8540832049306626,0.7418095887929008,0.6376767676767676,0.6855851767820005,0.5943297981669218,0.5913156926483706,0.5637988911673122
Calypogeia azurea,22,21,0.9171794871794872,0.04949847087869872,0.8808823529411764,1.0,0.53,0.6704761904761904,0.6680157851765549,0.6129232171337434,0.53
Saxifraga aizoides,3077,1639,0.9171263281814855,0.005790562525533015,0.8500602314375547,0.7164292250677173,0.6626165435966287,0.6882800864206484,0.590709134748269,0.5897958199701984,0.575161722202026
Dactylorhiza sambucina,1387,661,0.9171031572264503,0.010756136300494766,0.8585502950105974,0.7975304922919341,0.5839598997493735,0.6739515576480495,0.5981499007484794,0.5863303053880025,0.5340362298005145
Alisma lanceolatum,56,35,0.9170068027210885,0.05566604774279941,0.8357142857142857,0.6880952380952381,0.5142857142857142,0.5613275613275613,0.49474443090446646,0.47745734657499367,0.45714285714285713
Jacobaea maritima,75,68,0.9169277673545967,0.044680370320152145,0.8785185185185185,0.8462703962703962,0.6461538461538462,0.7246252941905115,0.6637758974509625,0.6490737243125582,0.6018855534709193
Digitalis purpurea,1277,648,0.9168517818787029,0.016030124993778247,0.8846512077725951,0.8710701526208077,0.6327608825283243,0.7312257250190546,0.6751569798868736,0.660481982879006,0.6013811883614147
Noccaea caerulescens,285,209,0.9167829212986008,0.028188350785420667,0.8719988594240092,0.891070691760347,0.5551684088269455,0.6816149267521638,0.6354186152589726,0.6076876021475928,0.5328445993031359
Festuca alpina,43,34,0.9167800453514741,0.03821194734402452,0.8677248677248677,0.8516666666666666,0.6142857142857142,0.6993006993006993,0.6400674625050368,0.61748435915471,0.5647619047619047
Linaria alpina,2369,1094,0.9167033661312797,0.003617596795022729,0.8542032615786039,0.7283333504774474,0.6663399103514724,0.6955483589388376,0.6013071286513237,0.5999898029961672,0.5831532154708251
Herniaria alpina,40,20,0.9166666666666666,0.05432668671002208,0.8875,0.8699999999999999,0.7,0.7188888888888888,0.6962463220059905,0.6584615384615385,0.6499999999999999
Maclura pomifera,49,29,0.9166013071895425,0.05558645814882773,0.8782608695652174,0.7676190476190475,0.76,0.7618648018648019,0.6816726458524205,0.6802134755978948,0.6783006535947712
Actinidia chinensis,278,135,0.9165980795610427,0.02312532815914383,0.8666666666666666,0.847960496451545,0.5703703703703703,0.6756831832511275,0.6191787244482113,0.5972540275570463,0.5358024691358023
Saxifraga cotyledon,209,137,0.9165600069655314,0.015680961367191194,0.846788990825688,0.8067513368983956,0.5108465608465608,0.6235264270613108,0.5567831326660658,0.533768283137506,0.4695006895565227
Cardamine heptaphylla,7265,3024,0.9165253803126967,0.0032970955172758167,0.860863036771564,0.7832436399234137,0.6134250998850637,0.6879442779235956,0.6075792854229317,0.6001144484186176,0.5567676362034445
Hemerocallis lilioasphodelus,116,94,0.9164306966246025,0.03317603386660855,0.8697543859649123,0.7911764705882354,0.6614035087719298,0.7162211981566821,0.6401712662070844,0.6330271631841698,0.6011904761904762
Cardamine enneaphyllos,29,22,0.9164285714285715,0.1134309220858907,0.8973856209150327,0.76,0.64,0.6698412698412698,0.6587741854584477,0.6390968141045469,0.6257142857142857
Swertia perennis,759,271,0.9163477614897747,0.012949419100581484,0.867131763099505,0.8138030237373008,0.6123905723905724,0.6964752004450026,0.6254071594962027,0.6138358158281368,0.5643711828578905
Galium saxatile,289,211,0.9163450083689705,0.022450440697757156,0.9004437869822486,0.8745592540724386,0.701328903654485,0.7770752031589969,0.7222874004017698,0.7142472458551821,0.6681455515734952
Juniperus sabina,194,90,0.9162551440329219,0.02529776607292785,0.8833333333333332,0.9055052790346908,0.6111111111111112,0.7202505021859862,0.6765203468876889,0.6510303263672537,0.5851851851851851
Aconitum degenii,129,97,0.9162456550493709,0.03251232931459314,0.8556443556443556,0.8469696969696969,0.5157894736842106,0.6409677419354838,0.584217904920451,0.557325096107709,0.4848134362791843
Limodorum abortivum,568,300,0.9162037037037039,0.01825835772697385,0.8649999999999999,0.831064119782576,0.58,0.6824162675878918,0.6162764940443651,0.6001323740603833,0.5399999999999999
Impatiens balfourii,1323,583,0.9161376875822089,0.013193801652396583,0.8567690766558528,0.776755955363697,0.5986884762746831,0.6756867113671676,0.5943430064648209,0.5858984272218757,0.5415079605153708
Berberis thunbergii,885,657,0.9160088076863502,0.005015969452834527,0.8622560202788339,0.7531883207634043,0.6712583853805227,0.7090468530096312,0.6216209367791007,0.6192747349381726,0.5971904036289325
Androsace adfinis,46,28,0.9159803921568628,0.07890031378626407,0.8399209486166008,0.8466666666666667,0.5133333333333334,0.585974025974026,0.5528759975170262,0.5049983068850274,0.4662745098039215
Myosotis alpestris,1176,680,0.9159205594002306,0.005202419536235877,0.8511029411764707,0.7086136130216925,0.6897058823529412,0.6985782914612969,0.6002258169030175,0.5997874159988427,0.594607843137255
Polygala serpyllifolia,188,72,0.9158904661230242,0.03662536554009448,0.8474289171203871,0.7986324786324787,0.5428571428571429,0.6430735930735929,0.5688200295098924,0.5501247671294067,0.4919057686499547
Papaver alpinum,133,73,0.915739957716702,0.04072397186915971,0.8287551139684396,0.7260606060606061,0.5047619047619046,0.5944615384615385,0.5041881852992092,0.4903707994599116,0.4411255411255411
Clematis tangutica,70,56,0.9157294873872412,0.024232209822673084,0.8303030303030303,0.7362698412698413,0.4803030303030303,0.5779239766081871,0.4976516834863277,0.4796644059065267,0.4266488413547238
Siler montanum,867,347,0.9157130893515333,0.010251530612514556,0.8667090876035634,0.8400262780697563,0.5851345755693582,0.6881099553808036,0.6237951934299326,0.6066259555175761,0.5457391026212537
Picea orientalis,27,21,0.9155769230769233,0.09482318574535496,0.8345588235294116,0.6833333333333333,0.44000000000000006,0.5023809523809524,0.4726364187595025,0.443057240242595,0.4092307692307692
Clematis alpina,812,393,0.9155398225551649,0.01730891028905956,0.8657769689616824,0.8202438511099839,0.6006166828951639,0.6919027751456384,0.6217538001925532,0.608613502881233,0.5548215152067397
Festuca pulchella,75,32,0.9154887218045114,0.03727294837342473,0.8119999999999999,0.8,0.24285714285714283,0.35259740259740263,0.38445796341129873,0.3049314593857331,0.24285714285714283
Ageratum houstonianum,391,152,0.9154426942856115,0.02673566411497578,0.8618344397778079,0.7596230307534655,0.6647311827956989,0.7063215073559902,0.6211003924473064,0.6168662014330069,0.5923709343484939
Eurhynchium striatum,1440,1071,0.9154199349764685,0.00711937236528677,0.8576091342326524,0.779910532135075,0.6022647250597697,0.6786215831583412,0.5979926641984582,0.5892107923330476,0.5449923016938302
Rosa inodora,115,66,0.9153916596224289,0.04603193939693754,0.8602322206095792,0.8823931623931625,0.5032967032967033,0.6142804563857196,0.5896981199683786,0.5452067022104686,0.483040293040293
Blackstonia acuminata,54,29,0.9152505446623094,0.05462026150351812,0.8369565217391305,0.7428571428571429,0.5533333333333333,0.6238461538461538,0.5396468621204719,0.5238758915503101,0.4840522875816994
Parthenocissus inserta,4481,1733,0.9152108542336046,0.0040462979905880265,0.8550205942419351,0.7658535088267463,0.6053205843647449,0.6759220618564756,0.5911038834998321,0.5842377830634267,0.5435792650488346
Lathyrus laevigatus,233,115,0.9151858853182105,0.037226372520576236,0.8652173913043478,0.7563287362792007,0.6782608695652173,0.7120911775562938,0.6286305665909413,0.6249389954609507,0.6057971014492753
Rhinanthus glacialis,559,358,0.9150046521491723,0.015333504004374353,0.8638239808971517,0.7944927352008373,0.6255868544600939,0.6964956467621423,0.6202201658975357,0.6105611121918255,0.5687426901479877
Lavandula stoechas,52,44,0.9149493510604622,0.10582534178655699,0.8804761904761904,0.8457142857142858,0.6555555555555556,0.7267543859649123,0.6686855370750491,0.6526847201366955,0.60997150997151
Traunsteinera globosa,1583,868,0.9149445572734184,0.011284226707366883,0.8525366450355566,0.7486924128355812,0.6174606338449272,0.6761172258833107,0.5868319881646633,0.581915349795218,0.5483361690582743
Vaccinium vitis-idaea,4293,2111,0.9149099366174228,0.00471775770514178,0.8561103488140436,0.7567480124771533,0.627646129541864,0.6851638766438168,0.5980957943890194,0.5930905065629444,0.5599037918432541
Minuartia recurva,60,38,0.914836250705816,0.018821695605016286,0.8154838709677419,0.6439682539682539,0.575,0.5980769230769231,0.48805295436559215,0.480812096102639,0.4698616600790514
Platygyrium repens,39,30,0.9148148148148147,0.04625924443258072,0.85,1.0,0.4,0.5294372294372295,0.5575450147456649,0.47449256625727204,0.4
Philadelphus coronarius,988,714,0.9147511510591435,0.010158493875359106,0.8508456517213083,0.7404534570103242,0.6218950064020488,0.6758160047696977,0.5837852149884,0.5799285365158047,0.5490707901198885
Clematis recta,99,59,0.9146765271765271,0.06491353236239944,0.8687943262411346,0.8409090909090908,0.6303030303030304,0.6953754940711463,0.6411379055934752,0.6172797298141095,0.579191919191919
Petasites paradoxus,917,571,0.914659259152619,0.013478234770855642,0.849398249452954,0.7618569282614571,0.5797559115179253,0.6563406730094575,0.5724293496616306,0.5625569928209815,0.519032674854839
Lonicera nigra,2853,1749,0.9145558851710506,0.005335396319816766,0.8549187174512408,0.7541569001914444,0.6231977077363896,0.6822539973101258,0.5940008477098055,0.5893714978381216,0.555350052373005
Diplotaxis tenuifolia,226,161,0.914467565474331,0.016632681529940622,0.8524951550387596,0.7554553809392519,0.6210227272727272,0.6779735946889658,0.59087773358866,0.5837681494777934,0.5506619025304592
Leuzea pusilla,340,141,0.9144533675539182,0.032473847047550033,0.8403761061946902,0.730585316878223,0.5894088669950739,0.6490720934838582,0.5551360035520869,0.5476587775561431,0.5136945812807883
Fumana procumbens,171,91,0.9144428692381907,0.04619387008792058,0.8516362252663623,0.8342063492063492,0.5040935672514619,0.619951399363164,0.5673544518683779,0.5372323426040644,0.47109693425482907
Dianthus hyssopifolius,242,97,0.9143235719339259,0.025349767498332888,0.8763569763569764,0.8693650793650793,0.6094736842105263,0.7091353270105805,0.6551183030007371,0.6344212065532465,0.5752247070042141
Sedum sarmentosum,95,66,0.9142617638771485,0.04112827327527628,0.8674165457184326,0.8325396825396826,0.6241758241758243,0.6989783549783549,0.6377200684225757,0.6179633026613971,0.5736630036630037
Lobularia maritima,754,453,0.9142292317153942,0.022912851863234208,0.8532000060880021,0.7650605410557226,0.5983150183150183,0.6708644556185068,0.5858975417973044,0.5782494110740486,0.5365041869714108
Thesium alpinum,823,548,0.9141238477699464,0.009252238224994883,0.8599463288295317,0.7738885441493788,0.6259382819015846,0.6910515055484063,0.6082354929003481,0.6018539068876432,0.5639062558062476
Galium elongatum,82,51,0.9141055718475073,0.042481611367896244,0.896829268292683,0.8794444444444445,0.6872727272727273,0.7645321637426901,0.7141678101302924,0.7008088460675677,0.6547996089931575
Potentilla nitida,62,47,0.9139573070607554,0.052683556868699806,0.8884779516358465,0.8638888888888889,0.6555555555555556,0.73937589070716,0.6847062330101983,0.670798075772726,0.6203338806787083
Bromus commutatus,98,58,0.9139393939393938,0.02222285001268361,0.8791859389454209,0.8717032967032967,0.6181818181818182,0.7140350877192981,0.6625130515655288,0.6410888364608353,0.5837280366692131
Luzula sylvatica,1889,1041,0.9139344641879713,0.01106531331747706,0.8775204312494228,0.8185842767151973,0.6570390136179609,0.7281054442910113,0.6574807413296173,0.650364733213409,0.608044654643602
Ranunculus polyanthemos,891,570,0.9137478198420025,0.025941764141350167,0.857017543859649,0.7864815853972701,0.5877192982456141,0.6724244434531308,0.5937701448647755,0.5834692271591653,0.5345029239766081
Chaenomeles japonica,366,324,0.9136578341365217,0.019894136759457705,0.8518651618651617,0.7184537011424883,0.6727884615384616,0.6936841622243228,0.5976979390795369,0.596274725192248,0.5842978456251652
Polygala alpestris,318,233,0.9136527595684785,0.017246538708171406,0.8487206026105458,0.7583982683982684,0.5836262719703977,0.6573469371253241,0.5720208384245371,0.562724020475591,0.5206457992057524
Papaver cambricum,87,65,0.9136094674556212,0.03724417436504033,0.8307692307692308,0.8695238095238096,0.38461538461538464,0.531578947368421,0.5028367113766437,0.4465298142717498,0.3641025641025641
Atadinus alpinus,864,497,0.9136063238385969,0.01447400758439998,0.8501120210624913,0.7831201137171286,0.5554949494949495,0.6491540564622593,0.5712122460790949,0.5574548955934976,0.5038597448979708
Hylotelephium maximum,228,157,0.9135030749918723,0.016684250425075244,0.8471238095238094,0.7880316175053018,0.5419354838709677,0.6347288374731328,0.5628546657247043,0.5436788419019338,0.4909164469168804
Bromus ramosus,214,181,0.9135019703699621,0.018578305162736602,0.8770689655172415,0.865185676392573,0.6081081081081081,0.7131396554359922,0.6545915721399355,0.6378143795080122,0.5749276799735515
Bunias orientalis,7161,1535,0.9134908593194624,0.01644674023484818,0.8579804560260588,0.8095633932358034,0.5648208469055375,0.6648090326015181,0.5938545727762312,0.5784450143746019,0.5205211726384364
Bolboschoenus maritimus,59,22,0.9134615384615385,0.08643155790093934,0.8973856209150327,0.8933333333333333,0.6799999999999999,0.7531746031746032,0.7149068161679207,0.6916161223487762,0.6492307692307693
Muehlenbeckia complexa,86,75,0.9131851851851852,0.04186699168965081,0.8733333333333334,0.7967132867132868,0.6666666666666666,0.7238583638583638,0.6484399329017179,0.6427042649164033,0.6088888888888888
Genista sagittalis,2581,1264,0.9131333636310283,0.010216990177181225,0.864520316049151,0.8062164518656232,0.602051571616789,0.6888380543311184,0.6155113306336732,0.6047086622380703,0.554058621581852
Cymbalaria muralis,2573,1292,0.9130939662780599,0.00870285423105232,0.8566161917833357,0.7460189823975756,0.6462242973870881,0.6921582664277744,0.6022704766995993,0.5993989873637503,0.572954593363144
Hieracium glaucum,21,21,0.913076923076923,0.09126332276900857,0.8213235294117647,0.8,0.33999999999999997,0.4514285714285714,0.43772808601301116,0.38320211780485314,0.32461538461538464
Scorzoneroides helvetica,132,97,0.9130228552093266,0.014962043647656081,0.8402597402597403,0.6946852425180599,0.6394736842105263,0.6642860054624761,0.5619528743740765,0.5600357175206727,0.5467209080562305
Daphne laureola,2412,1147,0.9129793107210222,0.007093427593251253,0.8572331392268527,0.7915657907328818,0.5823163090943612,0.6700764730373795,0.5935437852941802,0.5818619613181915,0.5311674415073628
Acrospelion distichophyllum,42,30,0.912962962962963,0.07281334537532402,0.8416666666666668,0.7114285714285714,0.6,0.6427972027972029,0.5523638797387622,0.5436532507739937,0.5222222222222223
Lavandula latifolia,28,24,0.9129523809523811,0.11538298644120243,0.781578947368421,0.8,0.25,0.35936507936507933,0.3436806501618988,0.26565908915619013,0.209047619047619
Clinopodium alpinum,1465,802,0.9129408147407201,0.007021158007483093,0.8625371183071622,0.7813696539736438,0.6272127329192546,0.6953277532908999,0.6144500482607117,0.6079655129945071,0.568200129508311
Festuca trichophylla,302,113,0.912908487092554,0.030642532312329995,0.8582661782661782,0.8843181818181819,0.4936758893280633,0.6275829562594268,0.5889102775988788,0.5506205517790657,0.4730437558776682
Geranium rotundifolium,363,261,0.9128987469502201,0.03397863850776184,0.8563075082811926,0.7592625042512313,0.6322931785195935,0.6875625903194146,0.6013629676896836,0.5954839106278995,0.5633645487629384
Euphorbia characias,186,122,0.9128656670368999,0.032084857619704546,0.8687565747948665,0.7908306669176234,0.6466666666666666,0.7085231996404898,0.632555700846076,0.6254118573817344,0.589317536714797
Phyteuma ovatum,642,371,0.9127950995474932,0.020274411923834765,0.8787014287014288,0.8426811959775333,0.6335135135135135,0.7224688967950943,0.6582503802777278,0.6469848782200057,0.5939708318183655
Asplenium adiantum-nigrum,390,263,0.9127173396763529,0.019275198367597304,0.8574046490634168,0.7885826598493595,0.5967343976777939,0.6750821545045058,0.5983634748669836,0.5864438487885593,0.5409817571875898
Helleborus orientalis,42,36,0.912569573283859,0.04194989178696889,0.8546798029556649,0.76,0.4428571428571429,0.5533333333333333,0.530737344888047,0.4992029714901888,0.4337662337662338
Heliotropium europaeum,41,29,0.9125054466230937,0.07044629210127361,0.8456521739130436,0.7833333333333333,0.52,0.61,0.5479636441927018,0.5244894146657184,0.4742483660130718
Gentiana asclepiadea,6573,2394,0.9125020246891067,0.00468238889597829,0.8567236464130559,0.7605264433746124,0.6236406041177138,0.6851303087488194,0.5986005387536268,0.5935832770432623,0.5580595518248489
Erigeron neglectus,27,20,0.9125,0.05651941652604389,0.8625,0.8699999999999999,0.6,0.6680952380952381,0.6291066976251023,0.5913286713286714,0.55
Eryngium campestre,355,126,0.9123594062078274,0.02755967506697634,0.8491485148514851,0.7350404417277483,0.6092307692307692,0.6579577765926267,0.5731414204727,0.564093909698345,0.5378623481781377
Neottia cordata,480,191,0.9123263242304553,0.04208455870933037,0.8599243206054352,0.800483805322515,0.5862348178137651,0.6764085914085913,0.6016538233491705,0.5897807565893581,0.5373408437481665
Ornithogalum divergens,213,173,0.9122078121764015,0.02089270285268546,0.8468355750182465,0.7426809943821,0.6124369747899159,0.6613143199688232,0.5756439534691513,0.5650681625294721,0.5371569150438369
Rumex nivalis,27,24,0.9121904761904762,0.032427977059093956,0.8231578947368421,0.7142857142857142,0.53,0.5809523809523809,0.500807541165696,0.47584955484592006,0.4480952380952381
Calystegia silvatica,103,86,0.9120491132601858,0.030856562817499746,0.8485933503836318,0.782928182928183,0.5470588235294118,0.6400022817375431,0.5652009360462241,0.5490122813961913,0.4964555052790347
Cynodon dactylon,108,88,0.9119124524507434,0.05631585205973223,0.8719919517102616,0.797948717948718,0.6581699346405229,0.7203690127077224,0.6440500957674493,0.6382913548422349,0.6013484542341369
Symphytum bulbosum,24,22,0.9118681318681319,0.06379459248392132,0.8633986928104574,0.8333333333333334,0.6,0.6587301587301587,0.6150746890438424,0.5865142770455233,0.554945054945055
Sedum dasyphyllum,1247,776,0.9117824231259538,0.015245100158844506,0.8524440288816166,0.7588949099498479,0.6004631927212574,0.670313455479455,0.5835914735611863,0.5769517781789558,0.5368903467200573
Equisetum sylvaticum,1865,1057,0.9116732379918183,0.005257671081936729,0.8517003091471176,0.7584064304698741,0.5978449432173836,0.6679912374115592,0.5814471101974782,0.5743271975841553,0.5341394363741931
Ceratophyllum demersum,127,82,0.9116497599039617,0.02781138216030362,0.8689976689976691,0.8525474525474526,0.5867647058823529,0.68730669585842,0.630611374408729,0.6090310694233905,0.5502749099639856
Atocion rupestre,927,620,0.9116111689212625,0.02116411386844095,0.8528225806451613,0.780186585209877,0.5725806451612903,0.6588801254554679,0.5800994952139856,0.5682427319129466,0.5188172043010753
Salix glabra,40,21,0.911602564102564,0.0631520555249651,0.7742647058823529,0.6666666666666666,0.29,0.3752380952380952,0.313690215184007,0.26603774810682373,0.22717948717948716
Atrichum undulatum,2078,1493,0.911532728546727,0.01328474068115586,0.8541531927419523,0.782970038009813,0.5786267423851317,0.6641381205424453,0.5853195532636621,0.57383896280075,0.5245999067905587
Tortula hoppeana,33,28,0.9115196078431372,0.05119534247486583,0.8304347826086957,0.7190476190476189,0.6066666666666667,0.626984126984127,0.547215022192363,0.5236591096508902,0.5110784313725489
Arabis ciliata,326,185,0.9115169223277333,0.012823778276273087,0.841891891891892,0.77267868338558,0.5297297297297299,0.6241262580703548,0.5466190336031984,0.5290430629209943,0.4756756756756757
Streptopus amplexifolius,551,336,0.9114941941169075,0.02315276420471249,0.8504549741996339,0.7371450614985449,0.6339332748024583,0.6791719970448762,0.5871693374368288,0.5826580282296663,0.5565824053871585
Ajuga chamaepitys,111,73,0.9113505486761302,0.06824234008326727,0.8701928696668615,0.8011111111111111,0.6333333333333334,0.6944073417836536,0.6306961620079057,0.6167577524690714,0.5830162085976038
Peucedanum austriacum,97,77,0.9113490595127967,0.03897850852342647,0.8635642517186672,0.8131601731601732,0.5974999999999999,0.685258669810394,0.6151496607323818,0.6011034871584464,0.5500439407955596
Ajuga pyramidalis,1494,1038,0.9112978115683431,0.008508563027844758,0.8648801705015006,0.7758832650499317,0.6473522853957636,0.7052565349407685,0.6232321039862176,0.6185924162979667,0.584731319526848
Centranthus ruber,540,349,0.9112720828987584,0.015769238095720995,0.8395494111623144,0.7129132384310652,0.5989648033126294,0.6502771993032289,0.5512640661343239,0.5473604734070472,0.5187232904395376
Rhus typhina,13217,3832,0.9112580072625456,0.00632257797644224,0.8491650252359989,0.7409724313528077,0.6098658433216118,0.6689888694877884,0.5771125099484292,0.5725200799311408,0.5387981957621814
Vicia sylvatica,554,341,0.9112567765966512,0.013509429062006605,0.8607142857142858,0.7934886311844837,0.5981244671781757,0.6785294610256927,0.604251073420554,0.5926857225865667,0.5462975900858752
Ambrosia artemisiifolia,10892,2031,0.9112175252320533,0.009768572345425648,0.8469978021978022,0.7415984072073019,0.5947531499255637,0.6597377017379158,0.5685849643421422,0.562679452858579,0.5258222514933781
Gentianella anisodonta,48,37,0.9111448334274421,0.03356124953184735,0.83816091954023,0.7198412698412698,0.5607142857142857,0.6143096119566708,0.5320668390302457,0.5173726081558039,0.4883822699040092
Cirsium rivulare,352,244,0.9111415319086351,0.0204904072032503,0.8545002616431189,0.7544760451854272,0.6226190476190475,0.6809983774454789,0.5933778886817732,0.5879855419845854,0.5543495480383933
Cotoneaster salicifolius,220,193,0.9110589543285037,0.023593577907477518,0.8432425638877252,0.7290323757409941,0.6165991902834007,0.6624529948965888,0.5691031378845558,0.5618705599435982,0.5355197300135357
Gentiana alpina,181,155,0.9109954908081859,0.0406627515433092,0.8596774193548388,0.7648636548636549,0.6387096774193548,0.6955668540140533,0.6098734050784029,0.605287610250983,0.5720430107526882
Leucojum aestivum,34,22,0.910989010989011,0.07088039865957871,0.8516339869281045,0.7833333333333333,0.58,0.6587301587301586,0.5815923996750697,0.5662458619624864,0.5195604395604396
Anemone coronaria,112,79,0.9108939125295509,0.04939499245888501,0.8669642857142857,0.7851678876678876,0.6566666666666666,0.7098099740452354,0.6323183897100387,0.6247840635692251,0.5931028368794327
Gentiana lutea,12648,3339,0.9108441827345816,0.006009490432132422,0.8529499312868086,0.7501107242543318,0.6175479625456732,0.6773365788697776,0.587947662494327,0.5832809831799419,0.5489644605531531
Tozzia alpina,321,218,0.9108393408473295,0.02624341520559723,0.8657865353037767,0.8043623105358367,0.609830866807611,0.6924001929862863,0.6192754646772745,0.6089813026025828,0.5609289290507115
Thalictrum flavum,313,86,0.9107532605802501,0.05392357426165189,0.8636828644501279,0.840909090909091,0.5470588235294118,0.6557860791826309,0.602320786576835,0.5781927640383104,0.5161387631975869
Rubus armeniacus,30325,5092,0.9107345814917422,0.007185148914438201,0.8360663232289557,0.726573511123413,0.5512646745239275,0.6260103942518109,0.5324403969439222,0.523812292945696,0.48226777218375905
Pentanema squarrosum,236,172,0.910716262606611,0.028333507124927913,0.8518036602136888,0.8012194121667806,0.5415126050420167,0.6431638372402666,0.5734427240162685,0.5549298237078266,0.4969457641159526
Ligustrum ovalifolium,149,132,0.9105807548054384,0.017707724162428645,0.8504222821203953,0.74431038069482,0.6296296296296295,0.6793592898152168,0.5883505321914327,0.582868196756225,0.5537751992498828
Carex elata,1092,267,0.9105308502719289,0.025772903141094313,0.8679654249484445,0.8554819845312206,0.5651991614255765,0.6801145941937343,0.6223010459384785,0.6015667011535694,0.5340035092516635
Polygaloides chamaebuxus,1652,975,0.9105044926583388,0.0074680675733744895,0.8435897435897436,0.7421904125439457,0.5753846153846153,0.6474267087352675,0.5569356344032654,0.5491016495852008,0.5083760683760683
Potentilla alba,143,84,0.9104861591695503,0.06789739263075222,0.8870061457418789,0.867932067932068,0.6441176470588236,0.7374988081995868,0.6812446106426477,0.6681559550436905,0.6123529411764707
Lophiolepis eriophora,1906,856,0.9104338619360719,0.01812445922493116,0.8577713749092928,0.7824939738292012,0.5993064055487556,0.6782814023048495,0.5979893889925058,0.5890450151982367,0.5432236998653946
Blysmus compressus,229,159,0.9104301738469156,0.024548610628306357,0.8632504921259843,0.8437681159420289,0.571975806451613,0.6736602952017382,0.6146044080625426,0.5920342793915947,0.5321731748726656
Symphoricarpos albus,3863,1297,0.9103867855094133,0.007490143088941111,0.8506151024799193,0.7638083609379305,0.5852420552420552,0.6613851335786562,0.5769522400709938,0.5678994735865576,0.524329475340989
Camelina microcarpa,27,21,0.9101282051282051,0.067609700956145,0.8198529411764705,0.5999999999999999,0.52,0.5385714285714286,0.45212933336469385,0.4431522873582554,0.4417948717948718
Cerastium pumilum,44,39,0.9099896480331264,0.03315030509195487,0.878225806451613,0.8933333333333333,0.5892857142857142,0.7062271062271062,0.6579276940391018,0.6336761210712594,0.5639233954451346
Gratiola officinalis,144,74,0.909974025974026,0.023518664893902225,0.8514689265536723,0.8216450216450216,0.5257142857142856,0.6342028342028343,0.5727349885085731,0.5477512422949514,0.4853102453102454
Viola biflora,1983,1280,0.9099609375,0.0068599359907607306,0.8453125,0.7313937585894915,0.60390625,0.6607035252160355,0.5667171093521058,0.5618344610477275,0.5296875000000001
Heliosperma pusillum,178,111,0.9098201053660908,0.021117990757745876,0.8311797752808989,0.7055330634278003,0.6130434782608696,0.6456926267758486,0.5462514440351107,0.536650257883373,0.5173401765874186
Achillea tomentosa,84,51,0.9095659824046922,0.04082221902379095,0.8626829268292683,0.975,0.47272727272727266,0.6241269841269841,0.6157999565253276,0.5551273968977612,0.46627565982404684
Epilobium alpestre,472,304,0.909499409187665,0.01734076584391657,0.8561053767793293,0.7667974140010614,0.6149180327868852,0.6816460513184388,0.5967484234501792,0.5901248167734032,0.5513739266198283
Struthiopteris spicant,2016,1031,0.9094782308908178,0.008047545823723638,0.8535419240953221,0.7579364245795569,0.6139252380282351,0.6767109655519731,0.5900527994347331,0.5835477218617642,0.5473118988393356
Pedicularis gyroflexa,72,52,0.9094648093841643,0.05459753961676193,0.8560975609756097,0.7930952380952381,0.5599999999999999,0.6491129785247433,0.5817833251114858,0.5654293288032197,0.5150403225806451
Syntrichia papillosa,69,51,0.909446725317693,0.03785705028841357,0.8186585365853659,0.7433333333333334,0.5236363636363637,0.5721627647714604,0.5022372244172087,0.4673986859791034,0.43890518084066465
Alchemilla glabra,301,187,0.9094414312509329,0.02912098539450716,0.8770201342281879,0.8202302970378611,0.6527738264580369,0.7262084548018052,0.6558610230582943,0.6483247488856062,0.6046543574314883
Galium pumilum,529,313,0.9093586805575582,0.015506202648862733,0.857803984063745,0.8194949494949494,0.555657962109575,0.6607817674923331,0.5933618914941372,0.5751437124133136,0.5141287779020428
Oxalis corniculata,406,335,0.9093339273780352,0.0319674919180331,0.8432835820895523,0.7220020964360587,0.6119402985074627,0.6616807256503818,0.5644161524309877,0.5606452685253573,0.5323383084577115
Platycodon grandiflorus,26,25,0.9093333333333333,0.06819579654690357,0.8400000000000001,0.8333333333333333,0.4800000000000001,0.5833333333333333,0.536778632466997,0.4985014985014985,0.44000000000000006
Primula pedemontana,48,25,0.9093333333333333,0.07608182729433124,0.86,0.6666666666666667,0.52,0.5532467532467532,0.5303434925215396,0.5083333333333333,0.4933333333333333
Ranunculus platanifolius,983,676,0.9093098527334874,0.012278620620490767,0.8546594098719792,0.7520459800426064,0.6257734204793027,0.6825902388668937,0.5939624136762617,0.589434708028537,0.5567337075315439
Colutea arborescens,432,268,0.9092708970836535,0.01299174485628892,0.8572614648989351,0.7878502449931022,0.5967854647099929,0.6764214830208444,0.5982455530129742,0.5871697887379188,0.5407839119149619
Soldanella alpina,3565,1900,0.9092493074792243,0.007009461983691672,0.8514473684210527,0.7428971710400949,0.6210526315789473,0.6764457137320764,0.5850247358459105,0.5810371329529838,0.5492982456140352
Physalis peruviana,52,47,0.9092419266557197,0.054720805338149395,0.8880512091038406,0.8498412698412698,0.6755555555555555,0.7452255639097745,0.6872411357353982,0.6752380538692901,0.6329447181171319
Gagea villosa,110,64,0.9092062009066059,0.03857660380307951,0.8790346907993968,0.8655555555555555,0.6217948717948718,0.7113835542121987,0.6592871424729834,0.6388936722337393,0.5852226720647774
Dryas octopetala,5847,2045,0.9091955053672166,0.010638972205131967,0.8507334963325184,0.7334373040224377,0.6337408312958435,0.6796667168410371,0.5859096247590458,0.5830726050693651,0.5568052159739201
Moehringia muscosa,1511,931,0.9091277138679169,0.008428832590875313,0.8579479685357582,0.7766511152953136,0.6090276579840147,0.681205936805761,0.5998944056339658,0.5917261918919634,0.5499539151893418
Phegopteris connectilis,441,326,0.9091184346788743,0.01732095526092931,0.8673415856174476,0.8226465201465201,0.5982284382284382,0.6914776844539304,0.6231511370438921,0.6099426298540759,0.5552718709861567
Aria edulis,3107,1859,0.9090518989341476,0.007422322241738962,0.8460188117809546,0.7369870296396549,0.599249340637046,0.6602902913123853,0.5676799480098729,0.5621904267901671,0.5275252137906856
Phleum hirsutum,83,46,0.908971193415638,0.07027150257936601,0.8534534534534537,0.8214285714285715,0.5488888888888889,0.6518907563025211,0.5863884259049225,0.5646882699885382,0.5052380952380953
Dicranum majus,37,35,0.9088435374149662,0.040497621948672645,0.8857142857142858,0.9714285714285713,0.5714285714285714,0.6980952380952381,0.6834193325222115,0.6374465575703965,0.5619047619047619
Centaurea stoebe,152,107,0.9088351232101232,0.014196931007747392,0.8714911080711355,0.8375565610859728,0.6073593073593073,0.7017627401837928,0.6372299921107945,0.6227024976364038,0.5668785381285381
Aubrieta deltoidea,872,694,0.908816549537012,0.009370574200230361,0.8443781191263205,0.7299059612030471,0.5994786779272234,0.6582023581827026,0.5633180072634364,0.558727759975242,0.5255036271985756
Himantoglossum hircinum,1168,458,0.9087940295185615,0.012719788120984264,0.8433376513154955,0.7485923233743002,0.5698996655518395,0.6453279284655945,0.5568390205793756,0.5472868923111985,0.5043654916964977
Pinguicula alpina,1257,798,0.9087270072183573,0.009745436603525429,0.849303133324503,0.7467006819388562,0.602688679245283,0.6658964914877292,0.5763449544972872,0.5702185988697066,0.5341821148372154
Bunium bulbocastanum,115,47,0.9086891078270389,0.08071736687421402,0.8778093883357041,0.9028571428571428,0.5733333333333334,0.6925213675213675,0.652472793896763,0.6230660907144179,0.5523973727422004
Aconitum napellus,2708,1213,0.9086879374752952,0.009925947498573354,0.8514032722137875,0.7632640713932541,0.5885998027412169,0.6642667975259101,0.5791213254764517,0.5709455080601382,0.5275952983048005
Bergenia crassifolia,352,292,0.9086635710870077,0.006269943940248719,0.8492938630277687,0.7200283495040527,0.6504383401519579,0.6824871489459083,0.586130830804145,0.5841893747284669,0.565990288203906
Carex capillaris,78,66,0.9086136939983094,0.057145289819298964,0.8298258345428158,0.7211544011544011,0.5934065934065934,0.6409254449254449,0.5427520116043147,0.531269079280053,0.5027655677655678
Antitrichia curtipendula,81,69,0.9085653022935253,0.049383338999604065,0.8622727272727273,0.85,0.5802197802197802,0.6831501831501832,0.6202913640992914,0.598407584840002,0.53631734119539
Kickxia elatine,63,55,0.9085399449035811,0.03726245381578162,0.859090909090909,0.7919413919413919,0.6,0.6696732026143791,0.6020136731586508,0.5845574447799142,0.5454545454545455
Allium victorialis,635,275,0.908495867768595,0.017927206316136653,0.8509090909090908,0.7466225699766074,0.6181818181818182,0.6716658588935817,0.5841988731063908,0.5770259928750494,0.5466666666666666
Vitex agnus-castus,212,147,0.9084909243539621,0.027419133585803356,0.8724033029117775,0.790205004335439,0.666206896551724,0.7223136053324732,0.6447036189052049,0.6403547472851049,0.6072947412912543
Atadinus pumilus,108,83,0.9084615846338536,0.03029624532655346,0.8734056987788332,0.8580219780219782,0.6014705882352941,0.7035368072787428,0.6443047091415537,0.626214965753114,0.5651440576230493
Primula farinosa,4344,2214,0.9084039482805064,0.007128372455038488,0.8560292931134035,0.7633958129056356,0.6147012859667221,0.6806377711283005,0.5951659051729681,0.5891710213863474,0.5511669001163229
Acer monspessulanum,109,60,0.9083333333333334,0.060053274245451836,0.8625,0.8476190476190476,0.55,0.6646616541353383,0.606475161633182,0.5835777126099707,0.5166666666666667
Bryonia dioica,237,173,0.9083294632266649,0.03631634678951428,0.8654989052236471,0.7853542872897711,0.6357983193277311,0.7016987348981004,0.6226844430919295,0.6163413138483944,0.577937975787776
Salix breviserrata,51,42,0.9083076923076924,0.04500999961948704,0.8450980392156863,0.7031746031746031,0.6583333333333333,0.6646031746031745,0.5764199279036459,0.5660511801695011,0.5626410256410257
Gagea fragifera,167,130,0.9080867850098621,0.01576552671273574,0.8557692307692308,0.7598927246199585,0.6384615384615385,0.6882231618510689,0.6035905852133026,0.5959251201223247,0.5666666666666667
Linaria angustissima,84,51,0.9079648093841642,0.050972586320534814,0.8331707317073171,0.8433333333333334,0.4127272727272727,0.5499999999999999,0.5095281562902271,0.4633429152675029,0.38649071358748777
Cytisus scoparius,850,514,0.9079167815107889,0.010602175086140767,0.8555500437011314,0.8000520455450033,0.5680753854940035,0.6634855675244784,0.5890634230337846,0.574765881508288,0.5194581451291903
Petrosedum montanum,251,156,0.9077792322565885,0.024313790029963304,0.8493935483870967,0.7998624011007911,0.5453629032258064,0.6417002111189303,0.5717450611367282,0.5515011234860632,0.4963352207732784
Sedum annuum,151,108,0.9077284174159175,0.03352307645208184,0.8495589414595027,0.8722943722943723,0.4727272727272728,0.6073838585128908,0.5659706180062823,0.5254802238303036,0.4481118881118881
Dactylorhiza viridis,1438,847,0.9077176876017203,0.018024901441648117,0.8509435606506232,0.7492820019747659,0.6092238078663419,0.6713006685344618,0.5819442242876359,0.5763075976539435,0.5407392078323088
Thuidium tamariscinum,1880,1395,0.9076013925823151,0.0126698334242452,0.8551971326164874,0.7848841048432451,0.582078853046595,0.668017836420216,0.5888357563040337,0.5779863023123735,0.52831541218638
Sphagnum capillifolium,101,71,0.9075093603332807,0.0383453421540314,0.8382205513784461,0.865,0.4247619047619048,0.5595055821371611,0.526649367842524,0.47732277666785816,0.4012846068660022
Lupinus polyphyllus,4709,1305,0.9075077191076663,0.01431417533946745,0.867432950191571,0.8169656165190753,0.6053639846743296,0.6941428570694566,0.6241005692209769,0.6121791607712834,0.5601532567049808
Ranunculus sceleratus,135,60,0.9074074074074074,0.04335568432756728,0.8458333333333334,0.7833333333333332,0.5333333333333334,0.6271046600458365,0.555387360872672,0.5362898764521483,0.4833333333333333
Coreopsis verticillata,103,90,0.9074074074074074,0.016652689358270245,0.8305555555555555,0.7181461675579323,0.5555555555555556,0.6116427069603112,0.5234591619395799,0.5084163134981374,0.4777777777777777
Euphrasia officinalis,984,579,0.9073423583348939,0.01973312072146467,0.8696060177254784,0.8183770728097759,0.616551724137931,0.700946959699361,0.6315617533071005,0.6200571286976437,0.5704885885587465
Colchicum alpinum,263,190,0.9072945521698983,0.03770140882786096,0.8539473684210526,0.8388571428571427,0.5263157894736843,0.6397313775807486,0.5828536148847845,0.55509983291447,0.4894736842105264
Euonymus fortunei,118,96,0.9071990320629159,0.02917541646255129,0.8593984962406015,0.7429239766081872,0.6768421052631579,0.6950607287449393,0.6149717779674976,0.606334082025627,0.5968663036902601
Erodium cicutarium,831,587,0.9070027725491487,0.011477287726866408,0.8445365875788232,0.7373875278641757,0.5859191655801825,0.6524844439701875,0.5605284275378373,0.5541869869777533,0.5166331753664302
Cotinus coggygria,2859,1809,0.9069573183402726,0.008501642838082126,0.8392763461839507,0.709746316489794,0.6052968274131098,0.6529892549236072,0.552519320832674,0.5493177285888613,0.5225620632169303
Lathyrus inconspicuus,36,31,0.9068643831801726,0.08889363032254244,0.8873333333333333,0.8866666666666667,0.6523809523809524,0.7375757575757577,0.6917350170611225,0.6704516210024167,0.6208020050125312
Prunus mahaleb,1089,644,0.9068109853552709,0.013538051019986319,0.8544231203431926,0.7949247670182041,0.5636627906976744,0.6591286659221017,0.5839336305555973,0.5700334294364169,0.5150130203103452
Epilobium anagallidifolium,108,68,0.9067502010184937,0.06564010279802246,0.8642424242424243,0.7260989010989011,0.7406593406593407,0.7321937321937322,0.642349433569836,0.6414381137161891,0.6472447065129993
Blepharostoma trichophyllum,125,92,0.9067169818485608,0.03761205137406534,0.8506849315068493,0.8229059829059828,0.5339181286549708,0.6383778258778259,0.576291398475746,0.5505362815452204,0.4906064403432824
Sabulina tenuifolia,109,76,0.9066908212560387,0.04281564321679374,0.8716939890710382,0.8465656565656566,0.5941666666666666,0.6962962962962963,0.6353954590814472,0.6189245989786335,0.5589975845410627
Lolium pratense,442,293,0.9066794519040282,0.024172871586992325,0.8446881251136571,0.8013146945024395,0.5081823495032145,0.6183383003905731,0.5509405909000615,0.5275235485942789,0.4649291027499677
Patzkea paniculata,36,25,0.9066666666666666,0.07055336829505575,0.82,0.665,0.64,0.6327350427350428,0.5313444248447385,0.5156043956043956,0.5200000000000001
Gymnocarpium dryopteris,710,509,0.9065067266837865,0.01218655265080537,0.8556041335453101,0.7693453535558799,0.6033197437390798,0.6754873798409328,0.5921700884500793,0.5845502790362528,0.5430711634326404
Platanus hispanica,97,74,0.9064415584415585,0.06462937480250767,0.8580225988700565,0.7768831168831168,0.6209523809523809,0.687709991158267,0.6052651400915557,0.597233124363275,0.5578210678210678
Fissidens taxifolius,666,539,0.9064283624110301,0.01734946879199169,0.8534416086620263,0.7793191049800459,0.5771201107649706,0.6619977260403276,0.5824775214527381,0.5713670259946364,0.522695923936243
Luzula luzuloides,1064,668,0.9063833841358896,0.016277325663143057,0.867153208022682,0.83163074811256,0.5883178094489956,0.6889424165500655,0.6224391272524887,0.6076052199313071,0.5484075850100929
Portulaca oleracea,1403,1093,0.9063283598341894,0.007935057810256491,0.8430925138934292,0.7070445223895013,0.636726571991119,0.6693967130031621,0.5687622865565237,0.5670013664476318,0.5485874917453546
Eryngium planum,36,32,0.9062781954887218,0.04475730877004765,0.9061538461538461,0.8928571428571429,0.7571428571428571,0.7973959373959374,0.7594324191570709,0.7386471218871898,0.7160902255639099
Holosteum umbellatum,63,40,0.9062499999999998,0.06047052197374997,0.84375,0.8111111111111111,0.525,0.6134046345811052,0.5575775018228227,0.5253455377574371,0.4750000000000001
Adenostyles alpina,1023,658,0.9061900870212568,0.015613218031661047,0.8404398236664958,0.7536957723127935,0.5365024288688411,0.6263099291786849,0.5412601048610737,0.5286701188542493,0.4782450234842751
Orobanche laserpitii-sileris,82,46,0.9061669606114051,0.025117184188638612,0.8806306306306307,0.8099999999999999,0.6733333333333333,0.7286824905400756,0.6631154750782532,0.654213919430348,0.6225396825396825
Ctenidium molluscum,1867,1233,0.9061164062810286,0.01776630055367158,0.8493558245014808,0.7734749234826722,0.5628682400184326,0.6511876533710504,0.5698883498801861,0.5581957509527595,0.5077170130133489
Scrophularia auriculata,105,65,0.9061143984220907,0.06309911006584558,0.8576923076923076,0.7954545454545455,0.5692307692307692,0.6595238095238095,0.5890322921769984,0.5742448330683625,0.5230769230769231
Alchemilla vulgaris,511,428,0.9060914819393509,0.010943653688784326,0.8563193698532044,0.8014372597674306,0.5700683994528044,0.6647406236703481,0.5911268402091732,0.5766653549871695,0.5217889733827654
Sparganium angustifolium,109,75,0.906074074074074,0.045369145864050296,0.8433333333333332,0.6734001670843777,0.72,0.6929817444219066,0.5913598865211089,0.5882426303854876,0.6044444444444445
Scabiosa lucida,1249,642,0.906073004544959,0.020064883927241744,0.8586418488937433,0.7728798014092633,0.6184714147286822,0.68610199565866,0.6032531386948834,0.5964274615447724,0.5571915546923454
Juncus alpinoarticulatus,306,209,0.9060446361742528,0.02262296795868657,0.8552751639577988,0.8049881052505107,0.5742160278745645,0.6660780454909082,0.5931845195913354,0.5769787440624485,0.5231049167634534
Carex brizoides,424,335,0.9060221281651444,0.013657748519063392,0.8731343283582088,0.8460643163499111,0.6029850746268657,0.7033293288091818,0.6406200756195524,0.6256379710697954,0.5661691542288557
Rhizomnium punctatum,464,368,0.906002220333405,0.017235525108263743,0.849184826472962,0.7924092336745698,0.5434653831914106,0.6402527010675211,0.5678704404426541,0.5497763241320424,0.4945513560420894
Petrorhagia prolifera,282,160,0.9059244791666667,0.02882063734248875,0.846875,0.7715226802183324,0.55625,0.6453526201143726,0.563654198372167,0.5509488370019527,0.5
Santolina chamaecyparissus,195,164,0.9059232554362424,0.02966691697443817,0.8399144112884571,0.724,0.5793560606060606,0.6432259280195967,0.5476255891566458,0.5418337453041037,0.5061546588332303
Picea pungens,1056,791,0.9059155307000791,0.009115253631003739,0.8441793148959146,0.7136658290434034,0.630881299259613,0.6692842639253208,0.5700761293680644,0.5679251467976867,0.5461733267968105
Campanula cochleariifolia,1868,1015,0.9058361037637408,0.015245649211185012,0.8477832512315272,0.763968992330929,0.5655172413793104,0.6493630987486076,0.5656029005735616,0.5550597926489149,0.5073891625615763
Omalotheca sylvatica,315,234,0.9057502950005952,0.030508518822889154,0.8461542837637955,0.760085768541651,0.564199814986124,0.6471650612834056,0.5618918361284427,0.5515536049134817,0.5043720540945332
Tolpis staticifolia,219,164,0.9057488146773862,0.02036320800981386,0.8490862826740688,0.8080434782608694,0.525,0.6325341656026859,0.565724977174326,0.5436909471744638,0.48234900020614296
Campylophyllum halleri,55,41,0.905625,0.02387830838043415,0.8049242424242424,0.7,0.36944444444444446,0.4692640692640692,0.40361293222274464,0.3710586451224932,0.3204444444444444
Carex montana,1330,907,0.9055473744217993,0.01132823160273547,0.8508836325638833,0.7626509544978542,0.586576407018396,0.6626821697999759,0.577470610296043,0.5691254708620519,0.5255739785240625
Silene baccifera,69,50,0.9053333333333333,0.08328265125462804,0.8700000000000001,0.794949494949495,0.6799999999999999,0.7227885891198584,0.6497484232503586,0.6394436363290645,0.6133333333333335
Melica uniflora,1001,689,0.9052782784512801,0.010796453821801801,0.8468765617191405,0.7757176178901677,0.5456997778483021,0.6403963092020082,0.5606946401924866,0.5468760554265769,0.4929585536258694
Hieracium tomentosum,52,42,0.9051880341880342,0.07110883358450104,0.8333333333333334,0.8428571428571429,0.4805555555555555,0.5849067599067599,0.5361677572443477,0.4937606503335824,0.4325555555555556
Pachysandra terminalis,103,75,0.9051851851851852,0.0384843152986445,0.8433333333333334,0.7575116060410179,0.56,0.6278954740911262,0.5537381170832651,0.534792910913224,0.49777777777777776
Veronica urticifolia,2588,1541,0.9051390961740224,0.006319625305451316,0.8546423568321379,0.7619174378927891,0.6099777245408313,0.6772620023773502,0.5911590147188223,0.5849493758986141,0.5461686687317756
Isatis tinctoria,516,267,0.9050668483143871,0.020057514042837087,0.8605282787065069,0.7952128648180048,0.5958770090845562,0.6794310939915134,0.6041578760895939,0.5930087742260317,0.544704648836109
Drymocallis rupestris,201,140,0.9048469387755101,0.026985943125681675,0.8571428571428573,0.8222996774467362,0.55,0.6568587382251978,0.5911437176288947,0.5714666796858577,0.5095238095238095
Artemisia absinthium,1207,703,0.9048102642955648,0.011696326053913107,0.8588187328938137,0.8469614512471655,0.5335359675785207,0.6534176358702779,0.5953108113622284,0.5705935586725406,0.5008210369799684
Cirsium acaule,346,255,0.904652056901192,0.01988274937592692,0.8617647058823529,0.833390277583826,0.5607843137254902,0.6663148555974778,0.6046457967851995,0.5842057328334894,0.522875816993464
Coreopsis lanceolata,70,60,0.9046296296296296,0.04963429358958555,0.8208333333333334,0.7350000000000001,0.45,0.5511942959001782,0.473417701128316,0.449158215010142,0.39444444444444443
Cotoneaster dammeri,146,128,0.904606025553394,0.021592820730751878,0.8497430039977155,0.7836090225563911,0.5624615384615385,0.6523056653491436,0.5737348931150444,0.5596596840499549,0.5078135548661865
Ornithogalum pyrenaicum,369,279,0.9045117418224775,0.019415457145597236,0.8440943305573351,0.7838914583032229,0.5270129870129869,0.6287342010941332,0.5526530555247635,0.5347659515991446,0.47684190061435566
Rosa multiflora,1630,820,0.9044541939321833,0.012125805460300768,0.8463414634146341,0.7404403312157462,0.5926829268292683,0.6581216237494105,0.5665761063987542,0.5606623815644867,0.5235772357723577
Spiraea japonica,405,331,0.9044507712784646,0.010473341818662519,0.8443967981703832,0.7532085561497327,0.5617819990954319,0.6419750675710231,0.5560209785997068,0.5456347493492549,0.5003536452047664
Crepis foetida,105,44,0.9043842988287434,0.08590154075964554,0.880952380952381,0.8892857142857142,0.6166666666666667,0.7097058823529412,0.6676548731323524,0.6414755388773534,0.5867521367521367
Pedicularis sylvatica,143,87,0.9043171404991603,0.03600311863768436,0.8536231884057971,0.7966033966033966,0.5627450980392157,0.6585099846390168,0.5832694575731131,0.5686159804216631,0.513107942741683
Gymnadenia odoratissima,855,441,0.9042054382746656,0.02131767858224772,0.8656515580736543,0.8018404634581104,0.6145812053115425,0.6955825923063451,0.6204142399125353,0.6113640147895414,0.5639436981646013
Eritrichium nanum,183,60,0.9041666666666668,0.029192375500804557,0.8541666666666666,0.7814285714285714,0.6,0.6741512873091821,0.5939374235881323,0.5825235274950644,0.538888888888889
Quercus pubescens,605,337,0.9041398018928428,0.037378177189336274,0.8389949056863555,0.7643605476375213,0.5222563652326603,0.6193019781255076,0.5376827746010738,0.5216381935190718,0.4668400846883497
Saxifraga rotundifolia,2567,1446,0.9041325663859716,0.007021090916637203,0.853388880083021,0.7624644608977739,0.6009879489321084,0.6720083058635875,0.5862242846375567,0.5793263230799507,0.5385168504357838
Akebia quinata,66,43,0.9040555555555556,0.07498807999365775,0.8719327731092437,0.7953823953823954,0.6944444444444444,0.7121301247771836,0.6533687727126029,0.6333716067472686,0.6242905982905983
Trichophorum cespitosum,407,209,0.9040535811072395,0.012811791160723084,0.8492800114057599,0.7676484674329501,0.5742160278745645,0.6561608737665077,0.572457882716031,0.5622033068839305,0.5151684088269454
Bothriochloa ischaemum,201,130,0.904043392504931,0.032266158794102134,0.8423076923076923,0.8028937728937728,0.49230769230769234,0.6066785662011402,0.5419093489606948,0.5158983117018885,0.4512820512820513
Polystichum lonchitis,1247,823,0.9039937588859726,0.0018728813973636542,0.8393093523852571,0.7359526570806556,0.5564892830746488,0.6336220067014648,0.5419033722016005,0.533294096226268,0.49006788553336245
Epimedium alpinum,250,199,0.903972850678733,0.024982848844447184,0.8517924528301887,0.7439667350193666,0.6333333333333333,0.681533433886375,0.5910423032644733,0.5859924309370225,0.5579971988795518
Sorbaria sorbifolia,179,141,0.9039385064370575,0.04354851393325142,0.8492098609355248,0.7388074888074887,0.6241379310344828,0.6737138047138048,0.5823249737894158,0.5768642647625248,0.5484796677291607
Pulmonaria saccharata,58,49,0.9039208173690932,0.04823583520409756,0.8467948717948717,0.8414285714285714,0.5244444444444445,0.6172370766488414,0.5665401253605072,0.5311567959460539,0.4763984674329501
Nigella damascena,506,396,0.9038797829659021,0.015212150809033115,0.8440602164277443,0.7678011354071137,0.5428164556962025,0.6342021769602177,0.5531537187625173,0.5390574698338289,0.4872656277700953
Leucanthemum adustum,411,253,0.9037190282875087,0.016558377195818857,0.8685411890942788,0.819926865200463,0.608313725490196,0.6965033528254136,0.6275644749477474,0.6152721437731475,0.5634984588467663
Veronica peregrina,53,45,0.9037037037037038,0.08282142214383066,0.8444444444444443,0.6961111111111111,0.6444444444444445,0.6618408767015578,0.5678876141922581,0.5632301675779937,0.5555555555555556
Veratrum album,3240,1755,0.9036614962540888,0.009556898693170314,0.846011396011396,0.7392389960636864,0.5937321937321938,0.6585054637873634,0.5662598534192499,0.5606183052162323,0.5238366571699905
Alchemilla mollis,412,352,0.9034931119399937,0.016330939823538518,0.8465763105423891,0.7449618670331744,0.5907042253521126,0.6557837166978959,0.567338619220265,0.5593244827779039,0.522529317009092
Prunus cerasifera,1654,1247,0.9034449825232116,0.01096791830766703,0.8335987923690913,0.6860556773693357,0.6158489959839357,0.6485010241125524,0.5417329086772136,0.5400271063146149,0.5220269301992532
Dryopteris carthusiana,1660,1206,0.903356491736927,0.0062105239006462355,0.8519910562638401,0.7605552066588464,0.5961866876993244,0.6673945912728543,0.5818285947434558,0.574199457855199,0.5334474107455636
Myriophyllum spicatum,303,143,0.9033435202469118,0.03445725789010304,0.8706636155606408,0.8269555168343266,0.6295566502463055,0.7080849673202614,0.6415463804876105,0.6274896564772836,0.5804458431327623
Aconitum anthora,167,68,0.9033409273653176,0.05802867732310155,0.838047138047138,0.8129870129870131,0.4714285714285714,0.5774603174603175,0.5268632954002237,0.4907046031463239,0.43216027874564455
Gnaphalium sylvaticum,189,118,0.9032796051672353,0.04075629697773815,0.8370212765957448,0.7896794871794872,0.47644927536231885,0.5849418128487895,0.5229278964549233,0.49446080255851016,0.43419575423555823
Tephroseris tenuifolia,28,21,0.9032692307692308,0.03795196625044372,0.7867647058823529,0.7,0.43,0.4888888888888888,0.4089473088995746,0.36747504493657485,0.3351282051282051
Petroselinum crispum,90,89,0.9032115664807735,0.021328778396819403,0.8568466353677622,0.7404984051036683,0.6633986928104576,0.6928278453633423,0.607148820594086,0.6011492342170216,0.5848522218111564
Iris sibirica,671,329,0.9031045764640597,0.013872410024666477,0.8556486922456503,0.780957929270999,0.5834965034965036,0.667031633909377,0.5881338131391286,0.5776874475653647,0.529812454888597
Plagiochila porelloides,290,234,0.9030945773313951,0.01721121916113894,0.8482990101262942,0.7897512045899143,0.5430157261794635,0.6407434002269009,0.5661970468785754,0.549041264941292,0.49319809700013223
Cervaria rivini,300,162,0.9029792587137948,0.018821819158907502,0.8317710196779963,0.766204260651629,0.47518939393939397,0.5836864288781425,0.5092001233476473,0.48595986793707757,0.4257890152312097
Mentha piperita,33,31,0.9029379003063214,0.04086899283854934,0.8550000000000001,0.8266666666666668,0.6095238095238095,0.6802530802530802,0.6151988578782159,0.5903307058548363,0.5451963241436926
Hieracium pilosum,84,47,0.9029200875752601,0.05781621631523542,0.8243243243243243,0.7019536019536019,0.5688888888888888,0.6129753732156479,0.5172180924729,0.5017032431754902,0.47627805145046526
Cerastium semidecandrum,65,54,0.9029028925619835,0.05395005937434599,0.8379492600422832,0.7253496503496504,0.6090909090909091,0.6535885167464114,0.5588808746689725,0.5491782046354222,0.5225378787878787
Spinulum annotinum,1762,941,0.9027861597900964,0.016508210429680925,0.8392712836596875,0.7444001729990434,0.5472925813351346,0.6286353511137388,0.5408704439253704,0.5294700411339511,0.4838801668494758
Prunus armeniaca,239,206,0.9025988023733221,0.030494129824263798,0.8385735402808573,0.7193144107572883,0.5924506387921022,0.6406252246169801,0.5490952851680924,0.5395917955943454,0.5131823461091753
Carex lepidocarpa,525,238,0.9025643383187585,0.017763641849782116,0.8466189032791401,0.8879534632034632,0.4452127659574468,0.5891983663463222,0.5558277562052132,0.508235674542766,0.42560279846015536
Rosa caesia,188,75,0.9025185185185185,0.040576368750298714,0.8666666666666668,0.8854545454545455,0.5466666666666666,0.6693626373626372,0.6227069154169153,0.592439024390244,0.5199999999999999
Euphorbia prostrata,52,38,0.9025127046866176,0.06162356553483044,0.8348387096774195,0.7833333333333333,0.4999999999999999,0.595904095904096,0.5283778904721329,0.5005958224172051,0.4474308300395256
Carex pauciflora,678,77,0.9024317761332099,0.05006021965349158,0.8443680592279218,0.8133333333333332,0.4958333333333334,0.6109698996655519,0.5494179180224126,0.5218964625606815,0.45698041936478584
Exsertotheca crispa,698,489,0.9023588835647283,0.011623335635111294,0.8486794717887154,0.796687535624595,0.5336208710288239,0.6356595341079704,0.5647894802210135,0.5454720396693478,0.48725092373249923
Erica carnea,1107,678,0.9023131478861701,0.014976570167154818,0.8466025157489143,0.7757142819606567,0.5442483660130719,0.6390529854600636,0.5597125225223196,0.5455489456830955,0.49164188582038476
Scleranthus perennis,104,61,0.9021136521136522,0.02658001224451179,0.8483843537414966,0.8268831168831168,0.5282051282051282,0.6250184167696619,0.5703028000558816,0.5395401641705966,0.48481173481173484
Arabis collina,122,61,0.902063602063602,0.019193308317635095,0.8237244897959183,0.7636363636363637,0.40512820512820513,0.49857142857142855,0.4562068462576989,0.4172884605539481,0.36699006699006703
Ornithogalum nutans,57,35,0.9020408163265305,0.05279893309369319,0.8785714285714284,0.8980952380952381,0.6,0.6929514929514929,0.6585523230142097,0.6260275689223057,0.5714285714285714
Achillea filipendulina,229,183,0.9020180355501456,0.027824722051545472,0.8415431926195136,0.7350012896777417,0.5848348348348349,0.64498812361693,0.5555817242463073,0.5456385276430956,0.5119407564361693
Alchemilla monticola,884,441,0.9019938494695058,0.016023240577857634,0.8463800540818955,0.7644171100388677,0.5600102145045964,0.645795007722939,0.5619859444045379,0.5506940390611826,0.5018341138756657
Juncus triglumis,49,43,0.9019871794871795,0.056551219238840246,0.8489075630252101,0.7059340659340659,0.7222222222222222,0.701010101010101,0.6116940609169171,0.6013419978039346,0.612991452991453
Silene otites,146,63,0.9019768756610862,0.053869576810972805,0.8571764705882353,0.9555555555555555,0.4576923076923077,0.6026737967914438,0.5923694587658812,0.5319556939832027,0.4470237443921655
Myosotis rehsteineri,54,24,0.9019047619047619,0.08768113742082977,0.8447368421052632,0.7533333333333333,0.62,0.6624242424242424,0.579221238185802,0.5642873870859819,0.5371428571428571
Artemisia verlotiorum,5911,1778,0.9019014250576143,0.005868690049522738,0.8444876368046351,0.7694018366332095,0.539406551669568,0.6328848283919772,0.5527562800618683,0.5384325148104603,0.48560207101067443
Bryonia alba,33,30,0.9018518518518519,0.04955217837133204,0.8416666666666666,0.7561904761904763,0.5666666666666667,0.6306138306138306,0.5545222191266899,0.5352734778121775,0.5
Arabis caucasica,33,30,0.9018518518518517,0.07138642691628284,0.8166666666666667,0.5866666666666667,0.4,0.4686868686868687,0.4061120997046622,0.3921568627450981,0.3555555555555555
Nowellia curvifolia,87,69,0.9018002322880372,0.027374285296715914,0.8587012987012986,0.8526470588235295,0.5802197802197802,0.6753526043848624,0.6174622583362898,0.5897158408164421,0.5316715804520682
Ribes sanguineum,116,84,0.9017814302191465,0.03392855815030104,0.8540825285338016,0.7653092006033183,0.6080882352941177,0.6727706408233791,0.5906901589697159,0.581527160328782,0.5444803921568628
Viola ruppii,56,31,0.9017126148705096,0.05122464771965529,0.8623333333333333,0.96,0.4809523809523809,0.6147186147186148,0.6061758641867601,0.5491630948782908,0.4704260651629072
Astragalus sempervirens,35,27,0.9014950980392158,0.07883803885578765,0.7982683982683982,0.6409090909090909,0.5533333333333333,0.5676470588235294,0.46220329332485105,0.4433512079309021,0.4298039215686275
Hylocomium splendens,1750,1252,0.9014662703691284,0.011514105167389078,0.8504449642174192,0.7696527832679279,0.5735330677290837,0.6566657776170791,0.5741021531887529,0.5637886067534102,0.5162923673862784
Saxifraga paniculata,2693,1435,0.9014621196485733,0.004095140419757756,0.8454703832752614,0.7329091958356887,0.6020905923344948,0.6608544898818206,0.5667627263960252,0.5620475842613124,0.5286875725900116
Filago germanica,35,26,0.9012777777777778,0.06999373869704432,0.8747619047619046,0.7833333333333333,0.6866666666666668,0.7232323232323232,0.6517853576655368,0.6440077871948618,0.6224999999999999
Pedicularis palustris,491,258,0.9010746021846592,0.04351613615958478,0.8526898363116177,0.809571487071487,0.5386123680241327,0.6464598500955694,0.5768539955264949,0.5580973195900267,0.49597307183644934
Rosa arvensis,2499,1819,0.9010679219155208,0.008152033507043785,0.8429083116196517,0.7535916675916676,0.5519541064995611,0.6370252662765947,0.5506199048990046,0.5398767261674992,0.49184760743797484
Adiantum capillus-veneris,136,86,0.9009246936582578,0.04224463528829233,0.8632566069906223,0.7934353228470875,0.615686274509804,0.6870408212912956,0.6141252738938128,0.602674684074852,0.5615384615384615
Eragrostis minor,162,136,0.9007283297406754,0.01045828748275419,0.8125042473666326,0.681845039018952,0.4772486772486772,0.5554371407909261,0.4569091268179667,0.44269061666494325,0.40115713855551255
Poa chaixii,367,281,0.900585859019202,0.020616054878827332,0.8442936507936508,0.7940480182415667,0.512406015037594,0.6218772829205091,0.5502442807738178,0.5295379770085227,0.467308804555768
Lathyrus palustris,161,46,0.900570252792475,0.06430196212122143,0.8638138138138138,0.845,0.5933333333333334,0.6676615180485149,0.6211420842145987,0.5913219191127668,0.5496825396825397
Orobanche flava,51,34,0.9005442176870748,0.12166730852082137,0.8531746031746031,0.8533333333333333,0.5095238095238095,0.6173737373737374,0.5754912882950238,0.5400311865580427,0.4795238095238096
Chamaenerion angustifolium,5100,2732,0.9001031942289096,0.00501377186990635,0.8552339518592416,0.76776145671416,0.6039536332040902,0.6758561882620906,0.5915063079656812,0.5843934482468695,0.5429469217946943
Stachys byzantina,550,410,0.9000198294665873,0.023592157352161396,0.8487804878048781,0.7697338935574229,0.5658536585365854,0.6501362817767996,0.5688554759973925,0.5569387656200447,0.5089430894308944
Globularia cordifolia,1821,947,0.8998626229123335,0.0047961407849659,0.8413397559453891,0.7495031336822381,0.5491617933723197,0.6333555238224677,0.5461283473456081,0.5352963582213474,0.487912133727279
Eranthis hyemalis,1810,1202,0.8997001363307406,0.005728420469943589,0.8346492414130292,0.722966207478717,0.5506881051175656,0.6239845511164948,0.5293011012168053,0.5206996407412067,0.47997491437371587
Huperzia selago,963,598,0.8996453423030563,0.01492146158269658,0.8415588612957607,0.722297152012259,0.5969607843137255,0.6529674284851672,0.5562584906315898,0.5515964034480012,0.5200307645505722
Galega officinalis,1926,452,0.8996306511061232,0.015814550932738976,0.841811420088459,0.7618944679974092,0.5376556776556777,0.6285888713689339,0.5462352712901385,0.5321338618931181,0.4808562420142624
Melittis melissophyllum,6241,2785,0.8995613201009511,0.003931820557493897,0.8402154398563735,0.7375764928843608,0.5597845601436265,0.6362454497768122,0.54490048845286,0.5363949248420377,0.49347695990424895
Dasiphora fruticosa,1540,1058,0.8995479350455554,0.010456911382736482,0.8400344980615774,0.7284673940350569,0.5756147724224269,0.642451863772257,0.5479394798321837,0.5413288202571114,0.5037838774672616
Polytrichum formosum,2739,1703,0.8995097191586373,0.006070039675446497,0.8530516492620688,0.7860888192267503,0.566037605658099,0.6578415604835423,0.5800685391385155,0.5674943534994499,0.5147550481715781
Polygonatum verticillatum,3868,2295,0.8994796240129231,0.004993042119668657,0.844880174291939,0.7393493453171185,0.5864923747276688,0.6539783359183832,0.5620070908879515,0.5557346873520659,0.5175018155410313
Diplophyllum albicans,72,50,0.8993333333333334,0.042132067491533275,0.86,0.8142857142857143,0.5599999999999999,0.6556489262371615,0.5935763234060389,0.5746031746031747,0.5199999999999999
Sedum hispanicum,84,70,0.8993197278911564,0.034020407483129254,0.8107142857142857,0.7535714285714286,0.37142857142857144,0.49662337662337663,0.43386775581018916,0.395406162464986,0.3285714285714286
Gentianopsis ciliata,2846,1562,0.8993012001666308,0.006606267960598195,0.8561161889511609,0.7827437449909154,0.5870852789383141,0.670701294699877,0.5910774492384372,0.5811168561999519,0.5328822128538864
Petrorhagia saxifraga,579,394,0.8992940679138297,0.01398256715520373,0.8381977094635322,0.7245230547692221,0.5709185329438494,0.6377514944035305,0.5424116660788032,0.5355901490961515,0.49816232898189555
Adonis vernalis,282,68,0.8992120075046903,0.03304863199848492,0.8234343434343435,0.7595238095238095,0.42747252747252745,0.5374176548089591,0.47371183541909734,0.44300999468997626,0.383448137228625
Pulmonaria montana,369,298,0.8991228770116324,0.01568159973786276,0.8414647867515207,0.7611341423539757,0.5401694915254237,0.6287508920661884,0.5465138481678511,0.5320746028921202,0.48201243923743176
Abies alba,5632,2883,0.8990471542466081,0.0076722843003769045,0.8465138529705776,0.7512141370838202,0.5771693866743693,0.6527355339594625,0.5643864723547508,0.5563956409085089,0.5134629440448965
Pentanema salicinum,284,167,0.8990333209791567,0.020062103797711874,0.8533049040511728,0.8722222222222221,0.4903743315508022,0.6239384392455041,0.5784909291303328,0.5419116555313112,0.4643941335310002
Polygala alpina,53,46,0.8989594356261023,0.06223941661349444,0.8207207207207207,0.7803174603174604,0.45777777777777773,0.5598412698412698,0.49274693705388095,0.4577851039810047,0.4003703703703703
Phleum phleoides,99,40,0.8989583333333332,0.07206346065178325,0.81875,0.82,0.375,0.5104895104895105,0.46697527730124966,0.41614035087719303,0.3416666666666667
Opuntia phaeacantha,221,40,0.8989583333333332,0.046304397439360157,0.85,0.9333333333333332,0.425,0.578088578088578,0.564734784513061,0.5049624060150377,0.4166666666666667
Parthenocissus quinquefolia,844,524,0.8989505985202072,0.01619542669497999,0.8382759404477781,0.7229702764243566,0.5763553113553114,0.6406225389921749,0.5443063625955411,0.5380538258596527,0.501938164454088
Hyacinthus orientalis,353,291,0.8988418798866411,0.022266745222313693,0.8376313452715702,0.7335817565892754,0.5636469900642899,0.635740125526125,0.5423388393316866,0.533485329480542,0.4925796665831733
Prenanthes purpurea,5101,2805,0.8988221313480829,0.007127563617019988,0.8452762923351159,0.7344164322937066,0.5989304812834224,0.6592950420133226,0.5657883929333589,0.5605881284383746,0.5263220439691028
Mirabilis jalapa,214,167,0.8987358147579464,0.04116002359021663,0.851789922567613,0.7556132756132756,0.5989304812834225,0.6600207011796125,0.5796108257878027,0.5689335065527847,0.5350690951448085
Lycopodium clavatum,493,244,0.8987044337817132,0.019576044549672288,0.8535007849293563,0.7696252148079391,0.6067176870748299,0.6743609036616087,0.5915217246753205,0.5818692214814076,0.5425950517193179
Erinus alpinus,916,485,0.8986218868459275,0.009866642826039978,0.85,0.7891337285902503,0.5463917525773195,0.6454074176982635,0.5695104823296593,0.5542800417681626,0.49759450171821307
Coreopsis grandiflora,40,38,0.8985813099943535,0.04156375162093123,0.855268817204301,0.8866666666666667,0.5535714285714286,0.6410256410256411,0.6070726051125074,0.5620182837098454,0.5085121400338792
Isothecium alopecuroides,239,167,0.898568345069801,0.01960368663147511,0.8607675906183369,0.7960110420979986,0.5989304812834224,0.6809269578065508,0.6059989908307841,0.5945767577885214,0.5470690951448087
Trollius europaeus,11264,4623,0.8985503367713606,0.005786342123661184,0.8437157309848408,0.738459627170984,0.5810045630045629,0.6499423929647231,0.5580539986802706,0.5512500138080292,0.5122904641561299
Reynoutria bohemica,579,229,0.8984445190571609,0.038027054641494584,0.8460560703254931,0.7929100529100529,0.5329468599033816,0.635224313474734,0.560851679993285,0.5421481653846316,0.48345992453894704
Elodea canadensis,3955,1037,0.898370809129515,0.012843921243273663,0.8505332306306045,0.7764072105811387,0.5670057599405426,0.6550830795032297,0.5741157569671849,0.5625789754061978,0.5120383529842633
Torilis arvensis,145,126,0.8982364372469634,0.026710099506058734,0.8314059405940595,0.7390831691528286,0.524,0.6112185686653772,0.5209281202525358,0.5071564215686164,0.458
Potentilla micrantha,230,151,0.8981767169509105,0.02257127283015841,0.8443801652892562,0.8167142857142858,0.5036559139784946,0.6169671179883947,0.5542621885155745,0.526555965285291,0.4618244121469928
Aralia elata,114,60,0.8981481481481481,0.029316926294421404,0.8583333333333334,0.79,0.5833333333333334,0.6690909090909091,0.5941661290209577,0.5823529411764705,0.5333333333333334
Arenaria ciliata,102,73,0.8981385281385281,0.03482995393404609,0.8116890707188779,0.6461616161616162,0.5342857142857143,0.5698248777709047,0.46655723156058515,0.4547878711644754,0.43861975234068257
Heracleum mantegazzianum,29892,3800,0.8981096491228071,0.005044479876650853,0.8366447368421053,0.732432875454546,0.5468421052631578,0.6257272375013703,0.533532826112563,0.5241248791429771,0.4800877192982457
Cyperus flavescens,47,35,0.8979591836734693,0.05476084842856627,0.8357142857142856,0.8033333333333333,0.48571428571428565,0.5877233877233877,0.5277496148727726,0.49546783625731,0.43809523809523815
Eryngium giganteum,103,40,0.8979166666666666,0.04734715907234797,0.80625,0.7333333333333333,0.25,0.3595959595959596,0.36646348479066937,0.30266253869969045,0.2416666666666667
Buxus sempervirens,1113,731,0.8979052108229613,0.020617100537861515,0.8344672754946727,0.7299044120434763,0.5348522970832168,0.6161595384039086,0.5248935903217202,0.5141783375940472,0.46919560534920113
Asclepias syriaca,686,327,0.897866699411297,0.026191451730724062,0.8440613026819923,0.7605935298414268,0.5535198135198135,0.6382548850231424,0.5549570592140955,0.5423377317936389,0.49438793741911935
Orobanche elatior,30,22,0.8978021978021978,0.0671220809207521,0.7954248366013073,0.8333333333333333,0.27999999999999997,0.39428571428571424,0.38690387894347744,0.3089071759700686,0.24923076923076923
Calystegia sepium,1204,655,0.897570071674145,0.00982634176647694,0.8461832061068701,0.7761471858522165,0.5419847328244274,0.6377997163081052,0.5584954547835321,0.5440801383223096,0.4895674300254453
Cladium mariscus,409,129,0.8975370783063091,0.020218780715102788,0.8565907393577297,0.8915966386554622,0.4969230769230769,0.6329715762273901,0.5920973019405813,0.5530955662281466,0.47364635364635366
Melissa officinalis,2880,2084,0.8975346272917102,0.008187081528511388,0.8376916702990338,0.7182889192791191,0.5777289706696183,0.6400742157647631,0.5424273979019015,0.5369326693356751,0.5020727596384431
Rudbeckia fulgida,165,142,0.8975229626734414,0.008548005198900133,0.8274802049371216,0.7402139037433155,0.48571428571428565,0.5844363636927639,0.4997139059656083,0.48152685534022577,0.4270275552081298
Samolus valerandi,78,36,0.8975108225108226,0.0731745804098362,0.8815270935960591,0.8555555555555555,0.6321428571428571,0.7129576306046894,0.6629511534125775,0.6428110780082221,0.5944805194805194
Bartramia halleriana,61,52,0.8974798387096774,0.075298843137432,0.8709639953542393,0.8133333333333332,0.6418181818181818,0.7094805641554868,0.6416307368788633,0.6293110504906799,0.5908101173020528
Hydrocotyle vulgaris,185,54,0.8974552341597797,0.035731801039647605,0.8567653276955601,0.8183333333333334,0.5345454545454544,0.6428895768833849,0.580996819238357,0.5597218059102442,0.4976136363636363
Lonicera tatarica,135,105,0.8970521541950113,0.027375833299506342,0.85,0.7507264957264959,0.6285714285714286,0.675881494561552,0.5896068880860448,0.5798929876009672,0.5523809523809524
Buddleja davidii,87520,9994,0.896990970833525,0.010240571326493067,0.8311991455389982,0.7253840050888842,0.5208091032503239,0.6055501397966481,0.5136110648766243,0.5021224395428405,0.4554698403344541
Vaccinium oxycoccos,299,140,0.8969387755102041,0.03233708370085195,0.8392857142857142,0.8129347826086957,0.47857142857142854,0.5986195746797662,0.5365131822757097,0.5063469424139775,0.43809523809523815
Corydalis solida,521,334,0.8969157581608016,0.034563557028438455,0.8562580356643748,0.7933706505135076,0.5779285391225689,0.667666922710491,0.5914138823009041,0.5789379451052968,0.5270131162369969
Agrostis stolonifera,1045,547,0.8968975949018725,0.017135185828587102,0.8546733122263671,0.8315006164941956,0.5268056713928273,0.6418056809636054,0.5815057008444573,0.5571297358491902,0.4908523019807138
Gentiana verna,2345,1378,0.8968872709627114,0.010089159692805303,0.8468800647631521,0.7528224830161949,0.5769354413702239,0.6528153023477273,0.5652460996091597,0.5568896227560278,0.513801092473573
Orthilia secunda,729,502,0.896794447986745,0.026559048973605445,0.8545861713874519,0.7751968974572891,0.5934653465346534,0.6714059641411406,0.5892564653679955,0.5801190362391198,0.5350573907140994
Anthericum liliago,1187,687,0.8967943409703674,0.022530162172916614,0.8467885411491969,0.7669676355390642,0.5588596212842484,0.6458803837630656,0.5628858268036604,0.5511985638702606,0.501598049550075
Blitum bonus-henricus,1056,735,0.8966788529470744,0.021321686433368955,0.8523809523809524,0.7614992113183726,0.5972789115646259,0.6691003646901112,0.5831903145238595,0.5759184849203973,0.5346938775510204
Lamium amplexicaule,199,148,0.8965893827856245,0.04855220676270953,0.8496510468594218,0.7531666666666668,0.5885057471264368,0.6528542226236721,0.572045839575628,0.5606434203625139,0.525507790027356
Chamaecytisus hirsutus,53,37,0.8965838509316771,0.06545392098226806,0.8919540229885057,0.8933333333333333,0.6785714285714286,0.7566267066267067,0.7110729543124618,0.6901296667981678,0.6422077922077923
Dryopteris dilatata,1944,1313,0.896582405307503,0.009428143922395639,0.8455819854107199,0.7620107047392299,0.5567207500072562,0.6428948740459729,0.558756195077598,0.5474938255983328,0.4985847326180831
Galium rotundifolium,664,509,0.8965101457675406,0.007857311470554781,0.8462675242087008,0.7488328538930948,0.5815569792273345,0.6544155063121069,0.565096475670963,0.5575404627071614,0.5160624972815506
Calamagrostis villosa,80,53,0.8964827712609971,0.060753463759186145,0.8539313399778516,0.8916666666666668,0.4763636363636364,0.6083986928104574,0.5780260300392218,0.5330877104984989,0.4576136363636364
Gypsophila repens,1121,673,0.8963541109119986,0.009559116555889913,0.8417570745770426,0.7649236821400474,0.530514096185738,0.6256825098311587,0.544355618616863,0.5296670541403228,0.4760291687848093
Leuzea rhapontica,98,61,0.8963184338184338,0.030152542864162333,0.8404761904761905,0.8006060606060605,0.5282051282051282,0.6174152190520477,0.5523293964329581,0.5247675526413371,0.47415107415107405
Cicer arietinum,39,30,0.8962962962962964,0.0501711747560891,0.8166666666666667,0.7333333333333333,0.5333333333333333,0.5872222222222223,0.5078191499795084,0.47757575757575754,0.44444444444444436
Centaurea montana,2198,1140,0.8962411511234226,0.013440501869668744,0.8464912280701753,0.7784668764920272,0.5421052631578946,0.6375649214736362,0.5595695680881085,0.5443570345749074,0.4900584795321638
Carduus defloratus,2376,1283,0.8962254516270681,0.013571751011723397,0.8409962209429231,0.741127127143242,0.5596242704280157,0.6363779772841298,0.5468755149273038,0.537466910021972,0.49441527915920636
Sequoiadendron giganteum,611,221,0.8961553850190214,0.015982801454690814,0.8563174114021571,0.8188330823012633,0.5516161616161617,0.6548858690796304,0.5891463086891802,0.5691617988731229,0.5093741930584036
Circaea alpina,77,64,0.8961123222256825,0.03582954257312745,0.8512820512820513,0.8424242424242424,0.5141025641025642,0.6260233918128655,0.5742339469966571,0.5418503885231433,0.47753036437246965
Pseudoscleropodium purum,515,433,0.8961066476383236,0.012387449940257622,0.8418034015758525,0.7743834799708175,0.5222400427693131,0.6211415522383804,0.5441819875574421,0.5264216566112764,0.4706600011892714
Prunus laurocerasus,44981,7794,0.8960877486682165,0.010162453236901537,0.8320829361860383,0.7099723059743078,0.554400923537273,0.622525452470743,0.5232617930757225,0.516688528152301,0.4790439402620018
Amorpha fruticosa,411,117,0.8959462572536669,0.030855440264961325,0.8632349576755891,0.7597143798230755,0.6659420289855073,0.707473439295826,0.6226889983792427,0.6189440486226679,0.5946341819030123
Crepis setosa,168,142,0.8958052603559465,0.013057770353186875,0.8521968638410184,0.8004201680672269,0.5435960591133004,0.643298978454258,0.5743073649098953,0.5556379791446453,0.49902697566596804
Ranunculus aconitifolius,3639,1945,0.8957721223976403,0.008459960296003623,0.8415167095115681,0.7455979953982037,0.5562982005141388,0.6370718322208505,0.5479465452549916,0.5384216486470988,0.49288774635818344
Veronica verna,34,24,0.8957142857142857,0.0757786488934575,0.8126315789473685,0.8,0.32,0.44523809523809527,0.4185387307376137,0.3578273998493268,0.29333333333333333
Cotoneaster horizontalis,4048,2021,0.8956566385905115,0.009198733744355383,0.8325074854424217,0.7215710831828789,0.5378657865786579,0.6159400319636517,0.5210617494490093,0.5118146243822502,0.46859272984182176
Galatella linosyris,186,102,0.8956402508121176,0.02692853579527887,0.8309545317675399,0.7397222222222222,0.52,0.6027424884049204,0.5173116712885857,0.5004806355801511,0.45469063987308306
Setaria viridis,251,191,0.8956170717823133,0.019570622045013624,0.8258513931888546,0.7515210084033613,0.4765182186234818,0.5778257432005061,0.49760259814906077,0.4749177783383673,0.4188370592031919
Euphorbia flavicoma,228,194,0.895613259497107,0.033536370184143224,0.8427956989247312,0.8031559838011452,0.4840755735492578,0.5992635961488421,0.5380884992606396,0.5107283196359436,0.4462476926179285
Rubus saxatilis,2166,1205,0.8955401364760707,0.014815322833667263,0.8450207468879668,0.7470091130284259,0.5742738589211618,0.6487880512190598,0.5598347584024539,0.5516823226872983,0.5095435684647303
Populus nigra,693,409,0.895451698412049,0.018480840832326692,0.8349761318714105,0.7493661541594542,0.5183980728696176,0.6110157836906918,0.5257870714259445,0.5107155903570965,0.45892901695456867
Linum alpinum,410,225,0.8954074074074073,0.027301611201993092,0.8577777777777778,0.7857927019217342,0.5911111111111111,0.6733709273182957,0.5955479917954358,0.5851208042889577,0.5377777777777777
Kernera saxatilis,511,289,0.8953922021046973,0.017947936543135305,0.8520898641588296,0.7952566276160628,0.5539624924379914,0.6504930089690323,0.5771425752585977,0.5608869894810284,0.5055471047561099
Hieracium jurassicum,107,71,0.8953245794441808,0.020891595275888828,0.8345238095238094,0.7704545454545455,0.49523809523809526,0.5933201870593174,0.5217054190429188,0.49785003399748795,0.4436323366555925
Eriocapitella hupehensis,60,51,0.8952825024437928,0.03943647970281078,0.843048780487805,0.7755555555555557,0.5672727272727272,0.6399999999999999,0.5640528805334248,0.5441273807353908,0.5021114369501466
Polemonium caeruleum,347,214,0.8951831132443964,0.0337372636016932,0.8562831497348021,0.8644468864468864,0.5043189368770764,0.6356852079700914,0.5859454877390473,0.5540639390867048,0.4778775609080842
Aegonychon purpurocaeruleum,219,149,0.8951806793232597,0.029585327480071963,0.8405882352941176,0.7791666666666667,0.5167816091954023,0.6169917661714216,0.5421305325934592,0.5220083553848822,0.46539584140514023
Rumex scutatus,947,612,0.8951134082559371,0.011163832738742819,0.8472242393890073,0.7948424243420634,0.5244568839131014,0.6312737903625572,0.5590411057084336,0.5401311131039774,0.47925045102600283
Sesleria caerulea,1989,877,0.8949870008059199,0.017626821244708508,0.8497730145376365,0.7892337215846792,0.5450974025974026,0.6443271605127647,0.568709087169936,0.5532073050828971,0.49644912444645134
Rubus ulmifolius,496,424,0.894986329131004,0.014823067311844872,0.8472913413152872,0.77000257122241,0.5541736694677871,0.6440652812279104,0.5625331548237977,0.5502527883191416,0.4991481947109553
Bistorta officinalis,3456,1870,0.8949755497726558,0.004138281220954536,0.8421122994652406,0.7232595532529821,0.5967914438502674,0.6534679518095727,0.557126117613093,0.5525536519225547,0.5206773618538325
Asplenium septentrionale,545,348,0.8949365670561322,0.011960744122244996,0.8462700807096258,0.7834867280245431,0.5347412008281573,0.6338759027435792,0.558037749502658,0.5412546167939878,0.48492062666547786
Linum grandiflorum,51,44,0.8949192782526115,0.04837752622625709,0.8292063492063493,0.8114285714285714,0.4916666666666666,0.5590074356328227,0.511557765671915,0.4688820621597715,0.43041310541310535
Valeriana tripteris,1392,940,0.8949166289422061,0.011412889164900571,0.8406914893617021,0.7487301414579917,0.5457446808510639,0.6309960263917881,0.543667025108429,0.5326750364172225,0.48475177304964545
Mahonia aquifolium,359,262,0.8949053567146951,0.019617890287647887,0.8292458418774208,0.7260765160765161,0.5083454281567489,0.5896719568368188,0.5050891369811272,0.4883376319529563,0.4447398488614171
Valeriana excelsa,225,210,0.8948979591836734,0.03371825239617097,0.869047619047619,0.8466308260704812,0.5904761904761905,0.6935529348951055,0.6310764522941372,0.6135623496215141,0.5523809523809524
Hylocomiadelphus triquetrus,2103,1523,0.8948796173909536,0.0116050407000026,0.8389739092717793,0.7395480853598959,0.5496009490940466,0.6302054908917292,0.5399569776846792,0.5302097306451162,0.4850363449444065
Hordeum murinum,203,173,0.8948713921715065,0.03308142993173939,0.8425086018142007,0.7732643574748838,0.5384873949579833,0.6292431831981012,0.5513656765761648,0.5339277093423769,0.48266215223953657
Frullania tamarisci,75,68,0.8948284642187081,0.04768338638452372,0.8603367003367005,0.860064935064935,0.5307692307692309,0.6518181818181819,0.6001544075270311,0.5715022338773496,0.5013789868667917
Pyrus pyraster,184,167,0.8948099574663348,0.012623367418006593,0.8518235888228032,0.8200052700922266,0.5215686274509804,0.6346049825765852,0.5717820087536687,0.5482806997082227,0.48364783537177247
Polypodium interjectum,100,80,0.8947916666666667,0.03504902630304679,0.846875,0.8285314685314684,0.5125,0.6292736025149818,0.5660125445338757,0.5385880848841711,0.4708333333333334
Arabis stellulata,69,55,0.8947658402203856,0.04087545342367257,0.8272727272727274,0.6987012987012987,0.6181818181818182,0.6422872200263504,0.5416455796427598,0.5303235191673326,0.5151515151515151
Brassica oleracea,331,277,0.894599209498387,0.013008356550032369,0.8384370796135501,0.7498841443230718,0.5453896103896103,0.6267531920890754,0.5412764460128953,0.5274196988723323,0.4816568349765811
Solidago canadensis,57668,6743,0.8945987208684392,0.009404752866192535,0.8241517795319208,0.7046523693721396,0.5077985011427302,0.588693634761022,0.49229920839085334,0.4811712209904794,0.43740475359062997
Asplenium fontanum,258,146,0.8945329634033558,0.04823395685300603,0.8356763925729445,0.8362393162393162,0.42551724137931035,0.5577258911301465,0.5149282998486084,0.4721260086963802,0.39816614420062696
Bromus erectus,2054,857,0.8944002554586794,0.012751359564729977,0.8424779213040795,0.7736786642894602,0.5262749898000816,0.6247040823624622,0.5465023012529026,0.5297971757964345,0.47416211155596544
Salvia sclarea,154,111,0.894394717036449,0.02359842996833407,0.8536516853932584,0.7947345636819321,0.5770750988142292,0.6606548761800592,0.5880221204494471,0.5712572860439571,0.5230271567065856
Carlina acaulis,6048,2905,0.8943313949182518,0.007996368311282892,0.8444922547332187,0.7385153032393907,0.5862306368330465,0.6529995709401232,0.5611060660534307,0.5545933059944324,0.516810097532989
Carex digitata,1725,1183,0.894272853147983,0.013746092511176507,0.849540219364143,0.7992774378560321,0.5317707215905028,0.6383057668223537,0.5665172686460589,0.5482064844857283,0.4872513628428122
Armeria alpina,119,68,0.8942327794157062,0.07380415960816852,0.8715824915824916,0.7505128205128205,0.7527472527472527,0.7452254641909815,0.6649477345879119,0.6599653199086324,0.6648204234789601
Crepis paludosa,850,521,0.8942104812257184,0.021783846294648548,0.8392524441984873,0.7505755844600852,0.5375641025641025,0.6229679269884574,0.5388210457778119,0.5251326316453437,0.47741828459080865
Saponaria ocymoides,2760,1558,0.8941999966180566,0.014941049675583217,0.8430669562004992,0.7504340729498868,0.5590526836507543,0.6400586964858356,0.5525754685092819,0.5425494432446386,0.49679638849107094
Cyclamen hederifolium,309,196,0.8941926401378814,0.024806447293011055,0.8507594316511513,0.7958300320369286,0.5405128205128206,0.6424540010429272,0.5700079329469755,0.5528754798077864,0.4945907576416051
Carex pairae,73,66,0.8941039729501268,0.02673394923273311,0.8370827285921625,0.8833333333333334,0.4098901098901099,0.5536665192392747,0.5254836590500106,0.47104393018940344,0.38950549450549443
Scapania nemorea,47,38,0.8939440993788821,0.06566248589516775,0.8356989247311828,0.7928571428571429,0.5035714285714286,0.5822222222222223,0.5291185606413349,0.49255908069672205,0.4510022586109542
Plagiothecium undulatum,147,109,0.8938877284331831,0.02462561117087399,0.8600835945663533,0.7981111870585555,0.5978354978354978,0.67493489953201,0.6050119654198438,0.5898497961674133,0.5459007659007659
Petrosedum rupestre,169,125,0.89376,0.022643501888572365,0.85,0.8203005250683271,0.512,0.6276474402790193,0.5656610120647872,0.5407441323007515,0.4746666666666667
Calepina irregularis,111,79,0.8937385490543734,0.02521203705810547,0.83859126984127,0.7311904761904763,0.5675,0.6298709677419354,0.542234288694713,0.530179284226296,0.49560283687943246
Cormus domestica,223,144,0.8937372189148867,0.02213225565231403,0.842023988005997,0.7694711086015433,0.5349753694581281,0.6264995787223655,0.5475980117988409,0.5310695955388354,0.4793485317142093
Aurinia saxatilis,270,232,0.8937347323145846,0.012389482744773656,0.831915140947399,0.7115080571602311,0.5609620721554116,0.6196652753401726,0.525546411550172,0.5153745413049791,0.4833772828440036
Dioscorea communis,1491,977,0.8937264268854003,0.017712996856406215,0.8349499461310996,0.7283107023196278,0.5445211930926217,0.6228768741541443,0.5292088890416313,0.5200029184209922,0.4762821573291224
Pinus uncinata,333,137,0.8936196586578602,0.03391188630995589,0.8375646371976646,0.787025171624714,0.47989417989417993,0.5847191574813058,0.5225348121434384,0.4944460888280722,0.43607989837787076
Salvia glutinosa,2539,1536,0.893596931742141,0.009085503368705079,0.841309637082133,0.7450830815970994,0.555340750454757,0.6355195399651197,0.5469803065461509,0.537038044826833,0.49197286541044266
Thamnobryum alopecurum,180,152,0.8935462036794435,0.01603485049072837,0.8569164069909228,0.8295526695526696,0.5391397849462365,0.6528064828253507,0.5891049590838187,0.5678071117701733,0.5018488150465711
Gymnocarpium robertianum,845,549,0.8935309263814224,0.017546378365560833,0.849270035203976,0.7708567538542161,0.5719766472060049,0.655341809681845,0.572701468822456,0.5615596738215385,0.5136953540310949
Libanotis pyrenaica,251,49,0.8934942528735632,0.025677821337756077,0.8471794871794872,0.8484126984126984,0.48888888888888893,0.607140022000703,0.559918129568779,0.5226827009963797,0.4546360153256705
Tanacetum corymbosum,363,236,0.8934441263546269,0.02696809728919805,0.8400652932567827,0.7740336134453782,0.5131205673758865,0.614188860427417,0.5380609861184213,0.5190931658945679,0.4622964738787333
Tulipa gesneriana,67,50,0.8933333333333333,0.04457203906785805,0.845,0.8005494505494506,0.58,0.6517111192303008,0.5817007803552345,0.557046657046657,0.5133333333333333
Rhododendron ponticum,31,25,0.8933333333333333,0.041311822359545794,0.86,0.8033333333333333,0.64,0.6908513708513707,0.6234666794358137,0.6040476190476192,0.5733333333333335
Festuca rubra,900,490,0.8933152852977926,0.021936110905916684,0.8418367346938777,0.7605491439005478,0.5408163265306123,0.6316367163575192,0.547414448626738,0.5344414712742538,0.48299319727891155
Bryonia cretica,94,72,0.8932799758381155,0.03107760348106162,0.8609800362976406,0.8056277056277056,0.58,0.6707876830815362,0.6011085434854874,0.5863188037667615,0.5336997885835094
Petasites albus,9550,4655,0.8932700786798975,0.006275915359921872,0.841514500537057,0.7343364187959059,0.5746509129967776,0.644412631528424,0.5514177612913788,0.5444290267852033,0.5051199427139277
Hyssopus officinalis,396,304,0.8932499764561037,0.018342094576400632,0.8264487620589624,0.6926393637371918,0.5655191256830602,0.6196840952159873,0.5153765472211108,0.509059095469093,0.47883804719870293
Malva trimestris,24,22,0.8931868131868133,0.06492506339636564,0.8653594771241832,0.9333333333333332,0.52,0.6428571428571429,0.6219701660707779,0.5769056180824733,0.5046153846153846
Brachypodium sylvaticum,3085,2150,0.893067964665585,0.005669592883274857,0.8384883720930233,0.7491543737232645,0.5325581395348837,0.6223419471945069,0.5358049048933173,0.5233561450198159,0.47302325581395355
Laserpitium latifolium,1667,849,0.8928465628152521,0.01117161516884054,0.8445204886078143,0.7490657295479806,0.5676575008701705,0.6454647235115516,0.5572798316244537,0.548423226258974,0.5044501354092514
Quercus cerris,106,89,0.8928280420017997,0.03451080412502839,0.8370109546165884,0.712625313283208,0.6071895424836601,0.6520573704634426,0.5521657566562368,0.5467014786988783,0.5207464956632548
Cololejeunea calcarea,26,23,0.8928021978021979,0.0911939614582484,0.8380116959064328,0.8,0.53,0.6198412698412697,0.5510487683929839,0.5230057022939902,0.47175824175824166
Alleniella complanata,269,206,0.8927806120817193,0.029386784044442383,0.8373983739837397,0.7607239427239427,0.5102206736353078,0.6091740315620913,0.5290579402725861,0.5120005310700334,0.45677194559964035
Sedum cepaea,40,33,0.8927694235588973,0.05511952304394131,0.878917378917379,0.8099999999999999,0.6714285714285714,0.7302564102564102,0.660944611123327,0.6538110603463098,0.620375939849624
Alchemilla subsericea,39,30,0.8925925925925926,0.0691908951565533,0.7833333333333333,0.5599999999999999,0.3333333333333333,0.40101010101010104,0.329724865647972,0.30401493930905693,0.26666666666666666
Thymus longicaulis,151,110,0.8925619834710744,0.044413745668275814,0.8568181818181818,0.855405179615706,0.5090909090909091,0.6210706542023181,0.5804066130072412,0.5456287023923737,0.4818181818181818
Parnassia palustris,8491,3786,0.8925198513505095,0.005748359555215564,0.8423133618525979,0.7281514292886863,0.5892723324607968,0.6513524032362615,0.5561084683414216,0.5509347586698089,0.5159319987367439
Lathyrus heterophyllus,125,70,0.8925170068027211,0.05257715705187695,0.8642857142857142,0.9027777777777779,0.5142857142857142,0.6542819499341238,0.6136140859650687,0.5776576576576578,0.49523809523809526
Dahlia pinnata,67,56,0.8924215416194026,0.04840205602010833,0.8570707070707071,0.7657342657342657,0.6439393939393939,0.690956937799043,0.6098382697393185,0.5998547879139458,0.5728163992869876
Brunnera macrophylla,100,84,0.8923852364475202,0.04821372734317068,0.8391571553994732,0.7812299465240641,0.5610294117647059,0.6250541125541125,0.5560393596941174,0.5299978775048444,0.493578431372549
Convolvulus tricolor,188,162,0.8923185874631014,0.026615290069056732,0.8564937388193202,0.8213939393939393,0.55625,0.6571041239462293,0.5921088490717671,0.5714058534888651,0.51307726698927
Draba siliquosa,34,28,0.8922058823529412,0.0713130677591281,0.8399209486166008,0.72,0.6866666666666665,0.6917637917637918,0.5947755324554844,0.5860316013812165,0.5800490196078432
Triticum aestivum,3618,2617,0.8921851925729785,0.00513610092092506,0.8343531971537453,0.7020209826861679,0.5865558361186928,0.6389473229321574,0.5363395005874309,0.5326145923585734,0.503509782446846
Epilobium montanum,2059,1387,0.8921701796369874,0.016207348434828833,0.8500351749404949,0.7647709136426815,0.5775186349115653,0.6579884975903874,0.5735433209413248,0.5643724559976732,0.5183961397596584
Nicandra physalodes,571,423,0.8921588377656002,0.01693729350806846,0.8333176240596254,0.709650339929196,0.5720168067226891,0.631533974632944,0.5320037890750715,0.5256564334983325,0.49244567603892586
Convolvulus sepium,237,192,0.8920155812781868,0.01822770949558767,0.8281385281385282,0.7552973342447027,0.47908232118758437,0.5810087890095391,0.5028219269049367,0.4801192625906376,0.42361005731951834
Stellaria glochidisperma,23,22,0.891923076923077,0.04859566299103718,0.7960784313725491,0.8333333333333333,0.27,0.39333333333333326,0.38339653925838924,0.30528863095061204,0.24032967032967037
Pleurozium schreberi,280,213,0.891900344760684,0.02148740276675806,0.854454764361885,0.7920946156240274,0.5626799557032115,0.6560332421201986,0.5819660067410681,0.56763918028218,0.51418093995518
Vicia lens,38,32,0.8918671679197996,0.09036900669405849,0.8283076923076923,0.7238095238095239,0.5333333333333334,0.5868220668220668,0.5123798775610064,0.48694758143395733,0.4607017543859649
Paeonia officinalis,110,75,0.8918518518518518,0.04715674472849246,0.8400000000000001,0.754017094017094,0.5333333333333333,0.6213862433862434,0.539014335465426,0.5246690518783541,0.47555555555555556
Poa palustris,35,22,0.8918131868131868,0.0701957000104976,0.7954248366013073,0.62,0.32,0.3809523809523809,0.3488040083922952,0.30276941042758104,0.27384615384615385
Androsace argentea,77,31,0.8917989417989418,0.05093334453723575,0.782,0.65,0.4238095238095238,0.48317460317460315,0.3871094907723529,0.3574614580047877,0.32790309106098575
Typha minima,143,81,0.8917885904361744,0.01870198621218713,0.8487019230769232,0.776010101010101,0.5911764705882353,0.6532692187986305,0.5803230816299829,0.5608351507737687,0.5251050420168067
Epilobium collinum,56,47,0.891776135741653,0.08963973564453434,0.8349928876244664,0.861111111111111,0.4644444444444445,0.5713237639553429,0.532738360796781,0.4839583925377841,0.4215873015873015
Artemisia mutellina,26,20,0.8916666666666666,0.08057949835755718,0.8375,0.8333333333333333,0.5,0.5990476190476189,0.5459002114800273,0.5078787878787879,0.45
Andromeda polifolia,551,171,0.891520411705516,0.024363638343713506,0.8332975525976813,0.7376974789915967,0.5028571428571429,0.592366524610902,0.5113565173217633,0.49480036600062915,0.4463180223545729
Phacelia tanacetifolia,6639,3958,0.8914961354043477,0.002766564913456729,0.8322391704886203,0.6932036640409998,0.5904487351390005,0.6376624321330115,0.5323462301681758,0.5294270826080298,0.5032843490262883
Ribes alpinum,2284,1518,0.8914745903493022,0.009264069630817984,0.8395930875044917,0.7754996735885851,0.5045857217300678,0.6111560056325318,0.5348087804102422,0.515790968543099,0.4558386619841057
Riccardia palmata,43,38,0.8912408243929983,0.0725445915196926,0.835483870967742,0.819047619047619,0.5107142857142858,0.6058741258741258,0.5461197260207121,0.5109855320038632,0.45695934500282326
Tofieldia calyculata,1538,958,0.8911689643809588,0.008973294954951735,0.8507320576931587,0.7743843672471786,0.5689081588132635,0.655763362198391,0.5743362394050252,0.5633228681411909,0.5135868438609836
Catalpa bignonioides,48,39,0.8911231884057971,0.046900351087780866,0.8586693548387097,0.7587012987012988,0.6214285714285714,0.6550607287449394,0.5957088514668522,0.5789373192065617,0.56092132505176
Lepidium didymum,51,39,0.8910778985507246,0.06165844103333801,0.8391129032258065,0.7119047619047619,0.6178571428571429,0.6585714285714286,0.5587914364107827,0.5543027094904457,0.5316252587991719
Linaria repens,197,137,0.89090706612746,0.05930810183190208,0.8758965804837364,0.8715686274509803,0.5912698412698412,0.7005423052267755,0.6478063698183134,0.6266137400341882,0.5620603202589685
Phedimus stolonifer,239,99,0.8908876003568242,0.03019499070088497,0.8410443037974684,0.7643503555268262,0.5363157894736842,0.62845124536301,0.5460576792394076,0.5314270704469635,0.4791971454058876
Carex brachystachys,102,71,0.8908258186995729,0.029661248652006044,0.8344611528822055,0.8177777777777777,0.4504761904761905,0.5750724637681159,0.5192159361903464,0.4830373796146975,0.4129346622369877
Potamogeton nodosus,115,62,0.8908031513294672,0.041819329966955435,0.8466122448979592,0.7537878787878788,0.5794871794871794,0.6507494824016563,0.5659368351454288,0.5552514997376876,0.5150490571543204
Miscanthus sinensis,228,173,0.8907213460440188,0.03854209477911154,0.8194453133145657,0.7007005458309805,0.4915966386554621,0.5770706427084661,0.4789886786395699,0.4666667496963175,0.4203120979534457
Symphyotrichum novi-belgii,356,254,0.8906489609259596,0.014690417273238467,0.8307350526417464,0.7129758106716633,0.5469803921568628,0.6155431079992221,0.5193987363732048,0.509988793218116,0.4721609907120743
Bromus racemosus,115,61,0.8905780780780781,0.04919079103970887,0.8812074829931973,0.9800000000000001,0.5448717948717949,0.6858241861337837,0.6712002947103904,0.6238231934531211,0.5394663894663896
Lactuca sativa,502,445,0.8904852080966206,0.02471964129475214,0.8264044943820223,0.6692610800076283,0.6067415730337078,0.6362338578656639,0.523866811784789,0.5226150924581925,0.5063670411985018
Phyteuma orbiculare,2701,1596,0.8904669713030635,0.006489026716829817,0.8400672127807385,0.7475911746241986,0.543830329153605,0.629118138414708,0.541703131783833,0.5305153061677502,0.48263526716666333
Erucastrum nasturtiifolium,151,111,0.8904293659263868,0.008367552509817732,0.8333758937691522,0.8834848484848484,0.3972332015810277,0.5395053449141325,0.5147208845283747,0.45653710254608343,0.37624722238609326
Plantago coronopus,44,36,0.8903834260977117,0.07770778713290119,0.8330049261083744,0.720952380952381,0.5571428571428572,0.6245421245421245,0.5299167120668506,0.5202151969571229,0.48311688311688317
Pseudanomodon attenuatus,126,102,0.8903632494774747,0.01914460384529029,0.8333935561577837,0.7822727272727273,0.480952380952381,0.5901733992056573,0.5193162574891523,0.49325399563358,0.4318249351565058
Hieracium umbrosum,56,37,0.8903232636928287,0.04720472621371703,0.8445977011494252,0.8533333333333333,0.45357142857142857,0.579145299145299,0.5401676335206613,0.4977096498782737,0.4266939582156974
Hieracium murorum,2326,1541,0.8902817311307414,0.011283158089362588,0.8434455345951696,0.7616669775100955,0.5438322195603749,0.6341053638540392,0.5507532574335204,0.5381559595121439,0.4871575968857522
Chaerophyllum temulum,477,353,0.890049513750661,0.01578912150944889,0.8229531614164347,0.7183067354601416,0.48148893360160966,0.5756551645076236,0.4848300893383998,0.4694157145809217,0.4182143203493517
Fourraea alpina,94,57,0.8899439775910365,0.0460167455198122,0.8377777777777778,0.8123809523809523,0.45606060606060606,0.5818713450292398,0.524218106343717,0.4916308573947413,0.4211026228673288
Helichrysum italicum,83,67,0.8899410345751809,0.01969706694431147,0.8506638714185885,0.7483116883116884,0.6098901098901098,0.6696687370600414,0.5812787504744003,0.5746132648756412,0.5402559635486466
Asparagus officinalis,296,227,0.8899373785269951,0.018758300377561182,0.8358873171027866,0.7355054411460754,0.5509178743961353,0.626994281713152,0.5356834532253923,0.5247602939790281,0.4818753668821808
Lathyrus niger,186,126,0.8899328475033739,0.03606406590083586,0.8511287128712871,0.826017316017316,0.5153846153846153,0.6288168459324346,0.5698822723635144,0.5433107407058394,0.47843724696356277
Poa trivialis,1445,820,0.8899191949236565,0.005444056499685568,0.8432926829268294,0.7822655060040381,0.5170731707317073,0.6224959590810569,0.546892266162414,0.5287935034847221,0.4691056910569106
Helosciadium nodiflorum,35,21,0.8897435897435898,0.09050955176780917,0.8941176470588236,0.8933333333333333,0.6799999999999999,0.7396825396825397,0.7108120808325891,0.6804430128999837,0.6492307692307693
Aristolochia clematitis,220,137,0.8897231589929209,0.018582477861869333,0.8193160967472893,0.6906666666666668,0.502910052910053,0.5787315287415649,0.47930124932114787,0.46808497731042154,0.4274766118286542
Bromus sterilis,482,365,0.8896978795271158,0.011346974375224316,0.8308219178082192,0.7392354312620825,0.5150684931506848,0.6018076012648481,0.5156177673051325,0.49936452910736684,0.4511415525114155
Asarum europaeum,1418,968,0.8896227037969477,0.005674331851933105,0.8489165624739519,0.7839078210458607,0.5485444153624272,0.6446520954775553,0.5672293522355037,0.5525487424618393,0.49758352747590584
Gentiana pneumonanthe,380,210,0.8896069538926682,0.025081330961829334,0.8404761904761904,0.8103983423983424,0.47142857142857136,0.5951035264852209,0.5337988903833866,0.5046878915045784,0.4349206349206349
Hypericum hirsutum,1153,865,0.8895898069876484,0.020325467498688927,0.8471098265895953,0.7686898883673077,0.5560693641618497,0.64411075083887,0.5625297739056595,0.5502112384724451,0.5001926782273604
Bromus squarrosus,60,40,0.8895833333333334,0.0585005045087457,0.8125,0.8183333333333334,0.375,0.4743395493395493,0.4448516295490636,0.3874244434615952,0.33333333333333337
Scilla luciliae,92,80,0.8895833333333334,0.011121956512532614,0.853125,0.7628282828282829,0.625,0.6808710581006597,0.596394637622947,0.5872351221267599,0.5541666666666667
Arabis alpina,914,564,0.8895402375094779,0.00877015672282793,0.8448560720522732,0.7837643002212454,0.5282711757269279,0.6294707824323362,0.5537787249509636,0.5361629732551948,0.47861416153621744
Cydonia oblonga,1572,1113,0.8895164981165283,0.013809445584618682,0.8263728420282728,0.6882476743709315,0.5651638185270472,0.6197752265081732,0.5134702592802975,0.5087117553326888,0.4786207128343845
Syringa vulgaris,2440,1926,0.8894284326610713,0.010912547568693915,0.8286612673504301,0.6910133587954149,0.5711392234708297,0.6245415708019558,0.5194301768372142,0.5149853649256881,0.4856454323715022
Saxifraga tridactylites,357,253,0.8892059472795741,0.03911944980010513,0.8389406428327563,0.7373423423423424,0.5538823529411765,0.6322099356582115,0.5409570297938753,0.5318387754739005,0.48795345785578076
Rosa pendulina,1900,1220,0.8892031711905402,0.013022292798579959,0.8411885245901638,0.7402628834295808,0.5639344262295081,0.6397500131597361,0.5487937817669524,0.5402865567157004,0.4975409836065574
Pseudofumaria lutea,475,299,0.8890941479307164,0.02275739781894228,0.839452580195258,0.7502058650247786,0.5382485875706216,0.6263792646809857,0.5396884117208532,0.5276202080914727,0.47804374585739995
Littorella uniflora,64,41,0.889,0.03237969185221571,0.8479166666666668,0.8103174603174603,0.538888888888889,0.6113725490196078,0.5625589866080731,0.5288012131327889,0.48988888888888893
Populus alba,1203,849,0.8889965592613601,0.014169829911306869,0.8374478038638135,0.709678232097816,0.595997215454229,0.647457404342212,0.5466726644034079,0.5428662417156142,0.513933961862026
Anchusa officinalis,453,246,0.8889847623550248,0.01524055990030209,0.8414689733761526,0.7862823648520992,0.504,0.6136980529256952,0.5405960755858952,0.5199313026245814,0.45792535392535394
Leontopodium nivale,2011,1089,0.8889462132607466,0.0074093367429771,0.8372354880502216,0.7331479460393764,0.5490846827040967,0.6276347824530211,0.5354280144039602,0.5262633724460366,0.48235853989579247
Hieracium valdepilosum,61,37,0.8889257481648786,0.040697701119511744,0.8105747126436782,0.6928571428571428,0.5071428571428571,0.5717171717171717,0.47193639918268726,0.4545946001497153,0.4162337662337663
Bidens tripartita,79,60,0.888888888888889,0.05603573350421393,0.8291666666666666,0.6893939393939394,0.6166666666666667,0.6423135598192806,0.5386951728670644,0.5314986390707953,0.5166666666666668
Cerastium brachypetalum,105,83,0.8887824129651861,0.03461606789688528,0.8431931252826775,0.7825424575424575,0.5147058823529412,0.6100301148127236,0.5429182051951393,0.5198147895973714,0.46646098439375744
Levisticum officinale,425,378,0.8886668602229524,0.01838936840686166,0.8320197582672174,0.711530407511298,0.5660350877192982,0.627383715526008,0.5286219835866224,0.5210084517844936,0.48663857296353824
Agrostis capillaris,1522,918,0.8886444583222547,0.013583482528828851,0.842595043466978,0.7618535774159795,0.5381622713233547,0.6302345248279957,0.5474359016041122,0.534154903182982,0.48224542591830594
Carduus personata,904,570,0.8885811018775008,0.0019903295646177587,0.8320175438596491,0.7375077298928696,0.5087719298245614,0.6012002939909477,0.5138597281282996,0.49959215366259535,0.4485380116959064
Carex acutiformis,882,381,0.8885087979816657,0.00857821192890332,0.8543313201035374,0.8297657342657342,0.5301435406698565,0.6452487191155155,0.5823370660659377,0.5591522425532327,0.49250085316506825
Carex panicea,1408,516,0.8884863585945139,0.0171993029093955,0.8498084111051035,0.8632211881890433,0.47673637042569084,0.6122464905429251,0.5656660142987867,0.5288908138912511,0.450888160800469
Iberis umbellata,138,123,0.8884655683080339,0.04849363378490221,0.8374561945990517,0.7320165799113167,0.5526666666666666,0.625885885885886,0.5359549005677648,0.525500521346611,0.4849139824756262
Luzula nivea,1494,941,0.8884429400162036,0.014983356364946396,0.8421886920403493,0.7526208731509084,0.5504334121355398,0.6354102940174909,0.5488113382635997,0.5378345071202986,0.48986540862082195
Phedimus spurius,2028,1254,0.8883843250039597,0.010883176755569761,0.8305422378283476,0.7150441062209607,0.5398725099601593,0.6146357064908087,0.5173735934546858,0.5087140756981516,0.4673095702297195
Asplenium viride,1733,1037,0.8883475374216667,0.007252517156309697,0.832209222898833,0.7391169167157525,0.512002972872538,0.6038015115291586,0.5161516443835674,0.5018792037382612,0.4509262411574163
Carex pilosa,189,112,0.8883417428088574,0.020228642524308733,0.8460424469413234,0.7944354475933423,0.5351778656126482,0.6351003764792181,0.5619572416275274,0.5422100670162676,0.48473888404987375
Mespilus germanica,312,207,0.8883273837623168,0.025138583009403376,0.8248265790434466,0.70817922165376,0.5166085946573752,0.5936154939587776,0.49804161829175675,0.486043953391264,0.44409246562511706
Vicia pannonica,41,29,0.8883006535947713,0.07179505769101077,0.7851449275362319,0.6028571428571429,0.48,0.5199067599067598,0.39916365789606756,0.385424631767781,0.3662745098039216
Verbascum pulverulentum,110,72,0.8882467532467533,0.059896788826081605,0.8503327283726557,0.7506869600987247,0.621904761904762,0.6742165242165242,0.5871204742424687,0.5784747864644163,0.5475918654988423
Tilia platyphyllos,1469,1011,0.8881776753888089,0.013952913468038706,0.8372896498549732,0.7541486303367932,0.5192849826854606,0.614378121673105,0.5305833333714285,0.5157840129205775,0.46257802698165307
Cerastium alpinum,112,88,0.888077587106444,0.02326296635070783,0.8523138832997988,0.8309379509379509,0.5333333333333334,0.6440097259062776,0.5812963831915765,0.5562192797107336,0.4915336236090953
Achnatherum calamagrostis,234,170,0.8880622837370241,0.030484213047477227,0.8323529411764706,0.7647202797202797,0.4764705882352941,0.5834814814814815,0.5095251999097198,0.486521138436032,0.42745098039215684
Loeskeobryum brevirostre,63,60,0.887962962962963,0.03497132864448379,0.8375,0.7526984126984126,0.5666666666666667,0.636314562630352,0.5507356551207285,0.5351255489076322,0.49444444444444446
Carex echinata,555,309,0.887958947159575,0.013317464217524397,0.8551880632101346,0.7940748242960183,0.5664198836594394,0.6598053969040267,0.5853710817946685,0.5715214572598698,0.5178874802883264
Cyperus fuscus,167,103,0.8879427614514869,0.020592264882474922,0.825242433147223,0.7386554621848739,0.4666666666666667,0.5643696335158382,0.4867558089118841,0.46461252629746747,0.41172219284329276
Potamogeton coloratus,68,38,0.8879376058723885,0.013533265258241455,0.8354838709677418,0.8033333333333333,0.4714285714285714,0.59004329004329,0.5254757117982713,0.4947132846724321,0.42795031055900623
Cotoneaster integerrimus,175,140,0.8878401360544217,0.01708612454044933,0.8339285714285714,0.7650420168067227,0.48571428571428565,0.5910457206138269,0.5157260149277793,0.49417551385523606,0.43571428571428567
Argyrolobium zanonii,45,24,0.8878095238095238,0.06701514365020826,0.8442105263157895,0.8333333333333333,0.45,0.573015873015873,0.5319513962811131,0.4910434910145393,0.42333333333333334
Euphorbia amygdaloides,4010,2469,0.8877584393746794,0.004629236056422347,0.8323205555270844,0.7438202967325837,0.503032741785811,0.6000245715562313,0.5142758481821429,0.4989046723135021,0.4451139485423794
Cornus mas,5136,3015,0.8876707305558076,0.003396414575378797,0.8306799336650084,0.7106719050954066,0.5449419568822554,0.6161258545179573,0.5178988065555373,0.5100933087823497,0.47086788280818137
Lonicera alpigena,1823,1022,0.8876618991804884,0.00807321457009792,0.8368409082067197,0.725500957492626,0.5596939263510283,0.6313613984431126,0.5365859122957624,0.5289228442098428,0.48891902213137906
Oxalis tetraphylla,40,37,0.8876199887069453,0.04578195211612979,0.831264367816092,0.73,0.5642857142857143,0.6287878787878787,0.5336173264112984,0.5213563728322919,0.4828627893845286
Sonchus oleraceus,744,550,0.8876198347107438,0.007765147819659153,0.825,0.6923832740777414,0.5418181818181818,0.6067016593116442,0.5034241224615928,0.4965443178222591,0.46121212121212113
Lycopsis arvensis,81,65,0.8875739644970416,0.04152330530001032,0.8115384615384615,0.7361904761904763,0.4153846153846154,0.5052883295194508,0.4413603875470352,0.40584222442207923,0.358974358974359
Verbena bonariensis,174,100,0.8875,0.04800752255868057,0.865,0.7781203007518795,0.6599999999999999,0.709788838612368,0.6295361316171315,0.6229252981795355,0.5933333333333334
Euphorbia lathyris,1260,976,0.8874527650787636,0.009047156233581943,0.8242900292196067,0.6993234245108921,0.5194924123495552,0.5957696628673115,0.49572657700288136,0.4867829658355964,0.4453825555775824
Athamanta cretensis,351,215,0.8874346493600143,0.023117356641636482,0.8476744186046512,0.7732663558454378,0.5627906976744186,0.6467548766755687,0.5673179455563695,0.5532322890683352,0.5054263565891473
Linum tenuifolium,216,135,0.8874256973022405,0.054029073745708193,0.837037037037037,0.8192307692307692,0.4444444444444445,0.5666961193185834,0.518046381163689,0.480829753338179,0.41234567901234565
Poa nemoralis,1356,959,0.8873403331386317,0.00919758664244346,0.8375950673620165,0.7413230686053398,0.5381653577661432,0.6225670827080422,0.5341144602937751,0.5226789196092747,0.47560436742797885
Pinguicula grandiflora,126,42,0.8873333333333333,0.0693829950348066,0.875222816399287,0.9380952380952381,0.55,0.6778821178821179,0.6511451789600108,0.609519032858657,0.534
Osmunda regalis,112,69,0.8871265204017817,0.024823406057097513,0.8588311688311687,0.8992063492063492,0.4923076923076922,0.6342773930874618,0.5957629221382904,0.5560932160936435,0.4730277852229072
Carex canescens,165,106,0.8870374665017522,0.04064029482213785,0.8538375350140056,0.8534032634032634,0.4995670995670996,0.6281782106782107,0.5767134972390027,0.5454353370138391,0.4712932900432901
Polytrichum commune,158,124,0.887028108108108,0.01662585326050616,0.8265858585858586,0.7381223893065998,0.4843333333333333,0.5831164959071936,0.497588979549456,0.4795705568369045,0.4251621621621622
Pulmonaria obscura,617,484,0.8869124893260671,0.006626179549170565,0.8285116811849009,0.714476148279427,0.5288874570446735,0.6067367126870362,0.5101679000117836,0.5002232769490955,0.45727470671880555
Hippocrepis emerus,3295,1891,0.8868812993776041,0.007651764956028204,0.8354061974352787,0.734343173949141,0.5346107132386816,0.6182864210842729,0.5276208331818595,0.5168077712096499,0.47027100117503406
Asplenium scolopendrium,3128,1581,0.8868400268563764,0.009163832943910918,0.8382339770851053,0.7496456687476701,0.533196901329713,0.6222868941423677,0.5359401237853103,0.5231227726096531,0.4731018868129887
Alyssum alyssoides,166,100,0.8868333333333334,0.04976165413470719,0.8150000000000001,0.8049572649572649,0.35,0.47873643597781534,0.442698709054822,0.3895034739080209,0.31999999999999995
Carex davalliana,646,385,0.8867712374205882,0.008873564406999645,0.8344155844155845,0.7925953319370922,0.4623376623376624,0.5798232023632413,0.5157355265782524,0.4863278862191008,0.4207792207792208
Carex sylvatica,4465,2885,0.8867358105381827,0.005192311903322024,0.8354419410745233,0.740027336497811,0.527209705372617,0.6156132546120016,0.5267250037421796,0.5146708589789828,0.46539572501444254
Rosa rugosa,2109,1310,0.8867111473690343,0.014408375538065456,0.831679389312977,0.7007433828860806,0.5702290076335877,0.6284942925715074,0.5260240379224956,0.5212290570772324,0.489058524173028
Onopordum acanthium,352,245,0.8865750381785367,0.018111146716706373,0.8244897959183672,0.7045582060216206,0.5224489795918367,0.5915181323046491,0.4976403736879971,0.4848867391263097,0.44761904761904764
Phytolacca acinosa,92,58,0.8865075120957474,0.03652272504222901,0.836077705827937,0.7306349206349207,0.553030303030303,0.6263841421736157,0.5346949055662475,0.52458887983115,0.4837866055513114
Lepidozia reptans,90,72,0.8864230343300109,0.03603031176174311,0.8370840895341802,0.7022810522810523,0.6133333333333333,0.6527472527472526,0.5508897099077971,0.5473641512750012,0.5255954897815363
Plantago strictissima,86,48,0.886384783798577,0.024071522149278095,0.869365721997301,0.8647619047619047,0.5622222222222221,0.6780392156862745,0.6256516950054548,0.6019398203579623,0.5343897099069512
Sideritis hyssopifolia,191,57,0.8863789152024445,0.057687489226323066,0.8420289855072463,0.7850649350649351,0.5287878787878788,0.6188272821090159,0.5497204411242348,0.525790029138163,0.4760147695441813
Laburnum anagyroides,664,417,0.8862927891417691,0.02497877657128526,0.8393303483123841,0.7668030333602368,0.5131669535283993,0.6131763945524205,0.5346519175318354,0.5172990461343472,0.4612020132893554
Lavandula angustifolia,121,113,0.8860585181509333,0.02385248477620534,0.8363858363858364,0.7447508631719157,0.583794466403162,0.6423848238482385,0.5535223871388272,0.5390635542413925,0.5041193127596151
Ranunculus auricomus,341,294,0.8860505507281354,0.012249192923850028,0.8384457266498376,0.8079224503566609,0.4695499707773232,0.5920015437853127,0.5297130654898992,0.5000750696817425,0.4309778084763474
Chrysosplenium oppositifolium,333,226,0.8860083041268038,0.03773664439350035,0.8650521792510745,0.8404050116550117,0.5616425120772947,0.6657713428189449,0.6100191689330667,0.5878092533074672,0.5277209434498438
Scilla siberica,88,75,0.8859259259259259,0.024343224778007436,0.8266666666666665,0.7733333333333333,0.42666666666666664,0.5395057208237987,0.48101964521912344,0.4481924267682782,0.38666666666666666
Juncus articulatus,764,400,0.8859166666666667,0.0140942773675662,0.8399999999999999,0.8244043205271169,0.4575,0.5872363573099499,0.5320344704896027,0.4982911968085741,0.425
Campanula poscharskyana,46,37,0.8859119141727838,0.06651472125088695,0.824367816091954,0.6916666666666667,0.4821428571428571,0.5526223776223776,0.47228042799122605,0.4544459802526436,0.41929700734048564
Scrophularia canina,328,173,0.8858840787995558,0.019550621058844232,0.8207590449379627,0.785138260432378,0.38756302521008407,0.5105285393268041,0.4614327426904342,0.4192109896276248,0.35283561669626773
Vaccinium myrtillus,9929,4414,0.8858634932911847,0.007689322997313122,0.8313888667049619,0.718726908498574,0.5353466717000126,0.6133941924223074,0.5177061661255499,0.5085503178161754,0.46541838547446324
Sanionia uncinata,177,125,0.88576,0.023061718158984737,0.8320000000000001,0.7737820512820512,0.472,0.5847729647431114,0.5112899693433499,0.4868988527812057,0.42400000000000004
Carex nigra,965,441,0.8857362320275237,0.015191705087786882,0.8622424671645635,0.8302773161995495,0.5646578140960162,0.6712451921707455,0.6062796453047483,0.5882755367843734,0.5261157900822943
Ptilidium pulcherrimum,47,35,0.8857142857142858,0.06601093589501063,0.8571428571428571,0.840952380952381,0.5714285714285714,0.6669197469197469,0.6062849545406814,0.580719445673006,0.5238095238095237
Callistephus chinensis,38,35,0.8857142857142858,0.022928298702520736,0.8142857142857143,0.7144444444444444,0.5714285714285714,0.5872331916449565,0.5084867660339583,0.4762077294685991,0.4666666666666666
Robinia pseudoacacia,35031,6648,0.8856238266003744,0.011344071634553454,0.8231431015608113,0.712835056641897,0.4884273890142964,0.578921194622992,0.4860225577519234,0.4721930006885378,0.4231450918847529
Diobelonella palustris,45,39,0.8855978260869566,0.020049855158366027,0.820766129032258,0.8833333333333332,0.3392857142857143,0.4717171717171717,0.46389803826128195,0.39576814108499675,0.32225672877846795
Bazzania trilobata,58,45,0.88559670781893,0.021525426881682366,0.8444444444444444,0.9,0.4444444444444445,0.5786613386613386,0.5521720727066188,0.49952569169960465,0.4222222222222222
Lysimachia nemorum,2340,1633,0.8855546732646319,0.008060788018290124,0.8328254855759598,0.7271633367936918,0.5321701281401849,0.6131743355345671,0.5209326633151015,0.5100786772280844,0.4652171773991123
Deschampsia cespitosa,2546,1580,0.8854563905357047,0.0077783669553901915,0.842246835443038,0.7864843085790272,0.5075949367088608,0.6163872779216216,0.5431127872615255,0.5229237526955077,0.4613924050632912
Beta vulgaris,567,451,0.8853138934319744,0.02057777501121746,0.814846106494306,0.6661105809606237,0.5210012210012211,0.582119781930502,0.473379295333598,0.466146200703392,0.433804282365168
Salix alba,911,600,0.8853101851851852,0.016643300235523257,0.83125,0.7158029685326961,0.5433333333333333,0.6164443107955324,0.5197964622120975,0.5110173837369564,0.47055555555555556
Sphagnum girgensohnii,33,28,0.8852450980392156,0.05603359307129798,0.8126482213438735,0.65,0.3133333333333333,0.41761904761904756,0.38165166133351125,0.3459652015321192,0.2890686274509804
Luzula pilosa,1028,835,0.8852259552750787,0.015294345929240274,0.8491017964071856,0.7928141607299565,0.5389221556886227,0.641284658983215,0.5667378727026324,0.5500418930398041,0.49141716566866267
Euphorbia peplus,931,727,0.885185621075944,0.012784254503359911,0.8239301831774817,0.685166160238354,0.5473878129428437,0.6079811098945428,0.5019463907545465,0.4964124398185086,0.463485896204448
Ptychostomum schleicheri,45,37,0.8851355166572556,0.045032949837063456,0.8236781609195403,0.7322222222222222,0.5642857142857143,0.6161538461538462,0.5257223877922215,0.5057665167319485,0.4733766233766234
Orthothecium intricatum,53,39,0.8851190476190476,0.07181126291531788,0.7949596774193548,0.7866666666666666,0.2857142857142857,0.4022066822066822,0.37423543244159335,0.3121457453484277,0.25093167701863356
Salvia officinalis,958,775,0.8851057925771766,0.01265040033940814,0.8203225806451613,0.6675053721491035,0.567741935483871,0.611435122402846,0.5000499788714872,0.49595885168171555,0.47225806451612906
Veronica filiformis,1213,964,0.8850807914755411,0.0057738352667354555,0.8262451025852972,0.693131107633455,0.5477007772020726,0.6111361527391947,0.507595984615441,0.5014045773002967,0.46678331420956065
Equisetum variegatum,242,188,0.8850469497709833,0.022436621087178157,0.8471258278145694,0.7696079819327872,0.5701280227596017,0.6453015119234641,0.5680634391271713,0.5523259020620694,0.5098562149214222
Sphagnum subsecundum,38,29,0.8850108932461875,0.057233973818258094,0.8018115942028986,0.75,0.24,0.3438095238095238,0.3592479330223718,0.286304945054945,0.22823529411764704
Sagina saginoides,130,90,0.8849794238683127,0.038830600600861076,0.8305555555555555,0.7254761904761905,0.5333333333333334,0.6106448943213649,0.5181750706741716,0.5059990819070104,0.46296296296296297
Lepidium virginicum,205,164,0.8849607703503807,0.027596739723385624,0.8338075410594495,0.7216824280167607,0.5488636363636363,0.6222178081466179,0.5271859633162226,0.5184222406131873,0.47770305091733667
Cytisus nigricans,79,56,0.8849241073840004,0.057181888585699045,0.8120202020202019,0.8099999999999999,0.3212121212121212,0.44376068376068367,0.4217495255674167,0.3619818132749744,0.29714795008912653
Polygonum bistorta,383,253,0.8848115077331038,0.026678464419333567,0.8409549821977272,0.7757564119633085,0.5178823529411765,0.6183549018031776,0.5417800650298868,0.5232290145369767,0.4664968527668997
Reynoutria japonica,55224,6392,0.8847722723711581,0.011783797596529777,0.823920499564745,0.707170281747679,0.5028206944735042,0.5871063595100084,0.49102747655152773,0.4795030199782574,0.43377592135722304
Anthemis arvensis,45,39,0.8847567287784679,0.03039382252393527,0.8076612903225806,0.7083333333333333,0.41785714285714287,0.5060606060606061,0.4341238813740215,0.4024999946635077,0.35843685300207045
Salix cinerea,892,421,0.8847549041575347,0.03041842358791862,0.8461954217888936,0.8200010761312256,0.49406162464986,0.6154668564629331,0.5538652457542502,0.5268585189903539,0.4576572078106606
Eriophorum angustifolium,1189,713,0.8847459311911414,0.010650821251749334,0.8404571849940087,0.7472854435537363,0.5511572934108144,0.6334711459229657,0.5452235160731385,0.5344975595526049,0.48803706753587744
Arum italicum,858,640,0.8847330729166666,0.004570399009124917,0.819921875,0.6601991879081041,0.5765625,0.6152803469843038,0.5006046004410752,0.49849018816029866,0.4776041666666667
Helminthotheca echioides,106,74,0.8846734006734007,0.051184721395092246,0.841186440677966,0.7717704517704519,0.5123809523809524,0.6107619047619048,0.5370190588617091,0.5175403490430949,0.4626839826839827
Helianthemum oelandicum,30,24,0.8846666666666666,0.07088581089287929,0.8026315789473685,0.65,0.27999999999999997,0.37142857142857144,0.3463443693292949,0.299271630663916,0.2523809523809523
Euphrasia salisburgensis,316,181,0.8846605014800734,0.04024950087134946,0.8356130268199233,0.7632051282051282,0.5024024024024024,0.6025108225108224,0.5243011824320158,0.504902001706151,0.44898751962972144
Ranunculus montanus,397,302,0.884578976860473,0.017409014135961617,0.8302835979561743,0.7308774970794022,0.5097267759562842,0.6000707532861667,0.5100157521605435,0.49670951433954497,0.4468222771401832
Abies grandis,29,26,0.8845000000000001,0.01649579070887816,0.8266666666666665,0.7666666666666666,0.45999999999999996,0.5676190476190476,0.49538536161650687,0.46770388597013196,0.4083333333333334
Pyrola minor,512,372,0.8844182977820871,0.005652341492210412,0.832662192393736,0.7450209018853086,0.5107027027027027,0.6043016440328629,0.5183011805136735,0.5028393460327896,0.4506450473535676
Saxifraga granulata,194,141,0.8843869271846669,0.013044226495015035,0.838621997471555,0.823806977336389,0.4603448275862069,0.585443125350102,0.530439855561489,0.49558880225717983,0.42479860909881195
Scorzoneroides montana,48,34,0.8843537414965986,0.06718423278353629,0.7873015873015874,0.5625396825396825,0.5380952380952382,0.5380952380952381,0.41187781277812896,0.40446063261231097,0.41142857142857137
Jacobaea erucifolia,416,331,0.8843238401896686,0.016526657947738017,0.8391452258433392,0.7933199528775252,0.4834011759384894,0.6001672423468853,0.5315408071378758,0.5068728029590986,0.44110890651054147
Plagiothecium nemorale,35,29,0.884161220043573,0.04227003999078623,0.8105072463768117,0.8,0.24666666666666667,0.3714285714285714,0.3971245132650134,0.31828150572831426,0.24666666666666665
Lescuraea saxicola,42,32,0.8839473684210526,0.04660320638226254,0.828923076923077,0.6806349206349207,0.5904761904761905,0.6141996891996891,0.5216483619042697,0.5087412165476627,0.4967919799498747
Dactylorhiza majalis,3361,1680,0.8839368386243386,0.015378974760464438,0.8400297619047619,0.7577222979509772,0.5321428571428573,0.6247635615196734,0.5405809435141278,0.5269931036056776,0.4748015873015873
Luzula multiflora,530,387,0.8838539057016191,0.014943388291914021,0.8436642655809583,0.8133043261485433,0.4938061938061938,0.6100613746291101,0.5479252946096358,0.5202069229033978,0.45418432019364385
Selinum carvifolia,203,72,0.8838513037350246,0.04829998188611583,0.8816696914700544,0.8603174603174603,0.6228571428571428,0.7163667250623773,0.6621667038892005,0.6456053155531332,0.5904047115675024
Taxus baccata,1175,798,0.883849641132672,0.00672969230081098,0.8367816091954022,0.7555865961329419,0.51500786163522,0.6110302995840742,0.5285647699385979,0.5126810442314788,0.4590378753492862
Hyacinthoides hispanica,49,43,0.883846153846154,0.059624321543165555,0.8374789915966385,0.7147619047619048,0.5527777777777778,0.6127067669172932,0.5272375451921494,0.5146548380273374,0.4829316239316239
Cardamine pentaphyllos,3283,1494,0.8838318665176661,0.012826440154035274,0.8348390030925958,0.7437618298117901,0.5187290969899665,0.6110047799006522,0.5238276289459132,0.5103548241349743,0.4589362856346552
Senecio ovatus,2204,1397,0.8836401179493858,0.014610101158225223,0.8353606564990879,0.7253864393558941,0.551874039938556,0.6266060943149968,0.5316815108595865,0.5234507555569453,0.481726603366435
Primula vulgaris,2537,1535,0.883474625725472,0.005935335714605268,0.8304560260586319,0.7171197111024954,0.532899022801303,0.6109946410715327,0.5150260040988124,0.5056489240253788,0.4625407166123779
Cinclidotus fontinaloides,42,26,0.8834444444444445,0.08365523014650188,0.7790476190476191,0.5,0.2,0.2738095238095238,0.2404324838479976,0.21108017930905695,0.175
Myriophyllum verticillatum,73,47,0.8834209085933225,0.019290501507262255,0.8453769559032717,0.8178571428571428,0.5088888888888888,0.6139463477698772,0.5562596320649071,0.525995456122101,0.4665243568691845
Lejeunea cavifolia,50,44,0.8833729028173473,0.0647659872953491,0.8463492063492064,0.7317460317460317,0.6138888888888888,0.6622222222222223,0.5718393565021803,0.5648125393644234,0.538105413105413
Rapistrum rugosum,28,24,0.8833333333333334,0.06926893922273594,0.8336842105263157,0.82,0.5,0.6065079365079364,0.5414273482493054,0.5075641072668132,0.4447619047619048
Glebionis segetum,55,44,0.8833333333333334,0.04111457596856647,0.8522222222222222,0.7892857142857144,0.5916666666666666,0.6642533936651585,0.5902051497217784,0.5731805662636119,0.5315527065527065
Persicaria orientalis,26,23,0.8832417582417582,0.07257407760023003,0.8140350877192983,0.7066666666666668,0.5,0.5549206349206349,0.4681321861008745,0.44347380176308954,0.41208791208791207
Lunaria annua,899,646,0.8831676005473488,0.01154981622092051,0.8250715967192959,0.6903153709547023,0.5494812164579607,0.6106692112072087,0.5060563769690887,0.4998804028371696,0.4663876337839416
Oreoselinum nigrum,160,114,0.8831404223486954,0.018884933672465812,0.8354753941710463,0.7912252221462748,0.4818181818181818,0.593097734274205,0.5250686015821071,0.49773442023355746,0.43492986127257227
Teucrium scorodonia,3647,2072,0.8830015381482937,0.008654060780399556,0.8420612046856084,0.7841273504280252,0.5101228100809033,0.6174191265237503,0.5431315660534609,0.5235192017627297,0.4628270858580528
Brachypodium pinnatum,1431,822,0.8829614895498628,0.012014271376996255,0.8336391352421664,0.7593908575323551,0.4927050997782706,0.5968771245726654,0.5169837747052412,0.4980106638071221,0.4399946843263156
Viola pyrenaica,75,42,0.8829529914529914,0.07079107543032163,0.8092691622103387,0.6833333333333333,0.4222222222222222,0.5190476190476191,0.42905001161866185,0.4093746233953883,0.35914529914529914
Plagiomnium cuspidatum,27,24,0.8829523809523809,0.07786633118928758,0.791578947368421,0.7,0.2,0.30476190476190473,0.3100382166113599,0.23936505971904204,0.18571428571428567
Knautia dipsacifolia,2724,1556,0.8829222933386426,0.010744426400008451,0.8346736140704296,0.7328717287506035,0.5327994888284278,0.6161789857582243,0.525439631625941,0.5143885179370508,0.468104312438573
Melampyrum cristatum,128,76,0.8827495974235104,0.015103401589332993,0.8520218579234973,0.8666666666666668,0.4841666666666667,0.6114906832298137,0.5695823906309093,0.531074233278952,0.45788647342995165
Fissidens adianthoides,113,58,0.8827489177489177,0.018379873666638045,0.8105457909343201,1.0,0.24393939393939396,0.37730769230769234,0.4291140227253871,0.31858281606254596,0.24393939393939396
Eriophorum latifolium,612,387,0.8827350372729239,0.02148791371250354,0.8359098026933918,0.8288589743589743,0.4365967365967366,0.5693495433506301,0.5191047466408797,0.480242109237901,0.40560665223977344
Althaea hirsuta,86,71,0.8826077097505669,0.03862470547854066,0.8487468671679197,0.7370879120879121,0.6180952380952381,0.6650470219435737,0.5777872679244205,0.5698594820494481,0.543344407530454
Vinca major,834,623,0.8825728053846842,0.01728225471526263,0.8214308134340971,0.6907803325189448,0.5168516129032258,0.5907010916100444,0.4882293425080442,0.47969143733001307,0.439798954159982
Solanum nigrum,485,394,0.8824403214799961,0.015035099008972463,0.8128270042194092,0.6828076071841276,0.4745861733203506,0.5586422781278879,0.4574717939985189,0.444884589708564,0.40014220564531655
Crocus vernus,1354,909,0.8824263279166391,0.0013083088063574877,0.8426829360460723,0.7452580315690482,0.5643798190759517,0.6418670217772556,0.55248681383635,0.5435879776757547,0.4998410550876463
Orthotrichum rogeri,37,22,0.8824175824175825,0.0687151564995798,0.7620915032679738,0.2,0.05,0.08,0.09013878188659974,0.06753246753246753,0.05
Hieracium scorzonerifolium,58,40,0.8822916666666668,0.0639247333023594,0.825,0.7666666666666667,0.325,0.441038961038961,0.4417071706983407,0.3834130781499203,0.3166666666666667
Myricaria germanica,132,71,0.8821610504666983,0.04966233555737565,0.8451754385964911,0.8895238095238096,0.43809523809523815,0.5790726817042606,0.5501680778997577,0.49975209614557237,0.41937984496124037
Sanvitalia procumbens,24,24,0.881904761904762,0.09318744672302899,0.843157894736842,0.65,0.51,0.5666666666666667,0.5105569996323626,0.5010824036014876,0.468095238095238
Silybum marianum,239,170,0.881833910034602,0.03480926054328161,0.8367647058823529,0.7286701371413659,0.5823529411764706,0.6372128771462845,0.5467734877963273,0.5349237548208007,0.503921568627451
Apera spica-venti,67,57,0.8816080977845683,0.04272660943105589,0.886280193236715,0.8956349206349206,0.6166666666666668,0.7280701754385964,0.6796209461689416,0.6600121734378851,0.5933053221288516
Carex tomentosa,226,146,0.8816076340095366,0.03378244789160881,0.8664014146772768,0.8942355889724312,0.5342528735632184,0.6657202418088333,0.6212773339984313,0.5889894906951489,0.5113949843260188
Digitalis grandiflora,1553,823,0.8815935244255476,0.009333257402895288,0.8359626587211902,0.7685012571201295,0.49330376940133036,0.5998486322969135,0.5230590721782017,0.5029999129261042,0.44347909850267636
Panicum capillare,345,274,0.8815917589295268,0.03968355159705851,0.8193150684931506,0.6795434807950109,0.5188552188552189,0.586350325076267,0.4822495887198087,0.47419785594928954,0.4385300156031864
Euphrasia alpina,143,93,0.8815707830181514,0.03821948878611258,0.8118918918918918,0.6667277167277168,0.5058479532163742,0.573009828009828,0.4640592569138747,0.4556271192446653,0.4198089921774132
Iberis sempervirens,129,109,0.8814783196601379,0.04571596724038318,0.8257314524555903,0.6947738879627424,0.5411255411255411,0.605963689712085,0.5045202722303734,0.4968826453517332,0.46159174159174166
Tropaeolum majus,136,109,0.8814474414474415,0.035583129250689995,0.834796238244514,0.7865842490842491,0.47705627705627707,0.5922600619195048,0.5214498603760148,0.49588683712447496,0.4310889110889112
Radula complanata,519,397,0.8813600924454311,0.016341639954027844,0.8293335714144,0.7545245754197049,0.4710759493670886,0.5787395236521669,0.500663749724902,0.47917336031988533,0.4198506056731256
Eucladium verticillatum,72,59,0.8813407888407887,0.029666245128285886,0.8347517730496454,0.8536507936507937,0.42272727272727273,0.5507602339181286,0.5153633998344853,0.46644775768963614,0.3944733044733045
Plagiomnium undulatum,2113,1588,0.8812945778197496,0.016903103954899718,0.8334404678565454,0.7499517109926822,0.5018828244350535,0.5998360595713844,0.5170186092774169,0.5001855753599462,0.4458382240135627
Ranunculus ficaria,610,351,0.8810871285033605,0.022772500019372838,0.8390315200813422,0.8210059697864576,0.45577464788732386,0.5856989709952151,0.5291594917285362,0.49584824444974396,0.42254061493765116
Berberis julianae,35,32,0.8810401002506266,0.056009845402551314,0.8436923076923076,0.8333333333333333,0.5047619047619047,0.6157575757575757,0.5598267791531881,0.5260265996788414,0.46265664160401
Hordeum vulgare,2215,1773,0.8810277029270193,0.004283153120739272,0.8190925888928315,0.6646377186918212,0.5589368982255112,0.6069547626315205,0.4939111451076276,0.49063993583236576,0.46474752073663383
Castanea sativa,1921,1144,0.8809747694230416,0.006286983336757655,0.8273605841506193,0.7231955187770585,0.5018041829464491,0.5917181283047123,0.5004248357610575,0.48694814495743044,0.437701586199703
Allium scorodoprasum,89,74,0.880913900913901,0.036173761335618886,0.8311299435028248,0.7326118326118325,0.5133333333333333,0.5997232153154192,0.51263752216686,0.4979669971558011,0.4504040404040405
Dipsacus pilosus,321,205,0.8806266111441602,0.014607736961347354,0.8304878048780487,0.7593578595317726,0.46829268292682935,0.5790507688828584,0.5026345758928505,0.4806181080947436,0.41951219512195126
Quercus robur,2957,2131,0.8805835140507969,0.009646884849381952,0.8243786570842454,0.7213318010971429,0.48520741937966594,0.579872858140465,0.4892914314863862,0.4742444141194756,0.422638364183228
Chaerophyllum hirsutum,2446,1617,0.8805462459032597,0.00799956215095678,0.8410640579221607,0.7593283222397849,0.5337079081145129,0.6265502489957078,0.5429611153822206,0.5295231295082969,0.477224741647803
Euphorbia verrucosa,580,327,0.8805117507583062,0.02919373645871933,0.8310461817437338,0.808997035312825,0.4249417249417249,0.5554142642867453,0.5011693548560189,0.46383168595319174,0.3912889745014473
Helleborus foetidus,10636,4845,0.8804084514692303,0.00390814939786988,0.8264189886480908,0.7222909228267447,0.496594427244582,0.5885373463477277,0.4969111933200764,0.48328610979144815,0.4329549363605091
Sphagnum rubellum,29,24,0.8803809523809525,0.06717790372063807,0.7810526315789474,0.4,0.13999999999999999,0.2,0.21231417425491692,0.17699443413729127,0.13999999999999999
Carex hostiana,465,189,0.880343684208318,0.03211888732097769,0.8478999651446497,0.9106895037329819,0.43940256045519205,0.5873772156743842,0.5619965097097133,0.5087909346190409,0.42355098461293156
Polystichum aculeatum,1724,1155,0.8803370751422701,0.00567078473443491,0.8389610389610389,0.7472977908799001,0.5393939393939393,0.6256105597113516,0.5384616283158723,0.5265668676142944,0.4782106782106781
Pseudotsuga menziesii,449,309,0.8801679593651753,0.019758886452990312,0.8446290975577903,0.8359546692569948,0.47260708619777897,0.5994275882271733,0.5473483433481345,0.513360380058415,0.4413196697490722
Lathyrus linifolius,601,423,0.879830249363447,0.014246277943742336,0.8445741914087728,0.7956584059769918,0.5131652661064425,0.6227696083148577,0.5515426624672368,0.530594244176108,0.4682615905283404
Tragopogon dubius,314,240,0.8798032407407408,0.022252154501331618,0.8322916666666668,0.738015873015873,0.5166666666666666,0.6053356176691623,0.5176693430399674,0.5033528709253321,0.4541666666666666
Omphalodes verna,336,218,0.879789322163723,0.04349103749860402,0.8451100164203613,0.7652329749103942,0.5553911205073996,0.6393986928104576,0.558568453008595,0.5446584023762279,0.49722318157610185
Eleocharis uniglumis,209,82,0.8797451980792317,0.043698957288689104,0.874871794871795,0.8285520361990949,0.6316176470588235,0.7114281256269086,0.6470536256592261,0.6340291780359258,0.5869645858343338
Quercus suber,50,26,0.8797222222222223,0.06240795691592339,0.8552380952380952,0.86,0.5266666666666666,0.6076190476190477,0.5777547416963795,0.5337162256243169,0.4875
Carpinus betulus,6878,4137,0.8797017030412819,0.004593242333811118,0.8259001039917683,0.7170877910507208,0.5020538702837215,0.590503294605748,0.4967590644391159,0.48428252353959794,0.4359030941599883
Milium effusum,971,726,0.8796769310629253,0.0061003217874018405,0.8316089975666212,0.7384663756070433,0.5055266887104393,0.600068591854943,0.5125575993434901,0.4981454601292327,0.44583882621966636
Laburnum alpinum,450,285,0.8795732020108751,0.02846214703849745,0.8377192982456141,0.7791757284323904,0.4912280701754386,0.5997914561401265,0.5277349594733571,0.5051671279481476,0.4444444444444445
Cosmos bipinnatus,1156,782,0.8795421619580438,0.008785415213296417,0.8248056230031949,0.689091737676838,0.5472154172791115,0.6088746279264043,0.504271903165934,0.498118050081845,0.46451886962225897
Petasites pyrenaicus,50,31,0.8795043163464216,0.05269067360301051,0.8390000000000001,0.82,0.45714285714285713,0.5631313131313131,0.5233416950949807,0.4829211447263001,0.4249791144527986
Erigeron annuus,137002,14053,0.8793406955554305,0.009026799088931966,0.8160534717975025,0.6986729597786951,0.4630323930770195,0.5563453882929184,0.4618191553153174,0.44655929481271317,0.39675940847177327
Aesculus hippocastanum,2357,1428,0.8793148059955094,0.015860874279682458,0.8286139801701671,0.721017262377629,0.5098613667034719,0.5969979767020756,0.5044564393726361,0.49245500678849813,0.4447363380772057
Pulvigera lyellii,207,166,0.8791903347197463,0.02311965952601556,0.8538847117794486,0.8602173913043479,0.4992869875222817,0.6262965889023143,0.5782408313220226,0.5445070208640701,0.47118597742127155
Pimpinella major,2369,1411,0.8791702689161861,0.012562820380163526,0.8437269534955304,0.7626159709744911,0.5442523118562514,0.634757552179034,0.5516046700774531,0.5389653077350904,0.4877893679658413
Amelanchier lamarckii,25,20,0.8791666666666667,0.10069204977995476,0.775,0.4523809523809524,0.5,0.45004329004328997,0.3579041059967201,0.3404329004329004,0.3666666666666666
Persicaria mitis,139,87,0.8791618050219604,0.07198482672093523,0.8561490683229813,0.8406593406593407,0.5405228758169935,0.6507578854631134,0.5921012132637689,0.5660376469966086,0.502206475236442
Salvia verticillata,368,187,0.879160368782516,0.04560308531441241,0.8369395973154363,0.7868424684900658,0.48108108108108105,0.5949458360119924,0.5253217534020957,0.5004210531869079,0.43656464618854
Leonurus cardiaca,449,306,0.8788766177937809,0.01167895024844802,0.8112847106055536,0.6644861187718331,0.5,0.5689304407498478,0.4598923427792817,0.451502912318165,0.4150095034449988
Philonotis fontana,70,55,0.8787878787878787,0.02825538601643653,0.8272727272727274,0.8183333333333334,0.41818181818181815,0.5472239422084624,0.49627432657174964,0.4537891737891738,0.3818181818181819
Vitis vinifera,330,275,0.8787217630853995,0.03183307630825329,0.8190909090909091,0.7001335397145342,0.5054545454545455,0.5827176655381443,0.4841034828699837,0.4713552745910626,0.4290909090909091
Oxalis dillenii,60,52,0.8787170087976539,0.05284508943868172,0.8222996515679443,0.6799999999999999,0.5363636363636364,0.5952567693744164,0.4926439540233364,0.4845373052986709,0.4532991202346041
Geranium palustre,552,368,0.8786552217736748,0.01882022495292594,0.8226864983281448,0.7448463122243612,0.44564975934838946,0.5566416766102995,0.4784834079071055,0.4545024506006904,0.3940084594717955
Astrantia major,7216,3200,0.8786411132812499,0.010609709057599488,0.826796875,0.7195458981550169,0.50375,0.5924265608920589,0.49937905973238994,0.48680160129843586,0.4382291666666666
Viola williamsii,28,22,0.8785714285714287,0.054670743827466575,0.8071895424836601,0.7033333333333334,0.5,0.5498412698412698,0.4625032621424124,0.43531905409513555,0.4087912087912088
Symphyotrichum novae-angliae,521,441,0.8785322519040502,0.017290075281677343,0.8231393252639713,0.6789009661835749,0.5601123595505618,0.6132971872245716,0.504277464226232,0.5000231019614727,0.4709414047192295
Metzgeria furcata,276,193,0.8785261316710067,0.021409492057339018,0.8277167993297025,0.7501125190598875,0.4663967611336032,0.5727144450162978,0.49486409733897163,0.4728656230770675,0.4146126531875762
Pinus strobus,115,102,0.8784628944121277,0.03204932083276361,0.840650406504065,0.7639102564102564,0.5285714285714286,0.623358585858586,0.5418337135800123,0.5265639142861405,0.47309813401828216
Galium lucidum,84,64,0.8783798747361502,0.03701834777530289,0.847737556561086,0.9047619047619048,0.43589743589743596,0.582907268170426,0.5571483924014682,0.504780659714951,0.42024291497975713
Staphylea pinnata,288,196,0.8783298045814343,0.032984384375611,0.8176629103380696,0.71403651173388,0.4546153846153846,0.5509814500852823,0.46482818809871285,0.4449033342034931,0.3934101115457048
Atropa belladonna,1165,739,0.8783157403972833,0.005705701085081041,0.8345766451730918,0.7662378079383605,0.48572347858062137,0.5939605740163044,0.5173974395492164,0.4967966393541097,0.4365593031184776
Dianthus inodorus,234,164,0.8782790411848854,0.03326748959266417,0.8338191071015499,0.7776328502415458,0.47575757575757577,0.5873784331546383,0.5160277646440568,0.49129542150218625,0.42900432900432894
Potentilla argentea,192,160,0.8782552083333333,0.05656312046448363,0.821875,0.7762711125640188,0.41875,0.5369732739553712,0.4750749059423681,0.4395870792958235,0.3749999999999999
Thesium pyrenaicum,302,210,0.8781557067271353,0.027250328344549598,0.8488095238095237,0.8112748868778281,0.5238095238095238,0.6314608959139726,0.565887279824389,0.5426314132732933,0.480952380952381
Thesium bavarum,121,65,0.8781065088757398,0.038233786813296776,0.8384615384615385,0.856969696969697,0.4461538461538462,0.5684132345123057,0.5319423445105845,0.48431716278490466,0.41538461538461535
Sinapis arvensis,180,161,0.8780616246225138,0.03503671386538878,0.8229287790697674,0.7563165266106442,0.4412878787878788,0.5535739956359902,0.48058372168369196,0.4529862016874989,0.39163152139956264
Stellaria apetala,26,22,0.8780219780219781,0.09832800992865365,0.8758169934640524,0.9,0.5900000000000001,0.6968253968253968,0.6563851452128848,0.6251743411283588,0.5614285714285714
Primula halleri,27,21,0.8780128205128206,0.08530786956737882,0.8213235294117647,0.6666666666666666,0.62,0.631904761904762,0.5243910113179565,0.5164151579101147,0.5097435897435897
Plantago subulata,353,279,0.8778750870244668,0.02635359305857402,0.8288356822549646,0.7460752688172043,0.4803896103896104,0.5828693422360376,0.5011141753072683,0.48182111081731926,0.42544949062913134
Tanacetum parthenium,1129,902,0.8777424669749194,0.013804793854286604,0.826212055432398,0.7014442502295498,0.5343769183548189,0.6061332827129929,0.505143746787798,0.4972381395833472,0.45788129387916554
Geranium sanguineum,3354,1996,0.8776764663288968,0.004752215927827046,0.8191376217626095,0.6822383103470877,0.5175563909774435,0.5884849536826542,0.4829092339332265,0.4754057593946965,0.4372275778483493
Bromus tectorum,120,56,0.8776427375357857,0.030235876760692226,0.8078787878787879,0.7309523809523808,0.3939393939393939,0.5027777777777779,0.43158263311268996,0.39785535911914593,0.3401069518716577
Gentianella rhaetica,31,23,0.8776373626373626,0.10011157885694001,0.8146198830409357,0.6,0.32999999999999996,0.41587301587301584,0.3709792563696956,0.34444224190859474,0.30142857142857143
Echinops sphaerocephalus,118,98,0.8776266572333815,0.06138712482544512,0.8164881531970141,0.7412698412698413,0.39684210526315783,0.5118697478991596,0.4460551394512365,0.4137900975349382,0.352715863299394
Potentilla heptaphylla,34,22,0.8775274725274725,0.047076209965766884,0.8300653594771241,0.7333333333333333,0.37,0.4776190476190476,0.4616352393727875,0.4194224524125884,0.35571428571428576
Glebionis coronaria,123,112,0.8775111306985185,0.05361424145527995,0.8259176029962546,0.7097639933166249,0.5363636363636364,0.6092815371762741,0.5090133778224336,0.4996504303502528,0.4587955942214063
Cerastium tomentosum,1408,1158,0.8775023576049665,0.0074913892398451075,0.8240493381888673,0.6841775460939539,0.5501156889087924,0.6093042825347983,0.5028676801771261,0.4976244643577788,0.4654869077838365
Buphthalmum salicifolium,2391,1226,0.8774669490349721,0.010258751331444578,0.8299377977490691,0.7608316701288922,0.4673900779824125,0.5789006403047726,0.5023073608399541,0.4798370123732873,0.4181797851696352
Carex leporina,292,221,0.8774514684323297,0.02441348593653713,0.8382511556240371,0.7807006318269437,0.4981818181818182,0.6036528844385453,0.5316925120052678,0.5090210090514887,0.4499248120300752
Sempervivum tectorum,876,570,0.8774289524982046,0.0246306725467186,0.8350877192982455,0.7463022539531201,0.5210526315789474,0.6119690528778456,0.5258867433020431,0.5115855369561021,0.46081871345029235
Buxbaumia viridis,84,66,0.8774218089602706,0.03578272941439083,0.8410014513788099,0.7683333333333333,0.5307692307692308,0.6196109839816933,0.543504128563026,0.5247839859462563,0.47525641025641024
Erigeron glabratus,64,52,0.8774010263929618,0.038977805529290956,0.8174216027874565,0.6719780219780219,0.5581818181818182,0.5887232574189095,0.49237645261861973,0.4777904935663523,0.46261730205278584
Muscari neglectum,330,240,0.87734375,0.017306385583779525,0.8208333333333334,0.7211316526610644,0.4625,0.5616771953010324,0.47493209909976286,0.4563058346542038,0.4027777777777778
Viola alba,824,613,0.8772629216883322,0.008655222198598694,0.8287185668564778,0.7486936889098506,0.47473010795681725,0.5797826671889001,0.4994598697900926,0.4792462795181983,0.4214485062508583
Thelypteris palustris,253,99,0.8772355040142731,0.04940419947911547,0.815632911392405,0.81489898989899,0.36421052631578943,0.4973192130450196,0.45541899202923986,0.40312084961970374,0.330368718406185
Lilium bulbiferum,840,489,0.877234782040954,0.018909650875011896,0.8394710057936218,0.7978829800461679,0.48062276456974545,0.5986089590922585,0.5321899445401286,0.5061705335684665,0.4397205333700983
Eurhynchium angustirete,109,95,0.8771929824561404,0.046904559317037554,0.8184210526315789,0.7924825174825175,0.41052631578947363,0.5295521885521886,0.4722029261342299,0.4305440266711732,0.36491228070175435
Agave americana,32,23,0.8771428571428572,0.10004080800006628,0.8608187134502924,0.85,0.61,0.6590909090909091,0.6199627299068803,0.5837827914717323,0.5528571428571428
Clinopodium nepeta,175,126,0.8771360863697705,0.03504446230769295,0.8331881188118813,0.7102995044171514,0.5541538461538462,0.6186176142697881,0.5236650701705629,0.5149946230655602,0.47994331983805666
Dianthus sylvestris,569,296,0.8770227175811908,0.021274591194958486,0.8420367589215477,0.7974967824967825,0.4998870056497175,0.6083948024805323,0.5423736798682135,0.5172992166536288,0.45600330095854763
Solanum villosum,31,27,0.8769607843137255,0.10746379360414335,0.8056277056277056,0.79,0.4133333333333334,0.48623376623376624,0.44357630249851854,0.3908194116517255,0.3515686274509804
Circaea intermedia,77,67,0.8769505494505495,0.0390970263126181,0.8393431167016073,0.7833333333333333,0.5538461538461539,0.6381445640815955,0.5598997183419538,0.5393521882582448,0.48896810506566607
Lappula squarrosa,51,32,0.8769423558897242,0.07229783687967288,0.8516923076923076,1.0,0.4,0.5559307359307358,0.5689074723743621,0.49081844953474973,0.4
Hypopitys monotropa,457,361,0.8768857438230689,0.016083199572764977,0.8310361399461745,0.7428230474428441,0.5014840182648401,0.5966196063490892,0.5115822024869461,0.49507606891604805,0.4423997035353642
Athyrium filix-femina,3232,2069,0.876849723404255,0.006843041737007961,0.8369979713063911,0.7569611966640586,0.5128001777964932,0.6112186592209826,0.5285801118405756,0.5129142323010858,0.4578616250476191
Silphium perfoliatum,432,246,0.8767878023796392,0.020388165980270698,0.8201129182637523,0.7250917141049967,0.4635918367346939,0.5617769961271917,0.4759681964044874,0.4558660117304463,0.40260636146350437
Hypericum maculatum,1776,1099,0.876740467535227,0.016557551157722953,0.8389453407798119,0.7456909436578207,0.5405105853051058,0.625431923983865,0.5382186254222185,0.5264512243680786,0.4789411734322038
Borago officinalis,4711,3335,0.8766811496800326,0.0058304368095564016,0.8140929535232384,0.6568230934574697,0.5376311844077961,0.5911503891077957,0.47645531258375556,0.47240694702941444,0.44387806096951526
Carex austroalpina,42,36,0.876669758812616,0.05708070433841447,0.8192118226600984,0.6666666666666666,0.4607142857142856,0.5351981351981352,0.44766934609596765,0.4331455167017094,0.3966450216450216
Myosotis ramosissima,120,97,0.8766329324187148,0.04194687409087897,0.8194139194139194,0.7326984126984127,0.4289473684210526,0.5227571972527668,0.4566816690774667,0.426764532688115,0.3773985665508013
Potentilla caulescens,350,213,0.8765651500139517,0.027965141362381093,0.8298039215686274,0.7295057645057644,0.5120708748615725,0.5978717123186893,0.5095303694360511,0.4949910113414241,0.44794685911354104
Quercus rubra,453,348,0.876527516152802,0.027888549061206334,0.8383589902271732,0.7638094535910017,0.513871635610766,0.6085573804959066,0.531747031846971,0.5130527432478321,0.46023711223940056
Ipomoea purpurea,55,47,0.8764477285166941,0.06880004997666041,0.8455192034139403,0.7392857142857142,0.5955555555555556,0.6494599243206054,0.56550164318355,0.5540404569267902,0.5248659003831417
Leontodon hyoseroides,72,41,0.8763425925925926,0.026430441618900277,0.8049242424242424,0.8666666666666666,0.29444444444444445,0.4197402597402597,0.4176213736794079,0.3371862084921626,0.2697777777777778
Tragopogon porrifolius,29,26,0.8762777777777778,0.05872135498150733,0.8357142857142857,0.7128571428571429,0.6066666666666667,0.6460683760683761,0.5495585753145219,0.5400428668695374,0.5158333333333334
Ballota nigra,201,153,0.87626178403177,0.03736425945367751,0.8121684659469546,0.7116666666666667,0.42494623655913977,0.531463019990605,0.44540733755909406,0.4229275855642888,0.3661311386136071
Sarmentypnum exannulatum,31,27,0.8761519607843138,0.07872942753809871,0.7956709956709956,0.51,0.3333333333333333,0.393073593073593,0.32581784420534526,0.31321956225773634,0.2840686274509803
Chrysosplenium alternifolium,1697,1252,0.8761195357561735,0.01018296229257936,0.8280741214872951,0.7204397011921921,0.5096095617529881,0.5964170258106318,0.5035613404668839,0.4914277087110951,0.4438497238064204
Lysimachia arvensis,506,420,0.8761148904006048,0.00913861583128047,0.8232142857142858,0.7176917977222237,0.48571428571428565,0.5776663434302185,0.4866725337554523,0.47143650487060673,0.42142857142857143
Sesleria albicans,48,40,0.8760416666666666,0.07650401677907728,0.81875,0.9099999999999999,0.325,0.4630769230769231,0.46493419229436145,0.3847619047619048,0.3083333333333334
Tilia cordata,780,596,0.8760288944145957,0.016371998750979163,0.8385162870179519,0.7621947545631756,0.5133473389355743,0.6130687285223368,0.5323492171376059,0.516078157016204,0.4602199427256936
Carex remota,716,547,0.8760036165445653,0.012708608280776393,0.8409579637001974,0.755062391781072,0.5431359466221852,0.6292988349533799,0.5450498167699792,0.5318964745874355,0.4834224763871788
Festuca lemanii,32,24,0.876,0.05319846893948795,0.8121052631578948,0.75,0.29000000000000004,0.3942857142857143,0.40042701916682466,0.33621242962103504,0.2766666666666666
Cerastium holosteoides,820,560,0.8759566326530612,0.022309081305205994,0.828125,0.7629753503726107,0.46428571428571425,0.5750101855491077,0.4994236857568987,0.47502865228150204,0.41369047619047616
Dryopteris expansa,97,69,0.8759428724585521,0.04844449789227017,0.8367532467532467,0.8222222222222223,0.45054945054945056,0.5663820390136179,0.5208771812928719,0.48078714801988526,0.41686768516036815
Carex strigosa,60,57,0.8758110516934046,0.06161876975189626,0.8331400966183574,0.7462554112554113,0.484848484848485,0.5795282750781472,0.5051362355897174,0.48374792684592577,0.4324115100585688
Plagiomnium affine,325,287,0.8757980536514488,0.028764631327858038,0.8257414087715966,0.7550280692050142,0.44603750756200844,0.560156534211976,0.48575373481864714,0.4607519639884595,0.39839669562492014
Bromus riparius,398,269,0.8757749239068678,0.018196107110587414,0.825254091300603,0.7387292038027333,0.4645702306079665,0.5701916518837129,0.4876150003433395,0.4677160127365507,0.4100498717397816
Origanum majorana,220,194,0.8757319686120468,0.025649778029475722,0.8324400330851944,0.7185116202677179,0.5669365721997301,0.6293753713606655,0.5323935009505171,0.5233896023730188,0.4878177982533699
Alchemilla xanthochlora,534,372,0.875694383364787,0.016505775875360118,0.8333333333333334,0.7447169811320755,0.5107387387387388,0.6043106733298135,0.5188678584599711,0.5035978677193564,0.45162198665674
Sanguisorba officinalis,3011,1224,0.8756070987604423,0.012627158993384763,0.8327189343561734,0.7793883622987823,0.46323519571763133,0.5802377266959123,0.5102257151176176,0.4842228924812133,0.41911315453058434
Andreaea rupestris,30,23,0.8755494505494505,0.07406952089661685,0.8157894736842104,0.9,0.31,0.4514285714285714,0.45293668715083263,0.37406648917884144,0.2957142857142857
Euphrasia hirtella,45,39,0.8754787784679088,0.043723727554934956,0.7945564516129032,0.6459090909090909,0.5178571428571429,0.5514957264957265,0.44445777776475304,0.4257581251558227,0.4073498964803314
Lysimachia punctata,2003,1528,0.8754678473286974,0.006379702867492285,0.8250984606284618,0.6988199216033276,0.5281667202400084,0.6012226035851468,0.5001962650247929,0.49206227251123724,0.4522496658620055
Leersia oryzoides,137,49,0.8753256704980844,0.059353890179531896,0.8574358974358975,0.9222222222222222,0.49111111111111116,0.604381995713265,0.5898490365051763,0.5363762068669234,0.4706513409961685
Polypodium vulgare,1138,780,0.8752383300460224,0.014200483233516673,0.8397435897435898,0.7735560736617275,0.5076923076923077,0.6129570987879116,0.5356356750723898,0.5173487604608387,0.45811965811965816
Ulmus minor,447,355,0.8752231700059511,0.014455898915533285,0.8211267605633804,0.705243748670738,0.4901408450704225,0.57767639250903,0.4818079182589006,0.46896201223188905,0.4215962441314554
Draba aizoides,728,382,0.8751403293777361,0.0199698368135792,0.834409086038787,0.7521583710708135,0.5104579630895419,0.6062714749917005,0.5227945571647041,0.5063747674773827,0.45289198625263294
Digitaria sanguinalis,222,188,0.8750825655984016,0.03333046804361026,0.8192141280353201,0.6936035290874001,0.46884779516358466,0.5515082956259427,0.46383253116366374,0.4484580798058828,0.4050519670978451
Salix babylonica,30,26,0.8750555555555556,0.06875892759094482,0.7795238095238095,0.63,0.3866666666666666,0.4647619047619047,0.36048926800234565,0.33702635534652126,0.2975
Aquilegia atrata,1744,1117,0.8750465796988273,0.015486810642426506,0.83214011037876,0.749576230817374,0.4941824151185138,0.5955830734622827,0.5123887958614245,0.49521902932034373,0.43897410495546907
Linum perenne,21,20,0.875,0.10944937947136413,0.7375,0.5066666666666666,0.25,0.3149206349206349,0.22329348089919754,0.18946386946386948,0.15000000000000002
Carex riparia,138,90,0.8748971193415638,0.03456912598261467,0.825,0.7406593406593406,0.47777777777777775,0.5724809384164222,0.49213468141772887,0.4703062620396996,0.4185185185185185
Hypnum jutlandicum,24,22,0.8748901098901098,0.08002565703776238,0.7496732026143791,0.26666666666666666,0.13,0.17142857142857143,0.11018710488534023,0.10086339853265491,0.08604395604395605
Gymnadenia austriaca,25,24,0.8748571428571429,0.10558911508526714,0.8331578947368421,0.7283333333333333,0.62,0.6357509157509158,0.55871949429953,0.5322668922830308,0.5238095238095237
Erigeron canadensis,623,463,0.8748515737715902,0.0115814258598387,0.829913309535951,0.7489064513056511,0.4838008415147265,0.5861121849121298,0.5047975219216669,0.48555885482440947,0.4290986105197391
Allium suaveolens,45,29,0.8748366013071894,0.09516259067386613,0.8101449275362318,0.7666666666666667,0.3733333333333333,0.49000000000000005,0.43455221475226996,0.38929570429570426,0.32758169934640513
Dicranella heteromalla,85,76,0.8748107890499195,0.029623206306833638,0.8519125683060109,0.8106060606060608,0.5541666666666667,0.6486622073578595,0.5821953867431813,0.5602927148698973,0.5057608695652174
Atriplex hortensis,94,86,0.8747740021096423,0.0381324639559239,0.8139812446717818,0.6667146578911284,0.522875816993464,0.5829971110701334,0.4735408135848802,0.46601776560440056,0.43373554550025145
Carex pendula,1365,976,0.8746747935777677,0.007294759674380115,0.8324757871236745,0.7650888603444728,0.47645735217163787,0.5868605006105005,0.510658692842903,0.4889104469307705,0.4276151363669648
Prunus persica,655,544,0.8746723556788311,0.013045598954585564,0.816647685331646,0.672982104257264,0.5276078831124702,0.5904931906951093,0.48109421798670676,0.47458766432199206,0.44058137329089087
Saxifraga mutata,96,50,0.8746666666666666,0.059650835888713456,0.85,0.8414285714285714,0.5,0.6211764705882352,0.5675878513747835,0.5362116402116401,0.4666666666666666
Thalictrum foetidum,42,31,0.8746031746031745,0.06781001669511882,0.8150000000000001,0.68,0.35238095238095235,0.43593073593073595,0.4059707279986903,0.3664235424020049,0.3196324143692565
Geranium molle,460,369,0.8745916088523403,0.021023714269834543,0.8340082455336694,0.7150158730158729,0.5610884857460199,0.6277244367556312,0.5300640410594296,0.5230805385022083,0.4861017342886802
Barbilophozia lycopodioides,35,28,0.8745833333333332,0.05484610691799353,0.7853754940711463,0.7666666666666667,0.24666666666666665,0.3571428571428571,0.3358539711976582,0.26678445525906,0.21137254901960784
Grimmia pulvinata,299,223,0.8745627014165898,0.01407711497957758,0.828485343041868,0.7432454247207568,0.4802020202020202,0.5793410098673256,0.4989270773711302,0.4791086714895014,0.4249220291796883
Melica ciliata,337,219,0.8745622509816465,0.0362000584329847,0.8150909090909091,0.7258627450980392,0.429492600422833,0.5374132681076225,0.45577813133290934,0.4312799699335244,0.37318910747811873
Carex paniculata,476,298,0.8745604685743995,0.020138978544357065,0.8347385816251187,0.7765151515151516,0.48338983050847456,0.5929610721983015,0.5200699627842491,0.49652697289255254,0.4353263065614531
Solidago gigantea,67644,6745,0.874546392709972,0.010158978939681531,0.811527057079318,0.6976882760200286,0.4327650111193477,0.533403327722699,0.4429435531267451,0.423699341134457,0.37054608351865587
Parthenocissus tricuspidata,30,23,0.8744505494505495,0.05395313436348262,0.8596491228070174,0.8699999999999999,0.5700000000000001,0.6676190476190476,0.6184412823513565,0.5848391370885853,0.5271428571428571
Pilosella aurantiaca,1139,782,0.8744215587814204,0.017234371903769002,0.8328,0.752653190210643,0.4948554630083293,0.5964834032283237,0.5144456366262531,0.49673013334430455,0.44028848029272794
Cystopteris montana,69,47,0.8743705528188286,0.04423713416155781,0.8085348506401138,0.7711111111111111,0.3822222222222222,0.49647194910352804,0.43957235934502226,0.3947519385352775,0.3324685276409415
Homalia trichomanoides,127,98,0.8743486419145468,0.055757602036169134,0.8238558909444984,0.715967365967366,0.4610526315789474,0.5587327188940092,0.4752262403381871,0.45829375056673144,0.4064062259681934
Digitalis lutea,1121,776,0.874321380774378,0.008080417536173513,0.8360261804581579,0.7493837531888558,0.5154507857733664,0.6093949008428421,0.5254990731384652,0.5105538054076113,0.45832493778776484
Bromus benekenii,330,282,0.8743006336760801,0.03699211123200241,0.8253294001966568,0.728205863959092,0.4788847117794486,0.5758260513403257,0.48972382245082446,0.4724818808415561,0.41976184369730446
Anemone blanda,104,85,0.8742791234140714,0.0936659445818271,0.8294117647058824,0.6832111026228673,0.5882352941176471,0.6289697257202002,0.5240909452178557,0.5198520741629985,0.4980392156862745
Crataegus monogyna,4397,3016,0.8741073344349042,0.00411707162969537,0.8225298084793604,0.7084163947831217,0.4936992740491801,0.5816669999954509,0.48615109870922096,0.47359547580996575,0.4258385775317672
Sphenolobus minutus,49,40,0.8739583333333334,0.07720991858419342,0.78125,0.6014285714285714,0.3,0.36598290598290595,0.2978924231386973,0.269469410952787,0.2416666666666667
Crepis pulchra,75,61,0.8739508739508739,0.05731468417445707,0.8034013605442176,0.6767399267399267,0.47307692307692306,0.5301676413255361,0.43937352506007665,0.4170164263619306,0.3853892353892355
Arrhenatherum elatius,1107,748,0.8739240406133156,0.0025138996642611725,0.8255364291656664,0.7526916087535931,0.45332438478747206,0.5628995098424957,0.4874727370322331,0.46287834671426803,0.40296346369297636
Carum carvi,771,545,0.8738602250091182,0.02080720408441389,0.8307339449541284,0.7339512846179512,0.5045871559633028,0.5974001546530824,0.5093265500146437,0.4951531529949831,0.44403669724770645
Humulus lupulus,2913,1992,0.8738177466901066,0.002816683312202757,0.8191512270197169,0.6830735432420774,0.5170526819561466,0.5882493359571714,0.4830137459416283,0.47525505976091137,0.436898891776888
Hypericum androsaemum,256,171,0.8737931266167231,0.03451269881794154,0.8216079862601976,0.6908017145273517,0.5206722689075631,0.5927899643587959,0.4901136983623875,0.48167217123538864,0.4426787413994724
Aconitum lycoctonum,1794,1042,0.873520135474077,0.015561407753542892,0.8289367545579382,0.7411598553352577,0.4856505336768494,0.586242606640373,0.5018624052144702,0.48439951135408704,0.42902893623276006
Cephalaria alpina,73,35,0.8734693877551021,0.06561717307095231,0.8214285714285714,0.8033333333333333,0.42857142857142855,0.541056721056721,0.486235044255323,0.4434554523563811,0.38095238095238093
Bellis annua,255,203,0.8734687529946699,0.02814529890687584,0.8189881087631598,0.6983281086729363,0.4925609756097561,0.5763032286945331,0.4778679122862134,0.4655753158046629,0.42030789337157703
Galium rubrum,28,22,0.8734615384615385,0.10586638894234708,0.7960784313725491,0.7,0.45,0.5370129870129869,0.4346108893910934,0.4111417543442261,0.35879120879120885
Anacamptis pyramidalis,2363,1318,0.8734073381314236,0.008895026082219416,0.8264427997158197,0.7468770981156163,0.4651659177324577,0.5718615555733104,0.49203983149681346,0.47056012295461713,0.41205609040284763
Lysimachia thyrsiflora,124,69,0.8733966382050007,0.046398111095007376,0.8297402597402597,0.7533333333333333,0.4648351648351648,0.5709090909090909,0.497029199281274,0.4744607649059974,0.41651925310461896
Lathyrus vernus,7614,4011,0.8733022954201454,0.005754438816433665,0.8209301652381977,0.7215781752354676,0.46198327344776297,0.5631921680569446,0.47538488566697507,0.45734178789846214,0.4025635841997571
Fritillaria meleagris,357,246,0.8732916915249277,0.03896714411113398,0.8404330260022791,0.7514368990839579,0.5526530612244899,0.6348042764075025,0.5473682692095122,0.5356356726407736,0.4889281117852546
Galium uliginosum,337,163,0.8732887801324841,0.026737122556733786,0.832918379330593,0.8315476190476192,0.4179924242424242,0.5550616672200797,0.5084058344155885,0.4660907470648491,0.38939995632742325
Galeopsis segetum,89,53,0.8730718475073314,0.059132301474541474,0.8490586932447398,0.8666666666666668,0.4745454545454545,0.6005555555555555,0.56260688038088,0.5212022305851989,0.4495454545454546
Cyclamen coum,37,34,0.8730385487528345,0.11027251684750901,0.8383597883597883,0.8166666666666668,0.5047619047619047,0.604133644133644,0.5447088310652118,0.5124116538801671,0.4552380952380951
Helianthus tuberosus,706,467,0.873010714015295,0.018653916453125807,0.8292210864360369,0.7122721079562713,0.5331960649736902,0.6096714471700023,0.5120115151736038,0.5032355349472661,0.4610964208455763
Veronica anagallis-aquatica,245,168,0.8729955348476025,0.03418189283944589,0.8259038142620232,0.6986939257643906,0.5349376114081996,0.6041057671142417,0.5036298252273315,0.495340782274304,0.4575514727943382
Alkekengi officinarum,97,86,0.8728477212906277,0.03922632069654543,0.7963768115942029,0.7142568542568541,0.32679738562091504,0.44125752508361205,0.3804070822542339,0.33889404244220434,0.2802664655605832
Rumex conglomeratus,223,155,0.872771418661117,0.02745719054397009,0.8370967741935484,0.8883022774327122,0.4129032258064516,0.5552356343054017,0.5285370453395851,0.4722534825422988,0.39139784946236567
Acer saccharinum,57,53,0.8727639296187684,0.0862886088461642,0.8344407530454042,0.7833333333333333,0.5454545454545455,0.6134557854762458,0.5471765090859615,0.5158701118053937,0.4767045454545455
Coronilla varia,1390,825,0.8727370676461585,0.015452096518669339,0.8209090909090909,0.7110254486083156,0.48,0.5726729868148632,0.4793594231560999,0.4647445194193843,0.41454545454545455
Anthriscus caucalis,32,22,0.8726923076923077,0.05393399428602492,0.7836601307189542,0.6166666666666666,0.37,0.44761904761904764,0.35197237518623414,0.32807473928348735,0.2941758241758242
Tulipa sylvestris,379,226,0.8726694978581879,0.023412631058841914,0.8407059545733577,0.7599380745320679,0.5307246376811594,0.6243470779240267,0.5414306471122513,0.5273918948613707,0.47470067253954723
Holcus mollis,255,224,0.8726129062878648,0.027317946913911352,0.8370391061452513,0.7862854460566131,0.48171717171717165,0.5913949669047741,0.524591094481221,0.49829923755936784,0.4370958339615056
Arum maculatum,2600,1804,0.8724969484392633,0.005404832064114638,0.8180426857712177,0.701263313731934,0.475050784856879,0.5659514539266528,0.4703577683456368,0.4562695342472212,0.40742508572238056
Sanicula europaea,1208,906,0.8722925752905244,0.01137094122455889,0.8377511907029909,0.7391648507169168,0.5441381822597293,0.6265095495739279,0.5361983989783884,0.5259178475112337,0.47976000004761793
Molinia caerulea,1024,624,0.8722582623195907,0.0066600046984062935,0.8365386773547094,0.781617961714658,0.48236129032258057,0.5961939051047962,0.5239467665406344,0.5007771106941646,0.43694952561669825
Geranium sylvaticum,10670,5446,0.8722458431719303,0.01386994484783727,0.8270292277417697,0.7101222801377666,0.5200212298127227,0.6001200040020622,0.5030709101827091,0.4932060798758388,0.4493879469451013
Cirsium acaulon,497,372,0.8722425074017002,0.030465405727310976,0.8279348292771112,0.742728699871557,0.4756396396396396,0.5794168446542762,0.49687787088842333,0.4779402947079632,0.42097115789716694
Gentiana cruciata,712,397,0.8722076275825726,0.01787012425757486,0.8356526397238261,0.785471401999535,0.4736708860759493,0.5905133770828952,0.5205170628277397,0.49544044633963846,0.43000505154129864
Teucrium botrys,149,110,0.872038567493113,0.049814673730911786,0.7818181818181817,0.6237551990493168,0.35454545454545455,0.4463767014051644,0.3465835960170075,0.3235112792024303,0.2787878787878788
Lonicera caerulea,690,479,0.8719996253230468,0.009296393701546416,0.8429082354221062,0.7870569875672013,0.509561403508772,0.6178045158335121,0.5448506151039265,0.5248259494984203,0.46363612282739375
Karpatiosorbus latifolia,39,22,0.871868131868132,0.05907796964012819,0.7843137254901962,0.55,0.24,0.2966666666666667,0.2758442849889305,0.23519007125278907,0.20923076923076925
Amaranthus retroflexus,455,395,0.871783368049992,0.023593417789893337,0.8208860759493671,0.6788578634480273,0.5392405063291139,0.6008840492997957,0.49285143509199436,0.4873729376447312,0.45400843881856545
Geranium macrorrhizum,503,370,0.8716824933041151,0.02197489658449431,0.8216216216216216,0.736901098901099,0.4513513513513513,0.5563781295285354,0.47637237849439346,0.45340233579770706,0.3963963963963964
Spartium junceum,42,34,0.8716780045351473,0.06447507573963823,0.815873015873016,0.6755555555555556,0.5904761904761904,0.623076923076923,0.5095271852725135,0.5027357517973314,0.4819047619047619
Brassica napus,473,392,0.8716759935170284,0.03446583677706348,0.8099367127246089,0.6620360243874612,0.49522882181110023,0.5639378901780654,0.45534144167508506,0.4463616785865641,0.4101765318724057
Epipactis atrorubens,2421,1360,0.8713730896770473,0.009560595146420211,0.83125,0.7411418823338112,0.4992647058823529,0.5964366421884228,0.5104192216219137,0.4948975222477573,0.44117647058823534
Orthothecium rufescens,134,80,0.8713541666666667,0.04453353429813684,0.790625,0.6172222222222222,0.4125,0.48037341153470176,0.3785001100809259,0.3614699696828995,0.3291666666666667
Antirrhinum majus,267,216,0.8713523343431401,0.03944005916046108,0.8148474257292646,0.683927637314734,0.4998942917547568,0.5740137617342006,0.47107010794098175,0.4597631008896409,0.4197154008781916
Asplenium quadrivalens,312,212,0.8712470829409404,0.04880825367990732,0.8372363383223111,0.8235505430242271,0.44795127353266884,0.5747524356627316,0.5230954668659097,0.4861604005766467,0.41494192313896805
Avena fatua,43,39,0.8711438923395445,0.09826282498998783,0.8076612903225806,0.7222222222222221,0.4892857142857142,0.5416892911010558,0.4670617003821024,0.43304856447408724,0.4041407867494824
Carex flacca,4109,2420,0.87113812808779,0.0062920292513451185,0.8264462809917357,0.7460117904235363,0.4644628099173554,0.5721887450123594,0.49161192672253834,0.4706510054464731,0.4115702479338843
Papaver somniferum,235,204,0.8710828676659418,0.023028080210538995,0.8223402663474488,0.7223703703703703,0.47085365853658534,0.5699364141857557,0.4811847470817444,0.46421231442688055,0.410411168865787
Chelidonium majus,5676,3675,0.8709828929304149,0.005541341800825445,0.8139455782312925,0.6580724710230694,0.5325170068027211,0.5886163625907279,0.4745713605551815,0.47014055355660833,0.4402721088435374
Cirriphyllum piliferum,109,101,0.870906973718449,0.04813306315023701,0.8464506172839507,0.8032934385875562,0.527142857142857,0.6197335741528291,0.5591788558771295,0.5327902534723343,0.4808587041373927
Aphanes arvensis,81,67,0.8708556687215223,0.05285331938196563,0.8243186582809223,0.7306349206349207,0.46153846153846156,0.5635422548466027,0.48159946099260076,0.4616233024796298,0.40678236397748596
Doronicum pardalianches,113,69,0.8707049048512463,0.05198065213483714,0.825974025974026,0.7545704295704296,0.46593406593406594,0.5562544122544122,0.49082469449096305,0.4616987792996827,0.4129723934601984
Galeopsis speciosa,152,83,0.870656662665066,0.032880308651520654,0.8524197195838987,0.8146753246753248,0.5301470588235294,0.6316655164481252,0.5726869793815166,0.5473091213192477,0.4900654261704681
Alchemilla crinita,86,61,0.8706523831523831,0.036421543561908104,0.8238095238095238,0.7866666666666667,0.45641025641025645,0.5531385281385282,0.49476888775466354,0.4562836444573543,0.40235620235620234
Senecio vulgaris,1572,1176,0.8706376165534042,0.011554638918064615,0.8148375426775498,0.6781825265221102,0.4940317345834836,0.5712225231022812,0.46647981194461785,0.45693980012103663,0.4158009668981924
Malva sylvestris,884,612,0.8705557744520563,0.014931643256337411,0.817801427319394,0.6875834883217891,0.5000399840063975,0.5752939178128983,0.475353882940764,0.463943189850745,0.42379457469470455
Pteridium aquilinum,1937,1288,0.870522685265712,0.007032443634065383,0.835012853954592,0.7656522194278046,0.48988628480077223,0.5967389965953798,0.5194965621050494,0.4994731167888619,0.43993923776647337
Dianthus superbus,2452,1097,0.8705092449009622,0.010830003238669806,0.8311257314878067,0.7889588942131315,0.4429431299294313,0.5667976528819838,0.5027711374801068,0.4721762856539544,0.40344006043572483
Artemisia annua,183,150,0.8704444444444445,0.04493885496840181,0.7966666666666666,0.6256600458365165,0.48,0.5399888951026149,0.42075785088207596,0.4130976914047215,0.3822222222222222
Petasites hybridus,1934,1176,0.870348250599735,0.015705688651286794,0.8320577927510344,0.7649130803871609,0.47359177785791556,0.5844746278199,0.508792649477199,0.48660532552150526,0.42512333110967865
Scandix pecten-veneris,62,47,0.8703448275862069,0.0467750181087372,0.8079658605974396,0.7,0.5088888888888888,0.5768317853457172,0.47481386175336115,0.4559370302803033,0.41701696770662283
Foeniculum vulgare,160,142,0.8702913210191854,0.05143136156237828,0.8220773171867721,0.6725896647635778,0.5637931034482759,0.6121818440530983,0.5022071771504912,0.4982060809566553,0.4721651964715317
Pinus mugo,753,481,0.8702226840828138,0.024671801058635808,0.8347280844155843,0.7808617862260214,0.4700171821305842,0.5862531444532677,0.5160462157984846,0.4911541862144314,0.426363299008708
Epilobium tetragonum,354,317,0.8701013099393334,0.014579875444284632,0.8162553297438612,0.7164298837554651,0.4386904761904762,0.543484445755256,0.45781542825247945,0.43693697280731064,0.3808618732695613
Hepatica nobilis,3333,1808,0.8700931648099569,0.010821066038201316,0.825635812541042,0.7154742026884554,0.5022130056166878,0.589943356812938,0.4958898205988943,0.48356592023159395,0.43565732347000463
Dryopteris affinis,206,162,0.8700839661075299,0.017161750947695616,0.8456529516994633,0.7733816425120773,0.5428030303030302,0.6345612897312638,0.5565943479729005,0.5412324942497071,0.4892999795982124
Equisetum palustre,870,535,0.8700439630826565,0.008240490021554756,0.8163551401869158,0.7667434124154955,0.38317757009345793,0.5099599407122541,0.45029426158891406,0.41225222115464455,0.34392523364485983
Clematis viticella,64,57,0.8700254647313471,0.08342613305692649,0.8289855072463768,0.6867399267399266,0.5772727272727273,0.6214285714285714,0.5202318707738364,0.5135826889536045,0.48970970206264325
Lupinus angustifolius,148,111,0.8699548431039199,0.03560327841041747,0.8086823289070478,0.6866433566433566,0.48656126482213435,0.5614782946671492,0.45980974185888046,0.44379470351768013,0.40275303325270884
Orchis anthropophora,498,271,0.8699080124377405,0.037563968617870036,0.8228921317630995,0.7466726377071204,0.4430976430976431,0.5547841268211163,0.4781391166306799,0.453469483600612,0.3926697100521231
Tephroseris helenitis,31,21,0.8698717948717949,0.09618802811232152,0.7867647058823529,0.6666666666666666,0.25,0.3504761904761905,0.33260632254034056,0.27611756664388243,0.21923076923076926
Ophrys apifera,671,393,0.8698266272126324,0.02319985693575965,0.8085249216459408,0.680586976225156,0.4428107757221681,0.5358684229753061,0.43793289341622543,0.42211521148112335,0.3732651572584104
Geranium dissectum,1021,820,0.8698096371207613,0.012319126936710419,0.8170731707317073,0.6821642614636777,0.5097560975609756,0.5818543026264885,0.4772138464785147,0.46808851644113625,0.4292682926829269
Rubus idaeus,3872,2415,0.8698018337769892,0.005151390881719062,0.8344720496894411,0.7488817532274543,0.5089026915113871,0.6057264929273829,0.5210657592957383,0.5057969415090862,0.4518978605935128
Lolium multiflorum,174,128,0.8697749093012253,0.03559479615519783,0.8164477441462022,0.7670634920634921,0.3910769230769231,0.5077434193713264,0.4514707033030662,0.4119743039182275,0.34945012881854987
Persicaria maculosa,443,328,0.8697333860241763,0.021332656462398847,0.8193539024177866,0.7403171303171303,0.4267132867132868,0.5408246299336358,0.46456042767246525,0.43852307053534767,0.37692565592493077
Festuca heterophylla,309,265,0.8696570547051146,0.03525744907729978,0.8226415094339622,0.7557082043343654,0.4490566037735849,0.5592471348444445,0.4834148642885081,0.4567041423917056,0.3962264150943396
Eriophorum vaginatum,954,367,0.8696127780575807,0.017121859821659098,0.8167560539574191,0.7423308270676692,0.41136616068122916,0.5275921428080748,0.45507129599791557,0.4256986078469218,0.3632254778346639
Poa pratensis,837,519,0.8695970920274464,0.014622900978561292,0.8261028730305838,0.7375370375319596,0.4760268857356236,0.5775643995878281,0.49313154470528475,0.4745107439949002,0.418860177845443
Lathyrus latifolius,285,222,0.8695573000796882,0.014797427875723095,0.8187138957658858,0.7291031199576927,0.4508080808080808,0.552951222721172,0.47028401180946,0.44757512254024245,0.3922736851173615
Epilobium palustre,266,178,0.8695470270633383,0.04143972775658326,0.8413375357037328,0.8095402537965468,0.4834920634920635,0.6043564279701965,0.5400884021265406,0.5127283389941146,0.4442044598948143
Stipa pennata,93,68,0.8695269364781559,0.03369770658371521,0.8418855218855219,0.9269841269841269,0.4098901098901099,0.5612536028904316,0.5451711820875678,0.4821419010566997,0.39501206110962206
Cephalozia bicuspidata,45,28,0.8694607843137255,0.06937194216030465,0.8039525691699605,0.85,0.3,0.4119047619047619,0.41004330991828597,0.33553919077488353,0.2757352941176471
Salix daphnoides,110,66,0.8693998309382925,0.04323639574628755,0.806966618287373,1.0,0.22747252747252747,0.3602707749766573,0.4152707491480319,0.30107862867686164,0.22747252747252747
Lycium barbarum,40,35,0.8693877551020408,0.05998750390489419,0.8357142857142857,0.7166666666666667,0.6,0.6386946386946386,0.5483561254547689,0.5359595959595959,0.5142857142857142
Thymus praecox,589,370,0.8693815437058682,0.02191743740704209,0.8412162162162163,0.7769213509926629,0.5135135135135135,0.6158340387949628,0.5405591804768226,0.521562071697127,0.463963963963964
Cotoneaster tomentosus,144,111,0.8693331760171474,0.028144997933112943,0.8288304392236977,0.8259673659673661,0.4142292490118577,0.5409851409851409,0.49635304277328957,0.4514907044226061,0.3811672860991485
Frangula alnus,1798,872,0.8693171591349017,0.012751579023212441,0.819668411078178,0.7494148948030261,0.4185944170771757,0.5366483652653989,0.4645220257917629,0.4358265305472786,0.3719602016727999
Hieracium juranum,43,39,0.869228778467909,0.04545707078305226,0.827016129032258,0.8261904761904763,0.43571428571428567,0.5476190476190477,0.5018855070774544,0.4559609101728938,0.3929606625258799
Globularia bisnagarica,841,438,0.8691878303096786,0.023843165369475547,0.8173414733414734,0.7360555859719764,0.4223876698014629,0.5312343270225353,0.45752656204598197,0.42965633988034135,0.37141387942036397
Salix eleagnos,485,314,0.8691815326501734,0.023997869948285875,0.8296180357933347,0.7702741702741702,0.4521249359959037,0.5691078703356972,0.4983448964288528,0.4720838542439149,0.40752851586756866
Dactylorhiza maculata,5585,2774,0.8690721909417393,0.010428107497285621,0.8264242881908498,0.7228366036997451,0.4960431912056461,0.5882554387994707,0.49687403652187256,0.4830815583777069,0.43259688432183924
Cotoneaster bullatus,57,51,0.8690205278592377,0.06338623925321311,0.8286585365853659,0.8414285714285714,0.39090909090909093,0.5241984486102134,0.49049435941282926,0.43836847713593086,0.3648875855327468
Trifolium rubens,519,368,0.8690153021619581,0.01302121196782332,0.8165732733771474,0.7521893265371526,0.3909292854498334,0.5111543975109687,0.4480569516807715,0.41358803631643426,0.3492633043720875
Pleurochaete squarrosa,46,33,0.8689974937343358,0.06414617196150886,0.8102564102564103,0.76,0.33809523809523806,0.44878787878787885,0.41392083885159014,0.36439096735581533,0.3075689223057644
Didymodon acutus,40,23,0.868901098901099,0.08596142871183808,0.7725146198830409,0.5333333333333333,0.17,0.24666666666666667,0.22014964101822748,0.17753297425142972,0.14142857142857146
Jasione montana,212,136,0.8688687827501438,0.023276282641480885,0.8032959565069657,0.7083492822966507,0.35291005291005295,0.45880115308032926,0.39618371852532086,0.3607739970268166,0.3062975867853916
Potentilla pusilla,75,53,0.8688123167155425,0.04828012000093268,0.8491694352159469,0.925,0.44000000000000006,0.5796031746031746,0.5657841680901093,0.5072639178644013,0.42729838709677426
Nicotiana tabacum,251,139,0.8687896711562804,0.02465213945871202,0.8165862290862291,0.6971212121212121,0.4978835978835979,0.5655518394648829,0.47525497019190566,0.45692073147391365,0.4211767705743609
Porella platyphylla,333,255,0.868717160066641,0.014026736913866593,0.807843137254902,0.710067352002836,0.39215686274509803,0.504884063142785,0.4249745933565805,0.39778159340659347,0.338562091503268
Symphyotrichum salignum,119,79,0.8687078900709221,0.0371426978682973,0.8228670634920636,0.7075324675324676,0.4525,0.5492430532430532,0.4660662942846451,0.44859764612437436,0.39780141843971634
Scilla bifolia,1235,838,0.8687037711115233,0.02421638625052805,0.8245723691527459,0.7225235777129347,0.4856002281151982,0.579239117437289,0.4898275595502975,0.47414117048306625,0.42314230632324074
Actaea spicata,1087,790,0.8686695508198472,0.015362469569219307,0.8300632911392405,0.7233554581012209,0.5202531645569621,0.6042200030364049,0.5113987342159618,0.49986445889284037,0.45358649789029537
Glyceria notata,212,171,0.8685243486315143,0.017555109266092245,0.8172713610991842,0.7963363171355498,0.37495798319327733,0.5020846233230134,0.4556298049284506,0.408941750836615,0.3399303799189579
Juglans nigra,105,89,0.8685013907729408,0.035449036758448196,0.8397887323943662,0.7481792717086835,0.5751633986928104,0.641198752228164,0.5543725516704574,0.540913094677409,0.50374481029309
Groenlandia densa,120,80,0.8684895833333334,0.04218428485690953,0.84375,0.8167132867132867,0.5125,0.6198020370434164,0.5563145263888336,0.5283607892175823,0.4666666666666667
Carex alba,583,431,0.8683337498848213,0.02375476250963583,0.8254196157735085,0.7655635904116147,0.4362469927826784,0.5545274510277892,0.4846897767178217,0.456198557196144,0.3913875153650615
Orchis purpurea,739,403,0.8683002470109535,0.015268657782959725,0.8250658615849085,0.7223911452348721,0.48648148148148146,0.5794271837268442,0.490608014161331,0.47493841997546377,0.4244568595549357
Artemisia abrotanum,131,114,0.868282064501346,0.04726911637918958,0.8136168179646441,0.6605244996549344,0.5446640316205533,0.5885749580513939,0.47953920353556984,0.47096302364144604,0.44824459428039987
Centaurea nigra,143,104,0.8681974008241289,0.06215217484686181,0.8749569707401033,0.9041514041514042,0.5580952380952381,0.685826330532213,0.6443706254052165,0.6146169974278293,0.5388940092165898
Juncus bufonius,175,143,0.8681418934855418,0.021130078660556058,0.8339282990083905,0.818095238095238,0.43374384236453195,0.5664881371858116,0.5123601393627182,0.4754378329819919,0.40113098326740476
Hypericum montanum,492,410,0.8680646440610748,0.017967253060271426,0.8317073170731707,0.74529532695844,0.5,0.5967822419802034,0.5126074711746947,0.4958687410037713,0.44227642276422763
Lathyrus tuberosus,172,146,0.8680298226017606,0.021856749368357853,0.8253315649867373,0.7109382151029748,0.5137931034482759,0.5907697815968492,0.49815762049544415,0.4845721512928171,0.44312957157784744
Cardamine asarifolia,35,23,0.868021978021978,0.10932624566767321,0.8467836257309941,0.7428571428571429,0.6,0.6436507936507937,0.5690229747125969,0.5502468118259511,0.5263736263736265
Mentha suaveolens,74,64,0.8679504481123914,0.06523380572062192,0.8282051282051281,0.7828571428571429,0.43717948717948724,0.5570607678616831,0.4938066805334483,0.4617754707459891,0.3954790823211875
Descurainia sophia,90,57,0.8679449961802902,0.11015884599247575,0.855072463768116,0.85,0.509090909090909,0.635032679738562,0.5813082495401409,0.5523237849410535,0.47967914438502673
Tortella tortuosa,253,192,0.8678876553626023,0.021919289086270104,0.8463542992954759,0.8148240165631468,0.5,0.61777830702532,0.5545775557479681,0.5288633718246224,0.4618290854572713
Juniperus communis,3880,2265,0.8678673937302946,0.00406322172288097,0.8246136865342164,0.728052284975333,0.47682119205298007,0.5760892154529607,0.4884095084243095,0.471537731701355,0.4173657100809419
Verbascum blattaria,132,111,0.8678084603929687,0.04333914710914135,0.8017875383043922,0.6364668174962292,0.48577075098814226,0.5453948914589647,0.43243894981304176,0.4230808140990706,0.3926002399071834
Inula montana,41,21,0.8677564102564101,0.06469203329311601,0.8463235294117647,0.6033333333333333,0.61,0.6002164502164502,0.5327951769301738,0.5276713008961632,0.5305128205128206
Lunaria rediviva,1574,674,0.8677202119081755,0.025202434301731663,0.8289988318559747,0.7624384667095543,0.45992260917634054,0.571825720033906,0.4980700935376178,0.47356824444850726,0.4119517009744092
Niphotrichum elongatum,28,24,0.8677142857142858,0.07703013516381758,0.791578947368421,0.7,0.21000000000000002,0.3142857142857142,0.3218506325399797,0.2524046118230695,0.19666666666666663
Veronica spicata,535,357,0.8676536518733254,0.022399235689920683,0.822110170531223,0.7624625322915108,0.4282472613458529,0.5451176610781076,0.47577960525082047,0.4453893895144015,0.3815356769076873
Asplenium trichomanes,4036,2314,0.8675469337348138,0.009369111892411153,0.8244378440000327,0.7193978104430722,0.48835002290725826,0.5815497064032059,0.4900182060584862,0.4756212426890811,0.42482174493894825
Lophocolea heterophylla,94,81,0.8674238445378151,0.029644434046404888,0.8333173076923078,0.754906204906205,0.4661764705882353,0.569737260402057,0.5005956112959493,0.47710648841390657,0.42093837535014006
Heterocladiella dimorpha,26,24,0.8673333333333334,0.05643980197666833,0.7721052631578946,0.5333333333333333,0.21000000000000002,0.2942857142857143,0.24694342293263366,0.2101570642214073,0.16904761904761906
Straminergon stramineum,66,49,0.8673180076628352,0.07366388386945419,0.8057692307692307,0.6947619047619048,0.38666666666666666,0.49260504201680666,0.4132735392513573,0.38662644941286545,0.33218390804597697
Artemisia dracunculus,131,120,0.8671296296296298,0.028645774878354104,0.8229166666666666,0.6717703349282297,0.5666666666666667,0.6143947053957165,0.5039186315076298,0.500684811237928,0.475
Symphyotrichum expansum,76,49,0.8671264367816092,0.09019759287441224,0.8215384615384614,0.7992857142857142,0.4288888888888889,0.5451554980966746,0.48663662407547914,0.44629706321127127,0.38153256704980837
Thymus vulgaris,200,181,0.8668252095112443,0.026421051930078633,0.7969252873563218,0.6202447316037579,0.5027027027027027,0.5537038854843015,0.42916094193849724,0.4241888899533997,0.39763984167653893
Pogonatum aloides,73,56,0.8668098093231784,0.04593840228533369,0.8394949494949495,0.8892857142857142,0.42878787878787883,0.5573934837092731,0.5332996069926182,0.4777931810954271,0.4047237076648841
Rhynchostegium riparioides,106,56,0.8667719980554205,0.05012023950034408,0.843939393939394,0.8321428571428571,0.48484848484848486,0.6029239766081871,0.5497484925404839,0.5161194496560351,0.4493761140819964
Rosulabryum capillare,159,128,0.8666965665913035,0.020875307785209456,0.8163335237007423,0.7438482570061516,0.42153846153846153,0.5335360135360134,0.45953854819997436,0.42994264734251,0.3695562332404438
Symphyotrichum lanceolatum,213,133,0.866601031411158,0.050339624491015124,0.8308940222183037,0.7525902992776058,0.48945868945868937,0.5923892155917606,0.5100960450053977,0.4915133569836769,0.4342688160409679
Potentilla reptans,1673,1175,0.8665845782405313,0.012635268407220304,0.827659574468085,0.7369193547138391,0.48340425531914893,0.5835018637374165,0.49792678197346396,0.4807789591568111,0.42581560283687947
Eragrostis pilosa,24,21,0.8665384615384614,0.10820421679042574,0.7977941176470588,0.6,0.33999999999999997,0.4095238095238095,0.35821231633315487,0.32834616184730603,0.29256410256410254
Frullania dilatata,417,323,0.8665162207290866,0.01862517270754874,0.8328155397922838,0.783437882648409,0.45822115384615386,0.5780135550723785,0.5096779061343224,0.4825832914050812,0.4158943550640376
Corydalis cava,1225,785,0.8665097975577103,0.004670728931805932,0.8238853503184714,0.7217109519832292,0.48152866242038217,0.5767171618913971,0.48713695219297054,0.47131501279526944,0.41953290870488325
Sherardia arvensis,404,291,0.8665094073986636,0.022053035402851424,0.8049763208524492,0.6779654565950777,0.43985973115137345,0.5294252696537712,0.43136071234651513,0.41361580238707846,0.3665132615290418
Blackstonia perfoliata,301,210,0.8664399092970522,0.03791183099184818,0.8178571428571428,0.7746182947487295,0.3904761904761905,0.5166655096061941,0.4578170361064582,0.41919165199320635,0.35079365079365077
Senecio viscosus,126,98,0.8664133009320496,0.06456822359830905,0.8291788380395975,0.8706204906204906,0.3778947368421052,0.5217075763193673,0.49642609865561715,0.4378875270112843,0.3574388630840691
Silene latifolia,1118,814,0.8663519922377517,0.0073115767476104295,0.8138814282887111,0.6859581484346375,0.4729758388245096,0.5595520519505317,0.4592091695263606,0.4465970164728203,0.4005002278419088
Epipactis purpurata,232,148,0.8662149390064926,0.03371276808967363,0.8462897023216065,0.8564602683178535,0.46551724137931033,0.6002600724207218,0.5536899776089143,0.5156552208817016,0.438474340460005
Stachys alpina,701,506,0.8661961713521075,0.021760357596450744,0.8255800024446888,0.7413576274971889,0.4683944865074743,0.5734830761651543,0.4907035806872453,0.47068697833382406,0.41305750544094655
Dictamnus albus,579,214,0.8660831251555969,0.048603698752987035,0.81187270501836,0.742821521570042,0.3929125138427464,0.5047008699085309,0.4390489927993861,0.40401493523110077,0.34462036267995566
Lactuca virosa,84,59,0.8660293410293411,0.044702602042781134,0.8179964539007092,0.8342857142857143,0.35757575757575755,0.4974458204334365,0.4626440210158556,0.40626334228776473,0.32932178932178935
Ranunculus bulbosus,1109,713,0.8659862847799416,0.006068792201206187,0.8229299167357974,0.7210582818924427,0.48254703043435443,0.5750170068977656,0.4860059255984754,0.46922382440130006,0.4189671753269981
Orchis militaris,1516,740,0.8659362064767471,0.01588816972636999,0.8172297297297296,0.7392523686477175,0.4135135135135135,0.5299005682852049,0.45575353717976635,0.4278275079389604,0.3653153153153153
Potentilla recta,535,377,0.8658719649109129,0.02249696469205669,0.8116785109238522,0.6954739724611848,0.44814035087719306,0.5443598460690048,0.44945048751200556,0.4322691040845214,0.3809772773128095
Viola odorata,844,630,0.8657512387671117,0.01471992513880642,0.8190476190476191,0.6969802551778794,0.4888888888888888,0.5742163125529748,0.4758909364089819,0.4638981335212744,0.417989417989418
Carex vesicaria,144,92,0.865687134502924,0.02485296092078681,0.8533876342095521,0.892121212121212,0.47953216374269003,0.6108517400286033,0.5775077308713723,0.5338064666496779,0.4579087871193135
Pinguicula vulgaris,951,593,0.8656528288892732,0.009003016372206676,0.8271543415500776,0.7411374623038494,0.4756302521008403,0.5785623750884582,0.495431251176454,0.4764611466739823,0.41998853663953317
Satureja montana,85,70,0.8656462585034014,0.03795223402112481,0.8035714285714285,0.6740981240981241,0.45714285714285713,0.5366188594014681,0.4359744244417295,0.41838497838497835,0.3761904761904761
Asplenium csikii,43,33,0.8656265664160401,0.09041764224535145,0.7883190883190883,0.42000000000000004,0.24761904761904763,0.3044444444444444,0.2598730719819451,0.24668531198209126,0.2170927318295739
Viola palustris,703,231,0.8655773446641069,0.02237898097478713,0.8387544065804937,0.8031217948717948,0.4759481961147086,0.5945205359733482,0.5308095093099154,0.5023781168292591,0.4355665883574362
Agrostemma githago,712,603,0.865553461785961,0.016193205505716304,0.8138578902605603,0.6792758771159224,0.48774104683195596,0.5663075857753206,0.46297914294139053,0.45215051203191325,0.4103501284193206
Agrostis gigantea,258,92,0.8655491000227842,0.04171445816937906,0.8504998148833766,0.8831002331002331,0.4578947368421053,0.5938130686517783,0.5625592578119558,0.5175269927343971,0.4397778537252221
Orthotrichum stramineum,85,71,0.8655312977904341,0.03577631684677241,0.8452380952380952,0.8033333333333333,0.5076190476190476,0.6200263504611331,0.5525187281630173,0.5293070871166214,0.4655370985603543
Lycopus europaeus,1043,597,0.8654044554906666,0.010081906779702627,0.8220318763541311,0.7490276070139947,0.432156862745098,0.5469617999882066,0.47302801245365134,0.4464540761410416,0.3841401807762522
Ranunculus arvensis,69,54,0.8653684573002755,0.05479633066987614,0.805813953488372,0.809090909090909,0.3690909090909091,0.48270112240700475,0.4403803178530154,0.3824252040263138,0.3196590909090909
Cotoneaster divaricatus,60,56,0.8653324690757845,0.06940249194954728,0.7811111111111111,0.6333333333333333,0.3757575757575758,0.4392004627938132,0.3530542217423669,0.32098959087708806,0.29233511586452765
Euphorbia palustris,172,47,0.8652983032293378,0.0812092428832121,0.8298719772403983,0.7547619047619047,0.47555555555555545,0.5692717086834734,0.5012584178698793,0.4757305832107289,0.42580186097427475
Epipactis helleborine,1811,1130,0.8652191505468976,0.01177817882869323,0.8216814159292035,0.7097647079757088,0.4858407079646018,0.5766299203110916,0.48230465269274625,0.46867818389885424,0.4194690265486726
Heliopsis helianthoides,36,32,0.8651002506265664,0.07137897851875451,0.8203076923076923,0.7833333333333333,0.43809523809523815,0.5545299145299146,0.4858870030312172,0.45120715729601946,0.3854636591478696
Trifolium alpestre,279,199,0.8650325720031603,0.04160467954265874,0.8241509433962264,0.74060229625447,0.447051282051282,0.5526481845028964,0.4779265510427426,0.45350729734032635,0.39681318681318684
Coronilla vaginalis,256,121,0.865027397260274,0.01980258224922784,0.8306271477663231,0.802014652014652,0.4296666666666667,0.5593670593670594,0.5009662280745042,0.4659998537739005,0.3938980213089802
Teucrium montanum,1110,659,0.8650173856645498,0.01122808947407353,0.8235969754470703,0.7153638328166496,0.4916724496877169,0.5819613980914712,0.48898334159310536,0.4750999196500779,0.425926381410003
Stellaria nemorum,1150,824,0.8649979977276046,0.010245849392254066,0.8258449441302249,0.7445337706679261,0.46238728750923874,0.5703393577321536,0.48951269494546673,0.46852088221938387,0.40939256293556686
Herniaria glabra,246,199,0.8649723568914744,0.032180850393239736,0.8115723270440253,0.7078671328671329,0.43166666666666675,0.5288739630756248,0.4446896475601109,0.4209940537325445,0.3697338935574229
Colchicum multiflorum,63,61,0.8649370524370523,0.0670766672165679,0.8235544217687074,0.82,0.37948717948717947,0.5011764705882353,0.4691710692991233,0.41813180945496614,0.352009702009702
Lactuca serriola,1156,928,0.8648209554457802,0.012735244267364667,0.8033469615785063,0.6508143594304181,0.45805289160127866,0.5367218852534513,0.4278187628570377,0.4170577236401501,0.37651768888373993
Acer campestre,5999,3934,0.8646820095845223,0.008003856753274903,0.8124680975285956,0.6967269249214569,0.4428066125428803,0.5413866958501821,0.4483304206760577,0.4307965177243222,0.37849513148415054
Anomodon viticulosus,362,280,0.8646258503401361,0.027999523099944624,0.8232142857142858,0.737170826904236,0.46428571428571425,0.5625405888011434,0.4829950802424815,0.4604808078545354,0.4071428571428572
Lonicera ligustrina,32,29,0.8645969498910675,0.08067005948875117,0.7764492753623189,0.7,0.24,0.3476190476190476,0.3040868140556484,0.24634742587345607,0.1949019607843137
Orobanche caryophyllacea,578,432,0.864587247786927,0.012390375879029924,0.8061171148529782,0.6707364621032591,0.44664528201015763,0.534691278169539,0.43325612921801815,0.41859037510767105,0.37257340793828375
Vicia hirsuta,304,227,0.8644967050609518,0.03404706048944965,0.799605367008682,0.707248366013072,0.35681159420289854,0.4717390551819566,0.3976089390131781,0.36352930132993116,0.3039992283806573
Impatiens noli-tangere,1219,849,0.8644569576214772,0.009969398695711175,0.8265585203153425,0.7447906269931224,0.4688339714584059,0.5730163335275151,0.49280483011811926,0.47171636379978066,0.4146608523089779
Bromus madritensis,23,22,0.8644505494505494,0.1584466774516256,0.8398692810457516,0.8,0.35,0.4776190476190476,0.4806659409683027,0.4242269107775779,0.35
Pterigynandrum filiforme,156,114,0.8644486115463541,0.03149972499855892,0.8267080745341614,0.7823676323676324,0.4296442687747035,0.5538597420950362,0.4893548869387437,0.4571699573224831,0.3886383011702705
Leontodon hispidus,1673,987,0.8644414813202423,0.014690781432065163,0.8237031332723685,0.7522108731163849,0.4386863559452392,0.5535961801835599,0.4791593492246206,0.4533564367237782,0.3907293348431928
Ulmus laevis,50,38,0.8643845285149633,0.07308667957801597,0.8154838709677419,0.7266666666666667,0.425,0.5254079254079254,0.45233797076972515,0.423952356913514,0.37203557312252966
Impatiens parviflora,2175,1519,0.8643496030817943,0.013286744747781139,0.8159988899718431,0.7167768275150463,0.43578252562098313,0.5407177376879483,0.4561387538363678,0.4345668166075803,0.37850524212684716
Amelanchier ovalis,1300,752,0.8642654678399543,0.011049802114980986,0.8248014107163586,0.7307199097420541,0.477430463576159,0.5763883426137402,0.4897521902294373,0.47212665852468544,0.4180314878486704
Cirsium oleraceum,5885,3214,0.864263179967095,0.01368719976355092,0.8197728219953022,0.709974602471841,0.47262200646308433,0.5673632752636733,0.4745085587937531,0.4592642661338665,0.40811144587765436
Trentepohlia aurea,39,32,0.8641854636591478,0.09162601520594993,0.8593846153846154,1.0,0.43809523809523815,0.5833333333333333,0.5949325637415731,0.5244107293310667,0.43809523809523815
Buglossoides arvensis,125,87,0.864080034529535,0.04355763184308233,0.8391718426501036,0.7908158508158508,0.484313725490196,0.5978835978835979,0.5306701610865394,0.5057038633882216,0.4421511710634907
Fuscocephaloziopsis lunulifolia,34,25,0.8640000000000001,0.07792874237974645,0.82,0.7,0.36,0.44761904761904764,0.42588210293767814,0.3831168831168831,0.33333333333333326
Datura stramonium,1076,861,0.8639809607759714,0.008786940816503871,0.806335015357613,0.6607645890910787,0.4669444817851862,0.5465286452093243,0.438884465305728,0.4280603640240973,0.38642853558393564
Pellia epiphylla,42,35,0.8639455782312926,0.0939662402711946,0.8142857142857143,0.75,0.42857142857142855,0.5395804195804195,0.46314498139017174,0.4325490196078432,0.3714285714285714
Malva neglecta,313,260,0.8638806706114398,0.0062941812053805635,0.7971153846153846,0.6316780258519389,0.45,0.5208565319808254,0.4095908116137477,0.39837528176370335,0.3628205128205128
Ophrys sphegodes,233,111,0.8638794886508885,0.023615284197152198,0.8041368743615935,0.703030303030303,0.3691699604743083,0.4839623121976063,0.40743505107833994,0.3776671948092304,0.3181975498004051
Gymnadenia conopsea,5054,2402,0.8638124388381003,0.010800412288842567,0.8281646904984126,0.7376227715021908,0.4858437283437283,0.5853397080888445,0.4997896261525664,0.4828016026139431,0.42811326492883595
Cephalanthera rubra,2189,1265,0.8637618668208116,0.004883242305288074,0.8258893280632412,0.7311990327078787,0.48142292490118577,0.5799209765163309,0.4929279531085415,0.4760331897409385,0.4221343873517787
Schoenus nigricans,644,155,0.8637530350329519,0.025149114251259812,0.8467741935483872,0.8791666666666668,0.4516129032258065,0.5958295942490471,0.5568323203534273,0.5129622132253712,0.4301075268817205
Lolium giganteum,371,308,0.8635626873165672,0.045880049932411515,0.8206477732793523,0.739082564944634,0.4418826017979904,0.5509105180533752,0.4721527626665544,0.44796553548372414,0.38888025162172724
Potentilla erecta,5178,2527,0.8635324932915669,0.011221350107225863,0.8209334627362251,0.72476266506283,0.4578546550307204,0.5611227784214898,0.47475750871162264,0.4557428968489453,0.3998149015247207
Sisymbrium strictissimum,64,31,0.863519910888332,0.1296014770724498,0.8140000000000001,0.62,0.3619047619047619,0.40909090909090906,0.38457362130428974,0.3510020362233416,0.32974101921470345
Carex ornithopoda,493,347,0.863461493693187,0.010367517853813967,0.8335766044204348,0.7874530680413032,0.46099378881987574,0.5799950508254517,0.5129451010676815,0.4851321206375932,0.4187367037996329
Koeleria macrantha,66,51,0.8634369501466276,0.02861618619052056,0.8235365853658536,0.7728571428571428,0.46909090909090906,0.564240465416936,0.49545372519093756,0.4633411572582828,0.40995112414467255
Oxalis stricta,306,254,0.863399603391408,0.04238325516239155,0.8248478701825558,0.7667047561263358,0.4211764705882353,0.5404345585709378,0.47664694205960334,0.4454008252820733,0.3804901960784314
Phragmites australis,3012,1245,0.863377472406359,0.013567471122800503,0.8238955823293173,0.7612804165489182,0.42811244979919677,0.5472977107978828,0.47777307825558707,0.4489351781031539,0.38393574297188754
Lophocolea bidentata,47,45,0.8633744855967078,0.08153550189995394,0.8,0.7761904761904762,0.31111111111111106,0.41348484848484846,0.3874628251478124,0.32733333333333337,0.274074074074074
Capsella rubella,53,45,0.8633744855967078,0.08190851229382536,0.7944444444444445,0.6473015873015873,0.4444444444444445,0.5111811391223156,0.40860858065362515,0.39029116455203416,0.3555555555555555
Hypnum cupressiforme,852,599,0.8633663592023005,0.02073651618047793,0.8192788796102992,0.7443422173750042,0.4307703081232493,0.5445448741360164,0.46786752573051305,0.4413542199384226,0.37956789400997165
Daphne alpina,101,77,0.8632947887758249,0.0654385735174553,0.8150713907985192,0.7616666666666667,0.37249999999999994,0.4769760497124489,0.43421984181699197,0.38846113719507447,0.33373959296947275
Allium sphaerocephalon,226,159,0.8632506543576686,0.03165136191381371,0.844365157480315,0.8318045112781954,0.4780241935483871,0.6051282051282051,0.5488905237249122,0.5169712225612513,0.4445373514431239
Pilosella lactucella,255,178,0.8632400993078123,0.03789616611235146,0.8287107258938246,0.7548476064997806,0.46682539682539675,0.5752245930756498,0.4981585473869591,0.4759002835788081,0.41628757280846856
Tortula muralis,258,201,0.8632373765369884,0.028150919310897127,0.8209239130434783,0.729441167528124,0.45804878048780484,0.5588084366166558,0.47588543390143234,0.4544866245934379,0.4000184774575019
Geranium rivulare,82,66,0.8632361228515075,0.033324703769290476,0.8635703918722786,0.9168831168831169,0.5142857142857143,0.6452864782276546,0.6141640266294262,0.5712479159913199,0.4941575091575093
Rosulabryum moravicum,52,46,0.8631804820693709,0.036942090630677396,0.8205705705705706,0.8933333333333333,0.34888888888888886,0.48598734598734594,0.47539022890559124,0.4030858401732302,0.3269312169312169
Allium ursinum,8779,4519,0.8631522330883896,0.004577554706256037,0.8141739035973512,0.677416937847652,0.48949029292721413,0.5681662508580898,0.46351985937009194,0.45373308626431064,0.4118919799251216
Orlaya grandiflora,375,212,0.8631166970771096,0.021605047926425574,0.8207657500870171,0.678575266080337,0.5473975636766335,0.6033010688753981,0.4959846426391789,0.48966535011302587,0.4592824061963185
Euphorbia dulcis,1363,1028,0.8630974202367938,0.017925818023102075,0.8212539134907895,0.7334445305956435,0.44751124792801333,0.5555639851723987,0.4736313076026054,0.45190592021274245,0.39335624571790573
Calendula officinalis,188,170,0.8630911188004614,0.03560979735222032,0.8117647058823529,0.688980056980057,0.47058823529411764,0.5533856910366259,0.45602987248067234,0.4402313861159336,0.39607843137254894
Iris pseudacorus,2635,1372,0.8630035215966874,0.006916817487267099,0.8143187331569954,0.705368186352168,0.44681619110816195,0.5461516168741584,0.4552793404534297,0.43673228765484484,0.38364775689282377
Brachythecium tommasinii,34,30,0.8629629629629629,0.08351831321318277,0.8333333333333334,0.7666666666666667,0.4666666666666667,0.5566666666666668,0.5013767921178427,0.46984126984126984,0.42222222222222217
Cardamine impatiens,597,492,0.8629255227681378,0.016781130616476778,0.809968871494814,0.7093287392842773,0.4065553494124923,0.5164240506329114,0.43369923227576346,0.40898300348483846,0.3510102280199132
Syntrichia norvegica,46,34,0.8629251700680272,0.08838041201537165,0.7796296296296296,0.6,0.38095238095238093,0.4632167832167832,0.3483967418907937,0.33285907474913956,0.2928571428571428
Ilex aquifolium,6717,3894,0.8629117430167355,0.006003656971446734,0.81278924908874,0.690608365601417,0.4550653233497563,0.5485293879579205,0.4518596149482634,0.4366953238393365,0.3870979975427563
Orobanche reticulata,61,46,0.8627572016460905,0.03656303914607598,0.8045045045045045,0.6599999999999999,0.4111111111111111,0.4932964094728801,0.40719054471964145,0.387889282201028,0.3460317460317461
Dactylorhiza incarnata,556,331,0.8627092858221364,0.014676395163779457,0.813444825614637,0.8060366993922393,0.335187697874265,0.47183707557720195,0.4364862645053056,0.3816227940603342,0.3080063365220494
Pogonatum urnigerum,66,58,0.862649605296664,0.08143676067091607,0.8021276595744681,0.6511904761904762,0.32727272727272727,0.42509509066784607,0.36358862726524926,0.33702820856235394,0.2871046600458365
Lonicera caprifolium,96,84,0.862634371395617,0.0446807656408284,0.8157155399473222,0.7668131868131869,0.4279411764705882,0.5410144927536232,0.4697029409471156,0.4353377374698272,0.3725686274509804
Dianthus armeria,437,365,0.8625883530368424,0.022054550757444363,0.8143835616438355,0.7083210384753161,0.4438356164383562,0.541748233438794,0.4545316436922032,0.43396845735451556,0.3817351598173516
Carex brunnescens,38,20,0.8625,0.02124591463996993,0.75,0.3866666666666666,0.35,0.3571428571428571,0.23779010343731932,0.23254079254079257,0.2333333333333334
Homalothecium sericeum,194,160,0.8625,0.02945817862995682,0.80625,0.7168421052631578,0.375,0.4887806027931184,0.4165771191999267,0.3845025154903984,0.325
Liriodendron tulipifera,68,52,0.8624761730205279,0.05483466759159498,0.7977932636469222,0.6342857142857143,0.4581818181818182,0.5284033613445378,0.41483280534985656,0.4043427729107341,0.3680608504398827
Caragana arborescens,28,21,0.8623076923076922,0.10194557081248809,0.8345588235294118,0.7666666666666666,0.58,0.639047619047619,0.5600917770352118,0.5374208785133531,0.5017948717948718
Tagetes minuta,23,22,0.8623076923076922,0.12060988998473621,0.8411764705882353,0.8333333333333333,0.47000000000000003,0.5761904761904761,0.5356832852638724,0.4975223088011214,0.43923076923076926
Pulmonaria officinalis,476,343,0.8622462203590576,0.017006783268211357,0.8309090909090908,0.7645956407658534,0.46624040920716114,0.5781879968405741,0.5039220676765049,0.4805071092773664,0.4186249699459724
Mycelis muralis,2609,1862,0.8622354710632031,0.008885109593888392,0.8226362452165995,0.7256011350310247,0.46779094237366314,0.5685814047116216,0.48131311451585546,0.4634819487430774,0.4087148328738689
Crocus tommasinianus,138,117,0.8621992097512612,0.05195504658275665,0.8312971859986273,0.7446491228070176,0.5137681159420291,0.6031928658856442,0.5175751815860532,0.5008547375024216,0.4509512145335782
Trifolium scabrum,60,43,0.8621752136752135,0.07960105848507226,0.8188235294117646,0.7442857142857142,0.5277777777777778,0.5850653594771242,0.5037986402718083,0.4770830629626153,0.4422393162393162
Calluna vulgaris,3743,2019,0.8620956600944624,0.011120563408805344,0.8307324586947858,0.7524139046800493,0.4819153379357787,0.5870985850849417,0.5064240945687709,0.48708154364686707,0.42892010447353907
Dianthus deltoides,528,403,0.8620590397245433,0.024821453716570657,0.8200892256215987,0.7327517198248905,0.45925925925925926,0.5590114205808472,0.47662822534674715,0.4540078949191618,0.3997345516017715
Carex appropinquata,140,60,0.862037037037037,0.010206207261596566,0.8333333333333333,0.85,0.4333333333333334,0.5476470588235294,0.5154752492658424,0.463448275862069,0.39999999999999997
Cynoglossum germanicum,66,36,0.8619202226345083,0.07961847110361216,0.8610837438423644,0.9199999999999999,0.5,0.6319658119658119,0.6042699497076776,0.558407850925998,0.4809523809523809
Sinapis alba,268,230,0.8619092627599244,0.03545012903445012,0.8043478260869564,0.6379503544465182,0.5260869565217391,0.5753119032176364,0.4541911735210797,0.4497426036333021,0.4231884057971014
Anemone ranunculoides,582,428,0.861891299762598,0.01887279492003611,0.8200961587642578,0.7142878208874702,0.4695212038303693,0.5652745592186507,0.4748708665003078,0.4581679763820644,0.40644058612608924
Campylium stellatum,197,68,0.8618701420530689,0.05118781602817686,0.8087542087542088,0.8242857142857142,0.3076923076923077,0.4453250773993808,0.42249954990446115,0.3569328724318478,0.2833020637898687
Lathyrus aphaca,49,33,0.8618295739348371,0.046645997511710884,0.8250712250712251,0.82,0.38571428571428573,0.5154545454545454,0.4755811217071818,0.4265089253954041,0.35466165413533834
Valerianella locusta,296,234,0.8617086322000999,0.027005635435905,0.8109284332688589,0.7054885974240813,0.4148011100832562,0.5214311255661824,0.4369531482047487,0.4140071739432306,0.3578507554733271
Barbarea intermedia,90,68,0.8617019565800053,0.03971261803098321,0.8165656565656565,0.7766666666666667,0.41428571428571426,0.5309458962090541,0.46772144028896545,0.4300125652879562,0.365383275261324
Viola reichenbachiana,3101,2242,0.8615353432894259,0.005223605489483228,0.8259363025167239,0.7470990132909139,0.4603056395163856,0.569494300432061,0.4896452524184774,0.4679794481587553,0.4081186280214979
Silaum silaus,182,112,0.8615289051140484,0.027343531713881552,0.8414481897627966,0.8040873015873016,0.4901185770750988,0.6036525489836186,0.5396408160980812,0.512555103533644,0.4483714304552569
Medicago falcata,397,256,0.8613513232890396,0.028938355559225984,0.8271449067431851,0.8214833352554491,0.3942684766214178,0.5311865789330579,0.48673502332274377,0.44136630672723287,0.36562914209973035
Echinops bannaticus,28,25,0.8613333333333333,0.07283466817998756,0.85,0.9333333333333332,0.48,0.5906926406926407,0.581921581791295,0.518006993006993,0.4533333333333333
Sciuro-hypnum reflexum,41,33,0.8612656641604011,0.11437636832381298,0.7729344729344729,0.55,0.27142857142857146,0.335034965034965,0.2742079741877682,0.2413371932056509,0.20984962406015034
Lepidium sativum,22,22,0.8612637362637363,0.05800542970807895,0.8065359477124183,0.5833333333333333,0.35,0.42857142857142855,0.3664510248834849,0.3440806614468829,0.3038461538461538
Asplenium ruta-muraria,2212,1325,0.861244096356948,0.011898944120738641,0.8149056603773583,0.6941224418579746,0.4649056603773586,0.5560235655977569,0.4597171816230823,0.4450352094952426,0.3964779874213836
Brachytheciastrum velutinum,84,68,0.8612422942910747,0.018985367512182688,0.8162289562289562,0.788888888888889,0.3813186813186813,0.5054677614752995,0.4540962167589508,0.4095051250828397,0.34192843741624224
Linaria purpurea,117,91,0.8611678185362395,0.0271450066895774,0.7968417047184171,0.6375051419169067,0.4152046783625731,0.49614549336462577,0.394848054466885,0.37856426335389415,0.3383696615275562
Armoracia rusticana,561,441,0.8611677685658403,0.004400214883958533,0.8095222765902653,0.6626549092910649,0.4899387129724208,0.5615770115611224,0.4529466878607315,0.4437260564515689,0.40601361291524524
Dryopteris filix-mas,4989,3125,0.8611058346666667,0.004701035115046002,0.8243199999999999,0.7413880570579907,0.45632,0.5647510034256188,0.48392456253433747,0.46247412378841074,0.40330666666666665
Reseda lutea,1355,959,0.8611011371007432,0.012881186496276962,0.8177799733811385,0.7271889664305266,0.43588568935427574,0.5446726576526884,0.4622848069183555,0.43954933920846945,0.38096781495814047
Viola riviniana,1021,849,0.8610745479963604,0.009090659339582198,0.8244992636229748,0.7602492616289377,0.44289592760180996,0.5573293257279748,0.484564000659135,0.4573423197028024,0.3946059318392613
Berula erecta,164,89,0.8610533335160293,0.05269171511393629,0.806338028169014,0.6871794871794872,0.4718954248366013,0.5543314033636614,0.45122588763668076,0.43518473238542477,0.38936572532576974
Poa bulbosa,265,181,0.8609692261068409,0.027453625399030127,0.8218486590038314,0.7831318681318681,0.403003003003003,0.5266477945794366,0.47015776482425775,0.43181745080302375,0.36428400877942163
Saponaria officinalis,3991,2677,0.8609291394706682,0.008191952994644154,0.8016443444885348,0.6476131862703276,0.4531231692007253,0.5327373606215915,0.42272391987813307,0.41192656365154967,0.37094192757493033
Pilosella cymosa,53,45,0.8609053497942385,0.029606758433917614,0.8333333333333333,0.8833333333333332,0.39999999999999997,0.5376356976356977,0.5133289155840497,0.4555862977602108,0.37777777777777777
Chenopodium ficifolium,61,54,0.8608367768595041,0.04203514187993179,0.8052854122621564,0.7080952380952381,0.38727272727272727,0.48459383753501395,0.4146882038362901,0.3824539204268598,0.33140151515151517
Achillea roseoalba,130,112,0.860816384249411,0.04215361097797986,0.819250936329588,0.7531601731601731,0.4126482213438735,0.5248012718600954,0.46053745504526394,0.4283874526910772,0.3680476945659982
Serratula tinctoria,395,206,0.8606402145846792,0.029687045209788803,0.8288617886178862,0.869508547008547,0.36852497096399534,0.5152401829254625,0.49201380151014246,0.4325736308138584,0.3507305833426998
Hottonia palustris,105,46,0.8606172839506174,0.05166927267014363,0.8205705705705706,0.7428571428571428,0.4333333333333333,0.5412820512820513,0.46835502734028733,0.4408464705080523,0.3828042328042328
Cota tinctoria,970,795,0.8606067797951031,0.015045099310533513,0.8072327044025158,0.6584111275732877,0.48050314465408805,0.555293020779431,0.4449955343743593,0.43596021635955395,0.39664570230607965
Epipogium aphyllum,78,31,0.8605123920913396,0.033790425826927,0.75,0.2,0.06666666666666667,0.1,0.07180786296659397,0.05909090909090904,0.04561403508771926
Arabidopsis arenosa,218,146,0.860331015265617,0.041771728509986054,0.8286914235190098,0.8507936507936508,0.3901149425287357,0.5313610745706665,0.49621723741219464,0.44370487790293317,0.3649843260188088
Leucobryum glaucum,137,108,0.8603281093906094,0.04427010773261099,0.8357658380112267,0.8161616161616163,0.4532467532467533,0.5760606060606059,0.5211346413646829,0.4853446274006509,0.4163236763236764
Ruta graveolens,93,77,0.8602489978415047,0.03675542332556244,0.805288207297726,0.7205769230769231,0.44333333333333336,0.5214303815834018,0.4436714225241441,0.4115902432339629,0.3696978106691335
Calendula arvensis,99,62,0.8602089944195207,0.06101512325149976,0.8545306122448979,0.8015800865800864,0.5461538461538462,0.6428282828282827,0.5772696486598435,0.5578319732740507,0.5030528504212716
Racomitrium lanuginosum,24,21,0.8601923076923077,0.08751922865642378,0.8338235294117646,0.7,0.42000000000000004,0.5214285714285714,0.4591010210484822,0.4411408272566213,0.38923076923076927
Picea abies,8666,4219,0.8601736910125105,0.009022566451851082,0.8209295418641391,0.7148607880178947,0.4723887267882141,0.5688276214088704,0.47750820350322,0.4616989734798467,0.4094983307324805
Oenothera biennis,299,196,0.8599001548936359,0.02025382345544204,0.8125020414829333,0.7124317711274234,0.41782051282051286,0.5254366918634191,0.44244412603305905,0.4187385962671832,0.3616999855135449
Equisetum telmateia,1913,1258,0.859837596192037,0.006664251986230859,0.8118038541343793,0.6888044324003609,0.4562828052867894,0.5473249826145323,0.4504517410766102,0.4348823186207653,0.3865939054677229
Euphorbia helioscopia,1851,1422,0.8598064609358913,0.01152672908182402,0.8046729824268531,0.6643981347972553,0.443713862120089,0.5314160401746335,0.4280937546324912,0.41429259350996517,0.36869992865478807
Vicia sativa,760,604,0.859769098475488,0.012602013539468257,0.8079487705969919,0.6713136546653863,0.4569146005509642,0.5424434624213006,0.4400101146587634,0.4266968577730938,0.3818495350288419
Cardamine hirsuta,935,688,0.8597184514164109,0.015925526511440847,0.8172334598251114,0.7032386250451295,0.4637046440283508,0.5579144330471845,0.46503874727817623,0.4491573898618805,0.3987853934582856
Juncus inflexus,715,451,0.8595705346390053,0.013950448615883267,0.82041243459526,0.7473461812622322,0.43240537240537236,0.5424864487128638,0.4697586437512335,0.441712704398799,0.3821470698223466
Galium album,1872,1007,0.8595294648526378,0.01154718836548924,0.8282055392013316,0.7640591606759037,0.4528200581252155,0.5681581623627239,0.49494188177847115,0.4696823983367865,0.40614609391964385
Fragaria viridis,131,121,0.8594268138001014,0.015824824533471234,0.820274914089347,0.7646253746253746,0.4206666666666667,0.5364279272638406,0.470237140738737,0.43705298116214325,0.37371080669710804
Festuca glauca,28,26,0.859388888888889,0.09243773346367401,0.8561904761904762,0.8433333333333334,0.5333333333333333,0.643073593073593,0.5876353003562828,0.5592618406859815,0.495
Catananche caerulea,39,32,0.8593609022556391,0.07858463432251446,0.7966153846153846,0.6611111111111111,0.4714285714285714,0.5124242424242424,0.42757990804457774,0.39676655414120965,0.3772180451127819
Hieracium bifidum,57,46,0.8593533215755438,0.04471372115240074,0.8097597597597599,0.82,0.32666666666666666,0.4595404595404595,0.4300335944135748,0.3694075112136282,0.29783068783068783
Polygala vulgaris,624,458,0.8593086713350122,0.017196809970276415,0.8307812569794969,0.7733580621921063,0.45843287147634976,0.5750800268039091,0.5037572108927418,0.47796474360765895,0.4133154195851752
Lilium candidum,31,27,0.8591666666666665,0.08745633831296112,0.8419913419913418,0.7833333333333333,0.5266666666666666,0.612063492063492,0.5470643221825806,0.5217197537282157,0.47666666666666657
Pinus nigra,133,121,0.8591491628614916,0.02857767355215806,0.8243341924398626,0.7442245989304813,0.46266666666666667,0.5673974805682123,0.48721651714449,0.4648961942505051,0.4074916286149162
Crataegus laevigata,1575,1259,0.8591219053933873,0.008824961319101949,0.8167212449362399,0.7193393687652682,0.4400082210839183,0.5445515789719894,0.45981360420895045,0.43835543665331855,0.38229456608549506
Juglans regia,4663,3478,0.8587574827088511,0.0026891654402608684,0.8046296542657962,0.6511359855650881,0.4709716364839164,0.5462635438360898,0.4351663881572643,0.42593010907647894,0.38682428041353406
Oxalis acetosella,6293,3877,0.858702148672907,0.007831537578278322,0.8202215711701328,0.703715270530927,0.4854263385433987,0.5744737813198251,0.478271424488411,0.4653400206297308,0.4172463762997311
Amphidium mougeotii,33,25,0.8586666666666668,0.09747022337331766,0.75,0.54,0.24,0.31380952380952376,0.22365935391704322,0.19482517482517483,0.16
Mercurialis perennis,6083,3744,0.8585899830608421,0.005606043428192861,0.8133677624701605,0.7075718587474603,0.43242469460171495,0.5366933282679022,0.44866572198982535,0.4282480994653738,0.3727729812853351
Potentilla crantzii,247,156,0.8585414960037194,0.027251648993976942,0.8269419354838708,0.7976470588235294,0.4233870967741936,0.5514052287581699,0.49220276119349576,0.4558986770073273,0.3849290780141844
Helianthemum apenninum,43,26,0.8584999999999999,0.0724001227746043,0.7395238095238096,0.35,0.15333333333333332,0.2087301587301587,0.12185555058015649,0.10854602226445834,0.0875
Asplenium alternifolium,32,29,0.8583877995642701,0.08200234300717231,0.7931159420289855,0.75,0.32,0.4204761904761905,0.3782049341369965,0.3243707639665724,0.27359477124183
Myosotis stricta,30,26,0.8583333333333332,0.0529019008270129,0.759047619047619,0.4,0.08,0.13333333333333333,0.13350935285869914,0.09216300940438873,0.06666666666666665
Myriophyllum aquaticum,120,21,0.8583333333333332,0.07482172544315319,0.775,0.5666666666666667,0.24,0.3276190476190476,0.27546585710911303,0.2368679273942432,0.19256410256410258
Oenanthe fistulosa,43,20,0.8583333333333332,0.044487826050130436,0.8125,0.7333333333333333,0.3,0.4076190476190476,0.4022662050457835,0.34424242424242435,0.2833333333333333
Lonicera etrusca,96,60,0.8583333333333332,0.06365361941591562,0.8333333333333333,0.8356060606060606,0.4666666666666667,0.5736719035440262,0.5264189285169649,0.48316689058068374,0.4222222222222222
Sambucus racemosa,5686,3857,0.8583290116794936,0.0063547279279829345,0.8206511342592837,0.7086889537229076,0.4799079991666835,0.5722466327097864,0.478191443555244,0.46406026897419517,0.41414038313430657
Neottia nidus-avis,3572,2172,0.8583207059399147,0.009311618558602571,0.8204424384197454,0.7113325356823492,0.4751575824990731,0.5691124686341859,0.47676932087628876,0.46146336439094104,0.4107026201422655
Isopyrum thalictroides,76,36,0.8583024118738404,0.0805969784280589,0.7985221674876847,0.779047619047619,0.3571428571428571,0.4665689865689866,0.41606935213779367,0.36160404249270695,0.3017316017316017
Flexitrichum gracile,61,44,0.8583016777461221,0.04517695662234308,0.8182539682539682,0.8833333333333334,0.34444444444444444,0.4793206793206794,0.4684133305913255,0.39621894510258243,0.32222222222222224
Viola thomasiana,38,34,0.8582993197278913,0.07774876328903983,0.793915343915344,0.5157142857142857,0.43809523809523815,0.4675324675324675,0.3575621911428893,0.3612481175784848,0.3499999999999999
Melampyrum arvense,624,202,0.8581069307814063,0.03277167103705696,0.8082125603864734,0.7177116217116216,0.38634146341463416,0.49822091886608016,0.42419383988031106,0.3938462055467993,0.3351424388922117
Fumaria officinalis,374,295,0.8581059082639089,0.01697930299658162,0.8,0.6414098454245334,0.4508474576271187,0.5290076472168315,0.4175499458412908,0.4071777443537684,0.36723163841807904
Galium sylvaticum,425,292,0.858069073679097,0.0347861027835345,0.8338982429111186,0.7797618501353646,0.46902396259497375,0.5848011201407898,0.5141965358184102,0.48905273279312134,0.4245044820754932
Montia fontana,29,23,0.8579120879120878,0.1256912297308458,0.870175438596491,1.0,0.49000000000000005,0.6357142857142857,0.6374319446065144,0.5761092922138343,0.49000000000000005
Herzogiella seligeri,104,84,0.8578200692041523,0.026445386831968884,0.8244073748902547,0.762020202020202,0.4294117647058823,0.544290492116579,0.47808607991708446,0.44839126471080293,0.3858039215686275
Prunus padus,7201,4309,0.8576608353094445,0.007535185173475399,0.8058139260946504,0.6779829572567447,0.4246931345680709,0.5218494310726851,0.4258737612575981,0.4081446209327682,0.3575463345842269
Lathyrus oleraceus,141,125,0.8576,0.015152674864708055,0.834,0.7401633986928104,0.512,0.6038252797810371,0.5181923776032985,0.5039146454949791,0.4533333333333334
Vinca minor,7899,4624,0.8574784552672072,0.007033781071274047,0.8066611867341795,0.6670585429354969,0.45286392886392884,0.5390719678779765,0.43535053085326947,0.4224686622345347,0.37746100467080995
Cephalanthera longifolia,3976,2040,0.8574250288350633,0.006705958671010609,0.8159313725490197,0.7084276877467539,0.44901960784313727,0.5494252742213869,0.4592283517924023,0.44099842085345103,0.38725490196078427
Genista germanica,220,147,0.8574056038885562,0.026947737500803048,0.8282630740257858,0.7962347456465103,0.4278160919540229,0.5481022523575716,0.4926610170674655,0.455637242874667,0.3892563371021333
Veronica persica,2502,1697,0.8572497562413393,0.0052406864587938515,0.806866919252488,0.6654339720986947,0.4573104285962173,0.5416859949275166,0.43692467504696,0.4247611009263187,0.38070599148675865
Potentilla sterilis,1867,1477,0.8571453438481391,0.0075256475567166805,0.8183794169098716,0.7454925141621473,0.4177370590929913,0.5348586388097507,0.4613033089500357,0.4329249564573946,0.36966826505011974
Delphinium consolida,51,35,0.8571428571428571,0.07043362778527774,0.8214285714285714,0.7547619047619047,0.42857142857142855,0.5221356421356421,0.46606967709179037,0.4290616246498599,0.3809523809523809
Clematis vitalba,4807,3300,0.8570474441383531,0.006811604290582702,0.8071969696969697,0.6643806686450693,0.463939393939394,0.5461892685967147,0.4398889036910189,0.42863565489253574,0.38555555555555554
Thuja plicata,41,32,0.8569799498746867,0.03997017594069513,0.7892307692307693,0.9199999999999999,0.22380952380952382,0.3233766233766234,0.36177142846971877,0.25575603609705305,0.20275689223057647
Aruncus dioicus,5431,3219,0.8569681380228275,0.00910378272262042,0.8125198998974854,0.6977108677997952,0.4433010055736407,0.5417999696597883,0.44895410835011906,0.43121223168317135,0.3788928475161007
Scutellaria galericulata,349,225,0.8568888888888889,0.015348979998042338,0.8255555555555556,0.7910907719731248,0.4222222222222222,0.5444768502106312,0.4863408870131642,0.4494748288664959,0.3822222222222222
Maianthemum bifolium,1928,1332,0.8568046039621985,0.01234550981791374,0.8228251812312273,0.734739021968174,0.4572301540367773,0.5633038107328108,0.4802193641385128,0.4596555949376645,0.4019279012207573
Dipsacus laciniatus,68,55,0.856749311294766,0.06117935710189009,0.8,0.6756854256854258,0.4909090909090909,0.5467896354852877,0.44567220252725026,0.4242721051331927,0.393939393939394
Cirriphyllum crassinervium,44,37,0.8567264257481648,0.11594703165348338,0.8443678160919541,0.8166666666666668,0.48571428571428565,0.5967032967032967,0.5436999481519711,0.511609807150604,0.44974590626764543
Onobrychis arenaria,82,74,0.8566839826839827,0.021426744326224403,0.7972316384180791,0.7033333333333334,0.3371428571428571,0.44100279684719046,0.3791651589447701,0.34091643664193094,0.28744588744588745
Plagiopus oederianus,80,61,0.8565758065758067,0.11292148950519929,0.8157312925170068,0.7488888888888888,0.41282051282051285,0.5225416482382427,0.4552791773677738,0.4223614849791236,0.3634211134211134
Apopellia endiviifolia,124,102,0.8565047467955983,0.020644916451148684,0.8137609153869316,0.7658158508158509,0.36333333333333334,0.48636868367418656,0.43545561526577214,0.3932048372117728,0.3273206416358187
Muscari armeniacum,131,109,0.856474333747061,0.023512211161317607,0.8097701149425287,0.6573971126912304,0.4675324675324675,0.5396566684015384,0.43972807297997185,0.42748934750599304,0.391028971028971
Campanula rapunculus,553,428,0.8564604385183401,0.021184855881533852,0.794967009360135,0.6349978359369717,0.4301231190150479,0.5105245714653914,0.40038696077502783,0.3874385248678401,0.34679687874267434
Melica nutans,1079,770,0.8562967335694609,0.0053836653413924275,0.8162337662337663,0.7260083130026205,0.42597402597402595,0.5364143953245482,0.45557972828168414,0.4314936888358979,0.37229437229437223
Carex pallescens,754,515,0.8561975681025544,0.012431016412233034,0.8281553398058253,0.7773051780803318,0.4427184466019417,0.5626473597718784,0.4949953647307166,0.4656093259381093,0.39935275080906146
Prunella laciniata,126,98,0.856174136392999,0.019526170592838205,0.8112301200908796,0.7065445665445665,0.42947368421052634,0.5295018132644908,0.44389046866626,0.42122241315962744,0.36833984435079514
Oenothera parviflora,56,51,0.856158357771261,0.0758615626625841,0.7742682926829269,0.611111111111111,0.3709090909090909,0.45056390977443606,0.3417524432149377,0.3192017022449437,0.27951124144672534
Hypochaeris glabra,45,31,0.8560289612921193,0.04818106575728031,0.7906666666666667,0.6866666666666668,0.35238095238095235,0.45353535353535357,0.37644936862076833,0.33958133312266403,0.28922305764411027
Salix caprea,2724,2093,0.8560124476922197,0.009029957230007244,0.8225026837140461,0.7464990481189435,0.4385824074179808,0.5519031513286426,0.4756837824804322,0.45065014655323987,0.38905212092065805
Melampyrum pratense,1214,806,0.855977869036623,0.024837066616119688,0.821653425778805,0.7332569577113907,0.45041024461314316,0.557570238546939,0.4752689661918361,0.4539202732620676,0.3958203022761652
Campanula rapunculoides,873,616,0.8559778135103884,0.013917965056255161,0.8218374313560581,0.7347147405915775,0.44819040125885123,0.5556919331464076,0.4748403843592109,0.4528259119773389,0.3946153628057641
Geranium phaeum,623,439,0.8559456341096701,0.021002881275369686,0.828598484848485,0.7526612519975174,0.4671891327063741,0.5738133617550277,0.49699457422048754,0.4747778097496546,0.4163019337203158
Drosera rotundifolia,1055,305,0.8557914539102391,0.02656886135990885,0.8155737704918034,0.7399264705882354,0.40983606557377056,0.5266035737699407,0.45252847043871014,0.4234345901012568,0.360655737704918
Galium glaucum,71,47,0.8557525998905311,0.12306601114174588,0.835135135135135,0.8595238095238095,0.42222222222222217,0.5493486905251611,0.5157774367984271,0.46554755481192744,0.39389709906951287
Alchemilla glaucescens,101,80,0.8557291666666668,0.04329030566115362,0.8125,0.8355555555555556,0.3125,0.44966233766233765,0.4318836421661194,0.3657981473129098,0.2916666666666667
Epipactis palustris,1803,811,0.8556160115853692,0.011234321233895518,0.816589149498754,0.7407816690905483,0.41059607664924636,0.5282853197567171,0.4544269020844439,0.42578386461877804,0.36251468473942644
Thysselinum palustre,133,47,0.855607553366174,0.07619405351182569,0.8669985775248934,0.9199999999999999,0.5044444444444445,0.6396825396825396,0.6138175129331388,0.569579709145627,0.49065134099616864
Hydrocharis morsus-ranae,48,30,0.8555555555555555,0.07066216306792193,0.775,0.6133333333333333,0.29999999999999993,0.39494949494949494,0.3088420259347509,0.2791036414565827,0.2333333333333333
Rosa montana,35,30,0.8555555555555555,0.046333318530358485,0.7833333333333333,0.7333333333333333,0.16666666666666666,0.2603174603174603,0.28943383229971537,0.20512820512820512,0.15555555555555559
Trisetum flavescens,989,581,0.8555242280412123,0.00925555503673243,0.8222905079718205,0.7760126901689101,0.4130857648099028,0.5373867735409772,0.47427105456374435,0.43978007171882927,0.37178385129674524
Genista tinctoria,967,538,0.8555231942811936,0.01739393643762362,0.8276048130362057,0.7814571981258129,0.43130841121495334,0.5552642611544754,0.49081974518961874,0.45935048992734434,0.39102996574065363
Orobanche gracilis,592,258,0.8554662036255964,0.04029517529603279,0.8294498381877021,0.8564278589450215,0.38770739064856713,0.5304556531974371,0.4978737385739101,0.4441908508016793,0.36446482676084196
Alcea rosea,475,380,0.8554132040627886,0.011676878272177954,0.8039473684210525,0.6701428080835605,0.4289473684210526,0.5220386484492607,0.4227970739468619,0.4062420278003046,0.3578947368421052
Euphorbia nutans,23,21,0.8553205128205128,0.10783331732864963,0.8448529411764707,0.8333333333333334,0.47000000000000003,0.5823809523809522,0.5384941113089529,0.5003616064774006,0.437948717948718
Carex liparocarpos,69,38,0.8551524562394128,0.049707732696568224,0.8225806451612904,0.9333333333333332,0.3142857142857143,0.46090909090909093,0.47085146080273993,0.3873768153886442,0.30559006211180123
Nymphaea alba,394,226,0.8550259648679654,0.02818140628130468,0.8130202578268877,0.7448571428571429,0.3802898550724637,0.5009443524512018,0.4368576683616208,0.40171753244288355,0.33753386378706074
Galeopsis angustifolia,340,243,0.8549568322841654,0.025797451930381847,0.8116891356066613,0.7762570633874982,0.3540816326530612,0.482760016714798,0.4333017522994627,0.3873378493452754,0.31834237899222034
Rhytidiadelphus squarrosus,327,285,0.854929721965733,0.025793947209456207,0.830701754385965,0.7953619909502262,0.44210526315789467,0.5657091027646838,0.5039142935783621,0.47116883116883124,0.4023391812865496
Hypericum tetrapterum,366,241,0.854827683947142,0.03316397628115411,0.8142972797927459,0.7718163161527005,0.36547619047619045,0.49439716788940513,0.44103292825330637,0.3986825040091514,0.3294991789819376
Bupleurum falcatum,385,220,0.8547520661157024,0.022801916407950786,0.8113636363636363,0.7242006269592476,0.39545454545454545,0.5081672893316729,0.43463440893407795,0.40500388500388496,0.34545454545454546
Syntrichia virescens,31,26,0.8546111111111111,0.06873091205276514,0.8557142857142856,0.75,0.4600000000000001,0.5666666666666667,0.5366881960475943,0.5101936426744611,0.44666666666666666
Pilosella piloselloides,123,98,0.8545298225106894,0.0645593211641672,0.7754949691658551,0.6722727272727272,0.2663157894736842,0.3659013350467623,0.30602051071837183,0.25935467050052863,0.2119031652773078
Lewinskya rupestris,37,32,0.8544987468671679,0.10792848610108528,0.8123076923076923,0.85,0.3142857142857143,0.4424242424242424,0.4310645707436649,0.3632529915923012,0.29323308270676685
Aulacomnium palustre,160,101,0.854239656518345,0.027116800217955598,0.8390123456790123,0.8208333333333334,0.4566666666666667,0.5784961685823755,0.5275492169529838,0.4916784619972,0.4236612021857923
Valeriana dioica,1226,757,0.8542054541342349,0.025595491216008227,0.8150587786051332,0.7408801321797218,0.40023527361449973,0.5194221295047621,0.44786572158770294,0.41738713356087515,0.3535653796318305
Campanula rotundifolia,2269,1412,0.8541412588983934,0.024904103839857493,0.8280837455027161,0.7713486965808831,0.44335263012806064,0.5621054888845218,0.4930368718087217,0.46506077133947177,0.3996826851502253
Arenaria serpyllifolia,630,413,0.854100192422154,0.020954645401143862,0.8135457291952759,0.7606835672882185,0.37549221275345285,0.4995408980957026,0.44069955181786824,0.40160455916989457,0.33514351221799515
Larix decidua,1587,1043,0.8540021618233794,0.012047514218852357,0.8355743189879234,0.7826016586181697,0.473675009201325,0.5898783938281686,0.5193400062947198,0.494830156660748,0.4298891945048394
Trifolium arvense,368,276,0.8539214330758689,0.02285402066033781,0.8097943233237352,0.7064249084249085,0.4135064935064935,0.5174598660814176,0.43487017068658107,0.41028319978096633,0.35555833724508423
Conocephalum conicum,110,90,0.8539094650205762,0.046453778791280605,0.825,0.7703030303030303,0.4222222222222222,0.540328407224959,0.478128651538832,0.4460310118496983,0.3814814814814814
Dryopteris remota,27,24,0.8539047619047618,0.08037463301722172,0.771578947368421,0.6,0.13,0.21333333333333332,0.2225585733255499,0.1584760067518688,0.11666666666666665
Lewinskya striata,137,113,0.8536373005930589,0.07537869260423662,0.8296947496947498,0.7948412698412698,0.4071146245059289,0.5309431365598349,0.48395670755069986,0.4454976576364011,0.3776150634874917
Phyteuma nigrum,178,147,0.8535977657238798,0.031852264738795814,0.8197740112994352,0.77241452991453,0.3947126436781609,0.5207050572166851,0.46133542907977143,0.4244893064715212,0.3561784250877626
Veronica officinalis,2503,1773,0.8535868300109701,0.010222958789732884,0.8226180856023084,0.7301140979161966,0.4613893530675579,0.5650335069629614,0.48009925565508665,0.46074824254605484,0.404423679240469
Koeleria pyramidata,373,189,0.8534943395826391,0.030841667762397662,0.8413035901010805,0.8724006875477464,0.4230440967283073,0.5669267668692037,0.5338102361826695,0.4852856931315187,0.4036682234167097
Avenula pubescens,615,371,0.8534886582134188,0.01554037190409038,0.8153676403676403,0.7672793663455802,0.38,0.5073636231735501,0.4479015381551683,0.40905752620811703,0.3404613582192057
Lathraea squamaria,968,643,0.8534778150427815,0.01997273200468607,0.8164821880548525,0.7451690821256038,0.40433624031007753,0.5241590439884682,0.45296942610210805,0.42260703825005874,0.35819398877922487
Euphorbia myrsinites,61,48,0.8534701696770662,0.06752538997695201,0.8020242914979757,0.6695238095238095,0.5022222222222222,0.5640183346065699,0.4533626042969635,0.4399080044474971,0.40394636015325663
Alnus glutinosa,2816,1774,0.8532844829654385,0.012523559448289843,0.8077793327973479,0.6830340667320393,0.4340542691175301,0.5303291140174359,0.4341586124721152,0.41693932579247833,0.3664108648321687
Prunus avium,3191,2311,0.8532489519196982,0.008555337447261557,0.8124195481821225,0.6953551089826482,0.44524884762465755,0.5425848255228749,0.4488251682994663,0.43169359686214825,0.38005337658924415
Cystopteris fragilis,898,630,0.8531830015957,0.01599775001256195,0.825,0.7570280497258636,0.4428571428571429,0.5577250674015757,0.48417153610546526,0.4580911261260062,0.3952380952380953
Rosa glauca,123,112,0.853155635447501,0.0462145210641612,0.8057178526841449,0.6950000000000001,0.40118577075098816,0.505360459973463,0.4205218494760989,0.39586426320933465,0.34157207452622956
Hemerocallis fulva,326,288,0.8531178407937695,0.022932443414094564,0.7977451533973272,0.6484731450719823,0.42038717483363575,0.508493623555904,0.40406611271476833,0.3888658837226174,0.3439992194632903
Pseudoamblystegium subtile,30,22,0.8530769230769231,0.16180198285807482,0.8313725490196079,0.8,0.38,0.4990476190476191,0.4732439317275402,0.43113848608262195,0.3646153846153846
Ophrys holosericea,335,141,0.8530069614052518,0.04144111462060256,0.8049462705436156,0.7417142857142858,0.3600985221674876,0.4665262639803644,0.4119046596945212,0.3684995164181276,0.3127875977977398
Arabis serpyllifolia,27,21,0.8529487179487178,0.12197260985254285,0.8088235294117647,0.8,0.22999999999999998,0.35428571428571426,0.3835534306496468,0.2995670995670996,0.22999999999999998
Helianthemum canum,174,48,0.852895457033388,0.08265984844344944,0.8541160593792172,0.8528571428571429,0.5,0.6230392156862745,0.5758433657030794,0.5427282530229894,0.4724137931034482
Carex divulsa,60,55,0.8528925619834711,0.040434915993187326,0.8136363636363637,0.7500000000000001,0.36363636363636365,0.47589562140645725,0.4271034036619586,0.38666666666666666,0.32727272727272727
Potentilla verna,944,578,0.8528439906248337,0.017387687720666886,0.8200620833450207,0.7413119081016118,0.4307796101949026,0.5437173357223832,0.4674118403846886,0.44165228298355996,0.3806055334678782
Kickxia spuria,132,115,0.8528040327662255,0.012593569689078129,0.7978260869565217,0.6735588972431078,0.3739130434782608,0.4687773487773487,0.38853433775604546,0.36029594781709295,0.3130434782608696
Drabella muralis,54,29,0.8527668845315904,0.0773167469125886,0.7847826086956521,0.6,0.14666666666666667,0.22857142857142856,0.26065612126687865,0.19340282735970293,0.14666666666666667
Melampyrum nemorosum,63,49,0.8527356321839081,0.044126818524485516,0.8317948717948717,0.8630952380952381,0.42666666666666664,0.543954248366013,0.5120127781174836,0.45894589246097695,0.392183908045977
Euphrasia stricta,149,112,0.8527301009484084,0.05660189304073214,0.8614981273408239,0.851043956043956,0.5442687747035573,0.6628896565738671,0.6045827325340893,0.5808509999501194,0.5114768519643125
Stachys recta,1753,1004,0.8526893571349218,0.006669380353724441,0.8187236296723108,0.7331183637432592,0.43324875621890546,0.5443185581053069,0.4642976959954762,0.44038762198606884,0.380457342302882
Teucrium chamaedrys,2449,1354,0.8526257858518536,0.006569313128113947,0.8127762842725381,0.7226993358591869,0.41066830668306686,0.52206550008042,0.4432891886392894,0.4167723164530764,0.35749754098526204
Rumex crispus,288,235,0.8524219103666818,0.009670185522094138,0.8159574468085106,0.7157779886148007,0.4425531914893616,0.5450926249048313,0.4587813692038947,0.4379407585095952,0.38297872340425526
Echium vulgare,4065,2562,0.8523952501319737,0.01028864170647399,0.8084510945255866,0.682118030708579,0.44147097344054576,0.5350783989140384,0.4377850601562521,0.42145751639457735,0.37225358493186567
Artemisia vulgaris,1534,1177,0.8523802575981293,0.00535629204374743,0.8126583049608426,0.6972345099408949,0.4426072845293906,0.541235753459064,0.44858001252220675,0.4309147744582037,0.3786018512058073
Geranium columbinum,345,287,0.8523690809875555,0.01661822223071188,0.8083387127396999,0.6892514392798066,0.435632183908046,0.5310212213415875,0.4375354467270437,0.4185781109325474,0.36826425811156793
Veronica prostrata,77,56,0.8522929833090261,0.033120030427088866,0.816969696969697,0.9199999999999999,0.303030303030303,0.4352240896358544,0.44672522414292154,0.3642391798702886,0.29126559714795003
Homalothecium lutescens,114,90,0.8522633744855966,0.06711920279144844,0.8305555555555555,0.8178571428571428,0.4222222222222222,0.5451468531468532,0.499904694026457,0.45672126006391156,0.3888888888888889
Arabis hirsuta,549,375,0.8521718518518518,0.02429677614702299,0.8066666666666666,0.7279105256293205,0.3653333333333333,0.4853451623092653,0.41718157707587106,0.3821612596143069,0.3191111111111111
Verbena officinalis,2358,1719,0.852110959478923,0.013015847274617636,0.7993050739957717,0.6536426056332107,0.4200216963861957,0.5111623580349705,0.4077015136848612,0.3923932554987991,0.3457559124329329
Impatiens glandulifera,124885,9025,0.8520819617201628,0.015900664566882477,0.7970914127423823,0.6544212833113394,0.3945706371191136,0.4913130599602096,0.39375019746666196,0.3747648738370438,0.3258356417359187
Galinsoga quadriradiata,558,456,0.8520801276254802,0.02745786370228871,0.8114165286768026,0.7111613876319758,0.4166507405637841,0.5250941673476885,0.44067348878357765,0.4171857742399789,0.3596576120378089
Hieracium lachenalii,240,211,0.8519462406623315,0.03337564402603624,0.8246759650605805,0.7987494824016562,0.4029900332225914,0.5341165965046561,0.48029417287555176,0.44037774730322754,0.3682693733050811
Carex humilis,207,145,0.8519223147047166,0.038048784498226344,0.8172413793103448,0.703528050896472,0.45517241379310347,0.5495238095238095,0.46064246474515824,0.4431972733987354,0.3931034482758621
Trifolium alexandrinum,52,47,0.8519211822660099,0.053896836429805535,0.8029871977240397,0.7011904761904761,0.40444444444444444,0.49580693815987936,0.41814545817937543,0.38758506457735714,0.3408976464148878
Hyoscyamus niger,62,43,0.8518376068376069,0.06562568680959284,0.8196638655462184,0.8066666666666666,0.38888888888888895,0.4756801093643199,0.45099756893216,0.39633938793696066,0.3495042735042736
Papaver rhoeas,1138,807,0.8518228240480796,0.011819679523703728,0.8076184990520077,0.6759897107723194,0.4461160953914577,0.5371897572434714,0.43680375307191355,0.4220544264132008,0.37423486509410747
Orchis pallens,351,190,0.8518005540166206,0.03470566406483003,0.8315789473684211,0.7875390551477508,0.4578947368421053,0.5738781547452212,0.5084755743823303,0.4786570889428033,0.4140350877192983
Luzula forsteri,79,63,0.8517881241565453,0.06444715251760019,0.8372549019607843,0.8571428571428571,0.4269230769230769,0.5568546365914787,0.5213648227196616,0.4736206931270203,0.40060728744939267
Allium carinatum,485,339,0.851637803406307,0.02222453120191652,0.8200591491209028,0.7855337296148656,0.38617208077260756,0.5140303276735915,0.4614551486419085,0.4201531150095021,0.3507620546932103
Circaea lutetiana,2747,2057,0.8515727700813436,0.003933427302164372,0.8122268961874969,0.6937256748078454,0.4467684784919566,0.5433776333181721,0.4487308419646239,0.4320643473906996,0.3808168646362226
Liparis loeselii,77,32,0.851516290726817,0.0922358578361456,0.8206153846153846,0.9333333333333332,0.3142857142857143,0.4593650793650793,0.4693227118285209,0.38488435095716117,0.30375939849624056
Linum catharticum,1484,894,0.8514549804890843,0.013354026394870225,0.821027073485174,0.7458400125726858,0.43296717092461245,0.5462004670294717,0.471084730031346,0.4447685083119929,0.3833799116900589
Thalictrum minus,302,180,0.851440329218107,0.012643861313363966,0.8375,0.7948571428571428,0.4833333333333333,0.5950602494045116,0.5291088397191286,0.5017303967510154,0.43888888888888894
Zea mays,342,309,0.8513184925427977,0.020828028669610508,0.7904433851377825,0.6090939910161878,0.47260708619777897,0.5298128794733085,0.40481218828116344,0.3980674431307986,0.3690325439135592
Misopates orontium,42,34,0.8512244897959184,0.0813844298658632,0.8092592592592591,0.6466666666666667,0.40476190476190477,0.4888888888888888,0.40387431265459534,0.3872731941116056,0.3461904761904761
Anthoxanthum odoratum,2528,1361,0.8511427039239795,0.022214254783223458,0.8245773240425646,0.7706304945586925,0.42467410040939446,0.5475370139944726,0.480601594489899,0.4498356780055496,0.3825499374026986
Sagittaria latifolia,250,131,0.8509350573453137,0.0406219032391069,0.7843223443223443,0.6177418546365916,0.39601139601139596,0.475812193502452,0.36668786430667527,0.3494855439952824,0.30970824768293126
Trifolium campestre,541,394,0.8509104264711661,0.018902434822338315,0.8204299778983325,0.7547545642548117,0.4187601428107757,0.5380457040535951,0.46740034701619165,0.43780645876518454,0.37309397675199
Ribes nigrum,287,259,0.8509079964619304,0.025113104379072045,0.8030657748049052,0.6603297412082242,0.4400452488687782,0.5270157405041126,0.4230952888179768,0.4091106458514567,0.36406509998540365
Fagopyrum esculentum,1740,1330,0.8507942789304087,0.0023602372205105164,0.8056390977443609,0.6481460853346326,0.48872180451127817,0.5566549649587876,0.4428785970538781,0.43542931174742117,0.39999999999999997
Briza media,2437,1303,0.8506403756945637,0.014331721155790768,0.8177268068082068,0.7453598251470591,0.4128676687297377,0.5310670392468266,0.45832755886064075,0.42927370111011454,0.3655383545512466
Scapania aspera,52,42,0.8506068376068375,0.046150905256098045,0.8158645276292334,0.9266666666666665,0.3111111111111111,0.4215873015873016,0.44135497666724266,0.3562014341400982,0.2951111111111111
Veronica montana,728,616,0.8505831313457343,0.012179454650601246,0.8214226817724567,0.7438204853544251,0.4399029635457645,0.551470449095334,0.4740123964592282,0.44912300187733634,0.38849301701386674
Malus sylvestris,323,304,0.8503338934647722,0.042863090534010134,0.8157761586723336,0.7410570069884759,0.4112021857923497,0.5276076225028571,0.4537810157917022,0.424529627016074,0.3618897495946676
Ulmus glabra,1071,830,0.8503169303720908,0.016052606202231173,0.8201807228915662,0.7582230705148196,0.41325301204819276,0.5347607508721115,0.4659286648381228,0.4350072524621078,0.3690763052208835
Mentha longifolia,3094,2010,0.8502409181290892,0.007949611813074284,0.8136815920398011,0.7133024734812442,0.42686567164179107,0.5330737164634265,0.4483970287748721,0.4260149956679108,0.36948590381426205
Calypogeia fissa,21,20,0.85,0.12596847048192483,0.8125,0.5,0.3,0.37142857142857144,0.3409843710563626,0.3236363636363636,0.2833333333333333
Lamium hybridum,22,20,0.85,0.13070322617798436,0.875,0.76,0.6,0.6292063492063492,0.5973083059830981,0.5773115773115773,0.5666666666666667
Lythrum salicaria,3894,2137,0.849997307179839,0.007103614893099489,0.8008892721368468,0.6720009914723348,0.39777626999934335,0.49920500982270016,0.4060162915068208,0.38516916708950905,0.33304511021515
Ulota bruchii,84,72,0.8499003322259135,0.04509804672450904,0.8055656382335149,0.8214285714285715,0.2914285714285715,0.41818181818181815,0.4041382395536136,0.3355624318020946,0.2682784657203261
Galium palustre,983,384,0.8497862373195965,0.024876324875051307,0.8300668386987604,0.8196229260935143,0.41428571428571426,0.548131660367478,0.498926959719223,0.4574501010384443,0.38302653867871256
Filipendula vulgaris,595,392,0.8497673361375334,0.02201763037526838,0.8144319407419467,0.7427012703608449,0.3906848425835768,0.5092227440004147,0.44256337923662814,0.4097034159199199,0.34647640406933233
Prunus domestica,192,150,0.8497037037037037,0.02461043529434676,0.7916666666666667,0.6374620345329729,0.4066666666666666,0.4871173839637451,0.3851781841676195,0.36692681013827283,0.32666666666666666
Rorippa sylvestris,215,154,0.8496701302487848,0.026284466458753496,0.8133097298714922,0.6874458874458874,0.47397849462365593,0.559712470817592,0.4595626141064967,0.4462201013978107,0.4004394576905096
Orchis mascula,3491,1991,0.849594341777863,0.01139058465443993,0.8183067724056567,0.7126098472818506,0.4575735821966978,0.5566214138300487,0.46707750563516653,0.4493424020552471,0.3961320649872194
Fallopia dumetorum,74,57,0.8495416348357525,0.050989752162112184,0.7805797101449274,0.7333333333333333,0.2075757575757576,0.3114565826330532,0.2940198106062987,0.22840548572223834,0.17816399286987522
Amaranthus blitum,86,79,0.8495401152482269,0.04312373913943039,0.7753968253968253,0.5742857142857143,0.3775,0.44177005789909013,0.3294499168583062,0.3137102044381826,0.28441489361702127
Acer platanoides,2235,1561,0.8495118638097262,0.00922834198744614,0.8143825316663588,0.7269199550860306,0.4138506594576882,0.525857410704331,0.4480621732019279,0.421516034241467,0.3617453770962692
Erigeron acris,198,159,0.8494257348259762,0.020094040113858083,0.8239419291338583,0.757955486542443,0.4282258064516129,0.5420095892390064,0.47540767337812617,0.44569469112904925,0.384212648556876
Rhodobryum roseum,72,63,0.8493963599226756,0.03269600319058967,0.8014901960784314,0.7077922077922078,0.39743589743589747,0.4873273657289003,0.41464944722008035,0.3806575658737399,0.3335667651457126
Juncus acutiflorus,92,57,0.8493875732111025,0.057895234712053364,0.7938164251207729,0.8099999999999999,0.24393939393939396,0.3697037276449041,0.361686313285464,0.2854022393115897,0.2204099821746881
Alopecurus myosuroides,113,96,0.8492909224058331,0.0228238363675878,0.8176691729323309,0.7077075702075702,0.4689473684210526,0.5592431224689289,0.4688352342023377,0.4512680495788297,0.4029461584996975
Spergularia rubra,106,76,0.8491384863123994,0.0502554509227357,0.8125136612021858,0.776984126984127,0.34249999999999997,0.4654589371980677,0.4257620997751105,0.37751032801629114,0.3117753623188406
Draba verna,516,407,0.8491119848356954,0.028640174581621557,0.8071052383199622,0.6882556097914165,0.4323697681421258,0.5290348127054261,0.43451234141583406,0.4154425722696066,0.3643804740638388
Trommsdorffia maculata,129,88,0.8490357342743581,0.08571327831818747,0.8295372233400403,0.8699999999999999,0.3954248366013072,0.5252380952380952,0.4985147456572882,0.44188941896840994,0.36886460438069757
Alchemilla subcrenata,51,35,0.8489795918367345,0.07713217841120197,0.7785714285714287,0.73,0.2571428571428571,0.35909090909090907,0.3213530079924326,0.26046783625730996,0.20952380952380945
Sedum album,3172,1986,0.8488865511491339,0.013644998394570826,0.8102978125748018,0.6980449279726886,0.42498006404820077,0.5282872054856966,0.438422227766048,0.4182356681257565,0.36371816693393766
Bryum argenteum,217,156,0.8488506542387141,0.018870657418292164,0.7852258064516129,0.6908380018674136,0.2693548387096774,0.37733221285634355,0.32801670736255717,0.2798133630142607,0.2266186227407916
Carex acuta,75,54,0.8487465564738292,0.06773855411566415,0.8330866807610994,0.7494444444444445,0.45999999999999996,0.5607297655904466,0.49441255084806957,0.47052127329893434,0.4166287878787879
Fragaria ananassa,49,47,0.8487383689107826,0.055056072819712906,0.8347083926031296,0.7371428571428572,0.5511111111111111,0.622954444935869,0.5346249423399401,0.5205523470621309,0.4799288451012589
Ranunculus penicillatus,32,22,0.8487362637362637,0.06575561932832832,0.8084967320261438,0.67,0.41,0.47000000000000003,0.40778951151244824,0.3783254157721381,0.3495604395604396
Clinopodium menthifolium,323,275,0.8487052341597796,0.03151938941626868,0.809090909090909,0.7416554950425919,0.36363636363636365,0.4862102181016293,0.42363777662468766,0.3859923635902207,0.32121212121212117
Setaria verticillata,58,50,0.8486666666666667,0.062489110162402606,0.78,0.5957142857142856,0.4,0.46167048637636865,0.35412848295092936,0.33529344729344723,0.3066666666666667
Achillea ptarmica,591,437,0.8486341390650434,0.021601570355927,0.7980450266066311,0.7407998358155501,0.30431034482758623,0.4297848003251882,0.3812739389737631,0.3316865722921248,0.2669173746943612
Rumex acetosella,420,345,0.8486312399355878,0.03141489940803391,0.8166666666666667,0.7554025554025554,0.3942028985507246,0.5177010981783458,0.45201487845709176,0.41815476761224435,0.3516908212560387
Hedera helix,8973,5259,0.8485826468731158,0.01593291421751985,0.7981080780629062,0.6646575472278335,0.3892313313773231,0.4907343503663107,0.39642930647647384,0.37540497112540605,0.3236300667622413
Arctium minus,201,176,0.8485505212567208,0.026380360729348254,0.8096757852077001,0.7245042016806723,0.38126984126984126,0.4940023103581055,0.42554205809122153,0.392999731550297,0.3339383048817012
Polytrichum juniperinum,75,65,0.8485207100591715,0.08033596188808013,0.8192307692307692,0.8028571428571428,0.36923076923076925,0.5046783625730994,0.4593549794891289,0.4122556207233627,0.3384615384615385
Mentha aquatica,1665,624,0.8484670776378586,0.012793166666402156,0.8165090180360721,0.7614876221280342,0.3878967741935484,0.5128462341003269,0.45078365533244635,0.41456342768296367,0.34729926973722036
Allium vineale,326,277,0.8482847159694069,0.01189921948321825,0.7987281399046104,0.6540948458999247,0.4220779220779221,0.5085502107819873,0.40744472572203544,0.39042831115552146,0.3462753104337405
Androsace lactea,53,29,0.8482788671023964,0.05117082656453058,0.7670289855072464,0.6666666666666667,0.13999999999999999,0.2253968253968254,0.23769230141770076,0.15973733647921212,0.11647058823529415
Schoenoplectus tabernaemontani,47,29,0.8482352941176471,0.12044132610299786,0.8271739130434781,0.67,0.4666666666666667,0.5442424242424242,0.45946004670396334,0.4475271232277075,0.40915032679738567
Myrrhis odorata,313,238,0.8481528579052553,0.01701480282805882,0.8161752548911545,0.7806285501937676,0.3695035460992908,0.4980979980108712,0.44745591915495053,0.40382188187351076,0.33450896321738394
Angelica archangelica,39,30,0.8481481481481481,0.11632813907066226,0.8083333333333333,0.8666666666666666,0.3,0.4349206349206349,0.4266032924889605,0.3509157509157509,0.2777777777777778
Dryopteris cambrensis,33,30,0.8481481481481481,0.08598656863884371,0.8166666666666667,0.82,0.3666666666666667,0.47623376623376623,0.44934181335058937,0.39279250161603096,0.3333333333333333
Moehringia trinervia,510,439,0.8480914036848695,0.04960940676751826,0.8280108780108779,0.7614937343358396,0.45566875653082556,0.5697086979624543,0.4951114821742714,0.4706508394729557,0.4078147410912587
Pyrola rotundifolia,866,426,0.8480834490088786,0.010505117122389046,0.8239451440400207,0.7603705853894531,0.4342270861833105,0.5513365539452496,0.4801805663903419,0.45206911710619657,0.3880567430460556
Jacobaea aquatica,79,41,0.8480740740740741,0.06274992280530176,0.8045454545454547,0.7833333333333333,0.37222222222222223,0.47333333333333333,0.4258201227505555,0.3783227832803183,0.3232222222222222
Veronica arvensis,674,493,0.84805573922402,0.014284182047933525,0.8083210177986249,0.6920920761742233,0.4200371057513914,0.521885280586117,0.4316352728842053,0.4112139325950663,0.357833715920883
Polystichum setiferum,133,100,0.8480000000000001,0.062197266820978564,0.8300000000000001,0.7816666666666666,0.45,0.5631746031746031,0.5000564783111775,0.4687032967032967,0.4066666666666666
Distichium capillaceum,45,37,0.8479672501411631,0.0760625862556541,0.8177011494252874,0.7766666666666666,0.3821428571428572,0.5060606060606061,0.4535740617861072,0.41264313429642574,0.3457792207792208
Betula pendula,2285,1522,0.8479507402466673,0.012422305136834767,0.8201382170752867,0.7532813145818926,0.41851596203623814,0.5377286556108651,0.46648401920220783,0.4371780272504059,0.37252263923239093
Anthericum ramosum,1299,741,0.8479010641495638,0.014930644866168153,0.8181543685337951,0.7358266619864914,0.4263921639760566,0.5393367275510741,0.4614647917756066,0.4359886324006067,0.3751136944953399
Prunella grandiflora,1307,819,0.8477508910729192,0.011074069862526811,0.8244810091230683,0.7636303448845695,0.43218614394732907,0.549171510128908,0.4806627164260166,0.4512794512010486,0.3874119151459779
Lithospermum officinale,293,229,0.84773027094126,0.023051855908917947,0.8067771442147776,0.7776497695852536,0.3358454106280193,0.4604640624851048,0.41742249574264223,0.3655265142134986,0.2994971613949716
Setaria pumila,442,392,0.8477058575803937,0.029566416953433445,0.788905394680613,0.6234788312462731,0.39298928919182086,0.4815337918918473,0.37291723482703587,0.35768991204598827,0.3139052646696427
Carex pseudocyperus,106,72,0.8476824725661934,0.07008813484330255,0.7982456140350876,0.6711111111111111,0.34380952380952384,0.44867167919799494,0.37529791774670346,0.3451403271270556,0.2928581496023356
Lysimachia vulgaris,4445,2192,0.8475957384849998,0.011672003627380446,0.806113513826436,0.7104511532755808,0.3809456943447645,0.4950183944139613,0.4178128610941438,0.3884670100100986,0.3287863683540332
Polygonum aviculare,1048,860,0.8475730124391563,0.005314242109593566,0.8037790697674418,0.6766733563166312,0.4151162790697674,0.5134114139340029,0.41870454318641304,0.399448804367169,0.3484496124031008
Carex rostrata,594,275,0.8475151515151514,0.02705124413566713,0.8263636363636364,0.7940489722459031,0.41454545454545455,0.5406230195251637,0.48512501042617623,0.4474960789248822,0.3781818181818182
Malva arborea,86,72,0.8475123326286116,0.03511507813304985,0.8194192377495464,0.7377777777777778,0.4438095238095238,0.5449686088130025,0.469178321377343,0.44269601129705594,0.38810127856639487
Trinia glauca,214,84,0.8474106113033448,0.043284682599891496,0.7708516242317822,0.6533333333333333,0.1426470588235294,0.22966507177033493,0.2261103051596053,0.16372011407323592,0.12288235294117648
Astragalus glycyphyllos,631,456,0.847375179088816,0.017251870776914736,0.8136068041547494,0.7114460511679643,0.43420926899187773,0.5385427272047292,0.4511267419010922,0.43003016171276903,0.3742696951836907
Forsythia intermedia,38,28,0.8472303921568626,0.09935887569006062,0.8395256916996047,0.8266666666666665,0.45999999999999996,0.5819624819624819,0.5303267524413464,0.49321244121790786,0.4239705882352941
Echinochloa crus-galli,600,474,0.8469753359946719,0.013139990600183284,0.8006138036383834,0.6730718115833445,0.3923404255319149,0.4950753507144485,0.40354947963194177,0.38174908552834136,0.32905156958924126
Trifolium hybridum,453,344,0.846886239339215,0.030374964003692054,0.8306982872200264,0.7900158543636804,0.4418584825234442,0.5633408315559345,0.5013903107508584,0.469406951697937,0.402141771299768
Elymus caninus,282,223,0.8467261663883816,0.028962866144066315,0.8262695373799511,0.7984545454545454,0.4035353535353535,0.5352102364432021,0.4822205261097272,0.4430228092215616,0.3706883105547677
Fallopia convolvulus,192,170,0.8465974625144176,0.055066063278358224,0.8,0.7025534851621809,0.36470588235294116,0.4753251134830082,0.3995868861909292,0.3669516141604703,0.30980392156862746
Pylaisia polyantha,54,43,0.8465213675213675,0.08840552997988824,0.8485714285714284,0.9266666666666667,0.43611111111111106,0.5795670995670996,0.5617732143185352,0.5036056534225487,0.4204188034188034
Geranium purpureum,350,299,0.8463582152363518,0.03324771005804935,0.8035041841004184,0.6669322344322345,0.4313559322033898,0.5203703703703704,0.42163995426566175,0.40490320410110064,0.35890403896937373
Juncus effusus,1179,813,0.8463226431422666,0.009516267236732656,0.8164263263618103,0.7582332189272469,0.391145951677649,0.5149473882115321,0.45109456056444797,0.4159559621135943,0.34932079262422727
Lycopodiella inundata,95,55,0.8462809917355372,0.05248349621646218,0.8272727272727274,0.8695238095238095,0.3818181818181818,0.5211391223155929,0.4945427302393213,0.43544434620296685,0.35757575757575766
Silene saxifraga,68,45,0.8460905349794239,0.04281417877741545,0.8277777777777778,0.8642857142857142,0.39999999999999997,0.5384615384615385,0.5039849068070889,0.4486233766233766,0.37037037037037035
Carex diandra,42,29,0.846078431372549,0.08699442160509717,0.8021739130434783,0.7,0.2333333333333333,0.34047619047619043,0.3408661318815839,0.27850725807808113,0.22222222222222224
Pastinaca sativa,683,562,0.8460600697032705,0.01686920830310841,0.8007097253155159,0.6523366539563723,0.43950695322376737,0.5235586237245876,0.4173257354339234,0.40388675676028035,0.36063841249720335
Silene coronaria,163,138,0.8459992117132875,0.04911198475353473,0.8007043407043406,0.6565413533834585,0.41984126984126985,0.5093960618474956,0.4094759156285394,0.3929639272488271,0.3473464123625745
Pentanema helveticum,66,29,0.8459694989106753,0.09069463215591747,0.8362318840579711,0.85,0.4866666666666667,0.5680519480519479,0.5377854821337842,0.48763240254546725,0.44222222222222224
Silene nutans,2381,1535,0.845942839358154,0.0046259109590696965,0.8161237785016286,0.7255176281673559,0.42671009771986973,0.5359125581731347,0.45538628642184165,0.4311240640003099,0.3726384364820846
Thalictrum aquilegiifolium,3728,2166,0.8459174027396262,0.007927838415299962,0.8062095126660971,0.705497706884344,0.38595693958131566,0.4989192589036783,0.418698425264857,0.39131208992265787,0.33224852482440215
Galanthus nivalis,888,619,0.8458860890396126,0.01943306041188354,0.8013090583251874,0.6753414351146455,0.4039076842381327,0.5040516071666566,0.41043691036277047,0.3894789750792801,0.3376757623762657
Vincetoxicum hirundinaria,3038,1667,0.8458248362056745,0.011899676652162431,0.8168886674442224,0.7263114858540515,0.4313193432953912,0.5401811639265846,0.45871964384171704,0.4351901062146798,0.3767273353033832
Daucus carota,2514,1576,0.8457314160120276,0.013220476656827213,0.813294059891998,0.7085275036711317,0.4289230460116536,0.5336665873144459,0.447177104879618,0.4259535576997363,0.37033450277194757
Lapsana communis,3853,2790,0.8455548275758703,0.01709592621035855,0.7974910394265233,0.6487872383222685,0.4172043010752688,0.5072856272117469,0.4026385577731576,0.3873671621857866,0.341457586618877
Equisetum hyemale,965,656,0.8454991864839096,0.006270637102867078,0.8140210832424574,0.720588715048875,0.4222877631274578,0.532050917415111,0.4495642156834391,0.4255633888454874,0.36689323192791246
Orthotrichum anomalum,188,145,0.845422116527943,0.0348764096528051,0.8172413793103448,0.7158730158730159,0.4344827586206897,0.5390827423167849,0.45626221038065873,0.4348038244773754,0.3793103448275862
Epilobium nutans,39,25,0.8453333333333333,0.0849993464027159,0.79,0.5766666666666665,0.5599999999999999,0.558989898989899,0.42909292728369886,0.4235897435897436,0.42666666666666675
Herniaria hirsuta,43,25,0.8453333333333333,0.09260669522232183,0.86,0.9099999999999999,0.52,0.6242857142857142,0.6026000907882194,0.5539593739593739,0.4933333333333333
Reynoutria sachalinensis,725,323,0.8452990086205124,0.023015687147256395,0.7971865553260902,0.6578499278499278,0.3897596153846154,0.48872693455453015,0.39294155062444547,0.3728314773440545,0.32268520696626163
Potamogeton crispus,80,59,0.8452861952861953,0.06312950912468639,0.7839539007092198,0.6571428571428571,0.35757575757575755,0.45289739500265813,0.3616963314813725,0.3320105976887152,0.28408369408369405
Fissidens dubius,142,116,0.8452325441833948,0.032887227320941216,0.8124357176250584,0.7259485612426789,0.405072463768116,0.5165006182653242,0.44116088674662884,0.41253079524748537,0.35339544513457555
Brachythecium rutabulum,253,198,0.8452181002779208,0.018366504217736765,0.8156436589443515,0.7364295125164689,0.4091025641025642,0.5256085244137481,0.45099409114745825,0.4227198852581254,0.36026336740693676
Cynara cardunculus,67,55,0.8451790633608816,0.04715171987952543,0.7954545454545455,0.67,0.4545454545454546,0.5269565217391305,0.4242380773996488,0.40357017358914893,0.3636363636363637
Chenopodium album,813,608,0.8451395861350335,0.011526516130871118,0.8034586491579419,0.6719274100981418,0.41784311068960844,0.5144221745103682,0.4178738631150362,0.3998026023564248,0.34985876626690793
Poa compressa,282,161,0.8450684153064147,0.04677270428830975,0.8245276162790697,0.8013318552792237,0.39772727272727276,0.5288858295091086,0.4781358730542209,0.4365849984575723,0.36465167135270227
Anthriscus cerefolium,73,60,0.8449074074074074,0.041718075281736315,0.8,0.6432323232323233,0.4333333333333333,0.5081313684894248,0.40830736574310683,0.3925182863113898,0.3555555555555555
Gentiana utriculosa,299,188,0.8448861705207769,0.04181199899128844,0.8204503311258279,0.7755614973262032,0.4046941678520626,0.5310146840455371,0.4684564175608813,0.4328023623304868,0.3638281754373976
Campanula medium,26,21,0.8448717948717949,0.11919630050430212,0.8323529411764705,0.8333333333333333,0.42000000000000004,0.5442857142857143,0.503017219127203,0.4569433356417491,0.38794871794871794
Porella arboris-vitae,25,22,0.8448351648351649,0.06741970943383316,0.7960784313725491,0.6666666666666666,0.37,0.4714285714285714,0.3855880262302064,0.36078123450484095,0.3095604395604396
Alnus incana,905,569,0.8448205410606455,0.011240801261994823,0.8238172353961828,0.7687309131811804,0.4217823319360347,0.5438993981191603,0.4774986618077963,0.4463095313977603,0.3795998963749915
Digitaria ischaemum,36,33,0.844749373433584,0.04392230397677501,0.7951566951566951,0.6333333333333333,0.4523809523809524,0.5222222222222221,0.40928994311901334,0.3971628236553076,0.36132832080200494
Zygodon rupestris,27,24,0.8446666666666667,0.09204376362235904,0.8021052631578947,0.8,0.32999999999999996,0.4585714285714285,0.4155112297232397,0.35723343675839203,0.28809523809523807
Crepis mollis,115,53,0.8446664222873901,0.04423238751893909,0.7879291251384275,0.7466666666666666,0.24727272727272726,0.3676190476190476,0.3402951072012909,0.27681662436132604,0.21602272727272726
Rosa dumalis,143,90,0.844650205761317,0.05007657263864325,0.8,0.7568986568986569,0.37777777777777777,0.4807670250896058,0.4217314779179853,0.37415669110021266,0.31851851851851853
Hieracium picroides,32,21,0.8445512820512819,0.052763069337033106,0.7970588235294118,0.5700000000000001,0.47000000000000003,0.47242424242424236,0.40249435322528787,0.378024097705653,0.3738461538461539
Fragaria vesca,6418,3825,0.8445353496518434,0.006872438576132401,0.8104575163398693,0.7089527544881098,0.41254901960784307,0.5211144776973059,0.43687623378094564,0.4130670312453632,0.35564270152505445
Calliergon giganteum,52,33,0.8444486215538847,0.09789763382675526,0.7652421652421653,0.4,0.06190476190476191,0.10714285714285714,0.1393290287472017,0.08666278392545135,0.06190476190476191
Myosotis discolor,40,30,0.8444444444444447,0.09229582069908972,0.8416666666666666,0.8833333333333332,0.4333333333333334,0.5593650793650793,0.5341004324855488,0.48282051282051286,0.4111111111111111
Sambucus ebulus,4759,2598,0.8444212665106081,0.004625279147012518,0.8069666831938246,0.7054958530403507,0.3926033792796798,0.504213418873815,0.4225967078727135,0.39619321973178967,0.33768905926446324
Cerastium glomeratum,570,451,0.8442948084670101,0.01040265744483695,0.7993259464450599,0.6511416393113151,0.42568986568986567,0.5129878748702278,0.4089904574083425,0.394119918721651,0.3495521043122519
Stachys palustris,680,419,0.8442766004891,0.014851086028190484,0.801915422885572,0.699418970087663,0.36755593803786574,0.48121062854807317,0.4029530025320668,0.37307692345443505,0.31424220882772214
Coriandrum sativum,190,167,0.8442400063535764,0.03863635385656365,0.7979688026035238,0.6503813296682568,0.4310160427807487,0.510159125916897,0.40860353693552287,0.3914275569929453,0.35115465664213485
Lewinskya speciosa,87,68,0.8441523720182257,0.04939662946530339,0.7942087542087541,0.7980952380952381,0.25384615384615383,0.3621465428276574,0.35280621794761347,0.2859555651763082,0.2294559099437148
Hippophae rhamnoides,395,281,0.8441485290784018,0.013600051495468262,0.8122698412698413,0.714934644873793,0.4163533834586466,0.5250520217437138,0.4425938813543221,0.4182973283162307,0.3605771084516024
Trifolium montanum,1960,1172,0.8440359473415185,0.009670666838496704,0.8118613367072246,0.7154622303751601,0.4103800691034733,0.5213430216398217,0.4398050932505055,0.41488630437030344,0.35606010919140824
Lotus maritimus,437,246,0.8440194513547283,0.014744117421313069,0.8231637832798094,0.7937750831326682,0.4103673469387755,0.5329492025240781,0.4784456627194397,0.43837339321537155,0.3711138076852362
Succisa pratensis,2282,1127,0.8440186948091872,0.013494492124557831,0.8076758762744525,0.7143179520064654,0.38593117010816125,0.49999233720519776,0.4231880357504685,0.3940778637290719,0.33416825855090815
Triglochin palustris,121,92,0.8439040783777626,0.04300261062724708,0.8506479081821547,0.8604700854700855,0.48830409356725146,0.619067969067969,0.5702097520049036,0.5350321589935028,0.45927811954127745
Apium graveolens,130,115,0.8438563327032137,0.03624672992470342,0.7956521739130434,0.6641520755459374,0.4434782608695652,0.5149939658827749,0.41559672433691575,0.39396250464783994,0.3565217391304348
Platanthera chlorantha,849,519,0.8437583472612777,0.014171465715862542,0.8126170064874885,0.7015867654880745,0.4373039581777446,0.5384276036499681,0.447784869587848,0.42872029573263204,0.3750111063350535
Chamaenerion dodonaei,806,535,0.8437126968876466,0.012467791828712563,0.8186915887850468,0.780881508247097,0.38130841121495324,0.5114841133709058,0.4569901298593765,0.4163269690131738,0.34579439252336447
Juncus tenuis,272,216,0.8436487057200956,0.022650643186514576,0.8043957521172201,0.7684126984126983,0.31501057082452427,0.4449059268196648,0.40320718092237684,0.35093244433576254,0.2826313221662059
Orthodicranum montanum,119,84,0.8436239907727797,0.05173468733029098,0.8064091308165058,0.7279220779220779,0.3323529411764706,0.4488985507246376,0.39824804311711615,0.35728983966644995,0.29674509803921567
Aconitum variegatum,113,81,0.8436133828531412,0.055421411314455354,0.8087980769230768,0.7557142857142857,0.3477941176470588,0.4680468227424749,0.41807017932021695,0.3744881241717189,0.310719287715086
Dipsacus fullonum,1679,1201,0.8435941717092466,0.007805766833124837,0.7926740808185917,0.6451430402629481,0.3813174273858921,0.47882845212853986,0.3796482532153746,0.359999472643403,0.31109628391232147
Glyceria striata,564,121,0.843560502283105,0.04275695817378649,0.8058848797250858,0.727073906485671,0.34633333333333327,0.45138116293443636,0.39888326796617657,0.36013919579816145,0.30512328767123287
Potamogeton lucens,100,35,0.8435374149659864,0.07427126021200643,0.8071428571428572,0.73,0.4,0.5139393939393939,0.43514562659810896,0.40412796697626413,0.34285714285714286
Pulicaria dysenterica,311,218,0.8434205524636911,0.02018766567970158,0.8141937602627257,0.7553029238451232,0.3757928118393235,0.49995337995337996,0.43982689908274597,0.40233393823867136,0.33603943544472575
Amaranthus hybridus,102,91,0.8433079331324945,0.02315952442974001,0.80220700152207,0.7365079365079366,0.3391812865497076,0.45612794612794605,0.39997281002037977,0.35630246668519205,0.2951408825093036
Poa annua,832,679,0.8431984094296666,0.013985433261099897,0.8100144892211029,0.7212287152358947,0.3917647058823529,0.5072677148760414,0.431197644311564,0.4022429631091137,0.341207062677651
Spiranthes aestivalis,99,68,0.8431948539265612,0.06458621639767402,0.8123905723905723,0.751082251082251,0.3989010989010989,0.5133583959899749,0.4469726091301592,0.4110713005895798,0.3497547574376843
Holcus lanatus,1687,973,0.8431048244468158,0.0264309059756283,0.8129537902062826,0.719870318048346,0.4142320909331218,0.5249982922967057,0.44429254608799085,0.41906007072701523,0.3601066415569617
Solidago virgaurea,4031,2587,0.8430082216595085,0.00809838436556461,0.8201584933326795,0.725533610647689,0.45265826755188454,0.5570102455701172,0.4717946717088438,0.451750320279693,0.3953187982175068
Trifolium incarnatum,1548,1257,0.8429354090810662,0.009990623050196051,0.796939161053579,0.6388180103439043,0.4359545943211282,0.5175186020116426,0.40671745114123165,0.3947586989633921,0.3532188098954603
Cypripedium calceolus,911,369,0.8429112241164421,0.014149480662631575,0.806921667430142,0.7603323558162267,0.33050721954831547,0.4606038820992092,0.4118044499072731,0.3647891355117602,0.29619553229545176
Viola hirta,719,565,0.8429059962931056,0.007513391715760231,0.8030973451327433,0.7157008887556644,0.3486725663716815,0.4673724104977797,0.4005725936539039,0.3647972534945911,0.3032448377581121
Mentha spicata,129,121,0.8427585616438357,0.016916988370670686,0.7995274914089348,0.6507936507936508,0.40366666666666673,0.4915172314985116,0.39749785878713434,0.37865250441464604,0.334869101978691
Didymodon rigidulus,50,40,0.8427083333333332,0.0432511239417223,0.7875,0.8333333333333333,0.2,0.3107070707070707,0.3275640920328967,0.2401788785689715,0.1833333333333334
Trifolium resupinatum,240,211,0.8427046771423783,0.01896278744474303,0.7938292476754015,0.6294092201211223,0.4501661129568106,0.520575169086246,0.40571750125246986,0.39448455858878156,0.35844007871109135
Tortula acaulon,30,25,0.8426666666666668,0.06045751492669137,0.8400000000000001,0.9,0.39999999999999997,0.55,0.5304215544815503,0.4717948717948718,0.3866666666666666
Equisetum pratense,33,27,0.8426470588235293,0.21437576746247453,0.8151515151515151,0.55,0.32,0.37777777777777777,0.37044551854959834,0.3427605541380189,0.3075
Cirsium palustre,3374,2013,0.8425844763041027,0.004744411252099254,0.815947349549487,0.7253442719308746,0.4242731750675901,0.5349535699862535,0.45425034108671103,0.43004638167122333,0.3707875750632007
Orthotrichum diaphanum,48,34,0.8425623582766439,0.06202606208244964,0.7939153439153439,0.6842857142857143,0.4428571428571429,0.5122655122655122,0.4197491913095785,0.3914627241362272,0.3547619047619047
Hyacinthoides non-scripta,27,26,0.842388888888889,0.09361195185906657,0.8171428571428571,0.7099999999999999,0.4666666666666667,0.5433333333333333,0.46580058321499307,0.4405839562149746,0.4033333333333333
Valerianella dentata,48,36,0.8423778602350032,0.08501048192982008,0.7849753694581281,0.7166666666666667,0.2785714285714286,0.39070707070707067,0.3419202116680179,0.2880722508776587,0.23268398268398266
Orobanche lutea,125,31,0.842244500139237,0.11640881157637734,0.7503333333333333,0.6,0.12380952380952379,0.20317460317460317,0.17500863510681083,0.11305689524991322,0.08170426065162906
Dianthus carthusianorum,2402,1474,0.842208432397333,0.013188695535558808,0.8027460789810382,0.6991119284516116,0.3724616626311542,0.4857498247801549,0.4062079470644104,0.37737669918360306,0.31863749411107334
Viscum album,1377,954,0.8421910718715401,0.011755499676294367,0.8071267317628814,0.7015854776574416,0.40044089280793604,0.5091396819314046,0.42489559441090075,0.400138851451571,0.34314156037771365
Geum rivale,6186,3759,0.8421848931050461,0.00982300716144479,0.8008111834796822,0.6652372641041956,0.4096856673371675,0.5070135716558155,0.40899727291592647,0.39091453531173515,0.34087219530496166
Ranunculus villarsii,25,22,0.8421428571428573,0.06859370235596128,0.807843137254902,0.7333333333333333,0.47000000000000003,0.5193650793650793,0.4611024931139921,0.4165649411838782,0.3952747252747253
Arenaria leptoclados,38,32,0.8418671679197995,0.039707198072376375,0.8283076923076923,0.8666666666666666,0.4095238095238095,0.5176767676767676,0.49836083465247716,0.43868037758032796,0.37847117794486207
Centaurium erythraea,594,449,0.8417258046744888,0.027094893713703674,0.8112457443515939,0.7214539771749726,0.3985518102372035,0.5123714400023828,0.43559175073250406,0.407592944389619,0.34733605917015137
Allium schoenoprasum,731,505,0.8417213998627586,0.018008564647911486,0.8252475247524751,0.7405622974853754,0.46336633663366333,0.5689817934469321,0.48757678500464874,0.46690329343985626,0.4092409240924093
Petrosedum ochroleucum,39,20,0.8416666666666668,0.10752906583803283,0.775,0.4,0.15,0.21333333333333332,0.19055921354158983,0.16444444444444445,0.13333333333333333
Symphytum officinale,1552,1073,0.8416550100364086,0.009079092711453145,0.7965941315184621,0.6702839100646837,0.3671419256683329,0.47377220183733015,0.38638405349222565,0.3610099849389877,0.3068698122249436
Plantago media,5324,3379,0.8416038360360896,0.007843308963202648,0.8122963855632687,0.7107826074055168,0.4220267367959676,0.5290473386717887,0.4438840488846682,0.42125872915388873,0.36441665242219295
Carex hirta,463,316,0.8415910725888794,0.04667975408141086,0.8164659012485099,0.7673287496816908,0.37648809523809523,0.5011323617929588,0.4463184178505563,0.4064995607994481,0.3396014341409078
Arabidopsis thaliana,250,185,0.8414414414414415,0.03573416425415948,0.8040540540540541,0.6815554815554815,0.41621621621621624,0.5144974279405898,0.42122546294986823,0.4008951106781159,0.3495495495495496
Jungermannia atrovirens,35,31,0.8413673071567809,0.11099443975672695,0.8223333333333332,0.76,0.41904761904761906,0.532121212121212,0.46985836775095563,0.4361951141020909,0.37635756056808684
Turritis glabra,220,155,0.841276448144294,0.019979429219652567,0.8016129032258066,0.7024089635854341,0.367741935483871,0.4803010033444816,0.40341849746834646,0.3722986219691228,0.31397849462365596
Legousia speculum-veneris,197,146,0.8412680911372945,0.03472649474466173,0.7859269083407013,0.606525641025641,0.3988505747126437,0.4724001924001923,0.3647414224180803,0.34973682626952945,0.31426332288401254
Bupleurum longifolium,91,45,0.8411522633744856,0.09716118231027955,0.8166666666666667,0.8699999999999999,0.3333333333333333,0.47382617382617387,0.45751098925345435,0.38840203274985885,0.3111111111111111
Scabiosa ochroleuca,77,38,0.8411067193675891,0.11523543740190212,0.835483870967742,0.7422222222222222,0.5464285714285714,0.6121784098254687,0.5325063106694629,0.5127184744053814,0.47646809712027105
Rumex sanguineus,413,333,0.8410521660768792,0.033325283503361794,0.8100870152910365,0.6691116088092571,0.4655811849841701,0.5464724451996804,0.44484324803530884,0.4325222400052585,0.3904907327228635
Galium odoratum,10157,6087,0.8410411495250096,0.01175777950308037,0.8008455960961587,0.6805751215092213,0.3824558491971294,0.4893551575171868,0.40202956999775463,0.37771152017696374,0.3227657386816533
Malva moschata,595,475,0.8410341643582641,0.0160700052387641,0.8094736842105263,0.7285612570387007,0.3789473684210526,0.49778324561550613,0.42708080634112744,0.39466976509348617,0.33192982456140346
Picris hieracioides,648,486,0.8409770869039578,0.031136523125080442,0.8014496594492885,0.6961154579739043,0.36027771933515673,0.4737903155144535,0.3975939424793255,0.3671973568408228,0.3088325373928699
Dryopteris borreri,117,105,0.8409674981103553,0.04488446878367996,0.7976190476190477,0.671037851037851,0.3714285714285714,0.46751603867353386,0.38724488423407155,0.3592987964416536,0.311111111111111
Rumex pulcher,40,35,0.8408163265306122,0.08124625103038703,0.8357142857142857,0.76,0.48571428571428565,0.5822066822066823,0.5137078449841257,0.49201754385964913,0.43809523809523804
Campanula glomerata,4925,2468,0.8408153066382493,0.007096975971784871,0.806725764046529,0.7028175776239349,0.39344917919701733,0.5041634087093941,0.4217208491963871,0.3958794601642362,0.3379392972691745
Fontinalis antipyretica,147,77,0.8408102065988283,0.053463973605303694,0.7987837123215231,0.8466666666666667,0.2483333333333333,0.37974937343358395,0.3827392626187945,0.3005103649193285,0.23094202898550725
Lotus pedunculatus,466,234,0.8407705162486984,0.020900289756304712,0.8301342587325065,0.8298654244306418,0.40185013876040704,0.5410455915372885,0.49712578581531836,0.45224730520236633,0.37478833531562483
Viola tricolor,526,381,0.840741342580454,0.007908628169079182,0.8254637618636755,0.7736702912503505,0.43304853041695146,0.5517973729777239,0.48562317550038314,0.4544688286409343,0.38929230579425933
Mnium hornum,112,96,0.8407377336262616,0.03599774446106962,0.822863978127136,0.7626623376623377,0.4373684210526315,0.5519612794612795,0.480769578424946,0.4515293904055646,0.38860859044162127
Convolvulus arvensis,1854,1378,0.8406947934815946,0.018581793478611407,0.7944490607203913,0.6459350735715526,0.3962766798418972,0.49021354670131306,0.38866542579900265,0.3708495047909813,0.3234638349080513
Festuca filiformis,83,51,0.8406392961876833,0.04980376179505305,0.838170731707317,0.86,0.38545454545454544,0.5150144592249856,0.500372266897694,0.4448398436564457,0.372336265884653
Marchantia quadrata,92,79,0.8405924940898345,0.0579059316906951,0.8196428571428571,0.8466666666666667,0.3675,0.48152140519601955,0.46423418963503477,0.4000357875008101,0.33789007092198575
Galium aparine,1589,1196,0.8405456065125041,0.012608300389404394,0.8060192897085121,0.6948700261828373,0.3996338912133891,0.506952585227547,0.42085707508541254,0.3971124229285953,0.3411023278671965
Pseudoleskeella nervosa,61,56,0.8405309782315129,0.06881162280175782,0.7678787878787879,0.6666666666666666,0.23333333333333334,0.33518458665517487,0.28025819839529686,0.22772936174945105,0.17950089126559718
Oenothera glazioviana,560,481,0.8404569053907697,0.03241747916408183,0.7926068722943722,0.6594525420501535,0.36999570446735397,0.4719326627381399,0.37929017752315325,0.35499695139089543,0.3034491838983421
Sedum sexangulare,843,597,0.8404394150090905,0.008453065679016476,0.8065243897090427,0.7061675648936447,0.38855742296918766,0.4993009244580726,0.4200025137586456,0.39229080611583217,0.3343892649884529
Euphorbia stricta,414,332,0.8403760150821953,0.041460316590348,0.8215434813448717,0.7834815683409151,0.39470827679782905,0.5239181696970286,0.4674557934973846,0.4289320754768166,0.35854244765210036
Thesium rostratum,42,28,0.8402696078431372,0.1326413796010441,0.8031620553359684,0.9,0.24666666666666665,0.38095238095238093,0.4006890992202055,0.3066290229756322,0.2349019607843137
Silene glareosa,88,65,0.8402366863905325,0.040785978778896476,0.7807692307692308,0.6088888888888888,0.3384615384615385,0.41809583246654186,0.32841460069663964,0.30527777777777776,0.2666666666666667
Fraxinus angustifolia,48,44,0.8402105096549543,0.1412372930750438,0.834920634920635,0.7380952380952381,0.4916666666666666,0.576107226107226,0.5053486411576105,0.48399612435089845,0.4386752136752136
Trigonella foenum-graecum,34,31,0.840072403230298,0.10733025966892269,0.782,0.6428571428571429,0.40952380952380957,0.45,0.364940872814896,0.3326742213406727,0.3130325814536341
Valeriana officinalis,2238,1439,0.8400332564504402,0.01166232502696673,0.8128909643788009,0.7454551501926157,0.38221544715447153,0.5050406052082728,0.43861236656871255,0.40418181019792937,0.3386668870068384
Solanum tuberosum,26,25,0.8400000000000001,0.06746192341692543,0.8299999999999998,0.7499999999999999,0.5200000000000001,0.5930735930735931,0.5186186820364813,0.49313186813186805,0.4533333333333333
Trifolium dubium,519,430,0.839976563908419,0.028610329282005683,0.8005813953488371,0.6713125997492575,0.39069767441860465,0.49338609698321934,0.4020579637633645,0.38043940196152587,0.32790697674418606
Puccinellia distans,29,26,0.8399444444444445,0.021896501778216917,0.7885714285714286,0.8,0.15333333333333332,0.2571428571428571,0.3101826195425574,0.2093347265761059,0.15333333333333332
Alliaria petiolata,14819,8527,0.8399027016694142,0.007950202425283473,0.7920426385980729,0.6329920180779588,0.39897212872972054,0.48890426298425654,0.3825331348939772,0.36694755646669075,0.3220399492357436
Cephalanthera damasonium,1222,849,0.8398984951328977,0.010085562517398462,0.8097738889370181,0.7415974729083799,0.3698503306648103,0.4923347782322326,0.4276152549552886,0.39117300745833167,0.3262685285923114
Persicaria lapathifolia,245,188,0.8398304606589424,0.03729767048739131,0.7899072847682119,0.6808849045691151,0.30910384068278807,0.42006527543805366,0.35317966651630234,0.3148321852370523,0.2594198963085782
Geranium pratense,900,647,0.8397126951585143,0.015342604204897846,0.8102738549547059,0.7206084709988192,0.39251043530113294,0.5068953760146395,0.4312993583644433,0.4024102965450062,0.3420188231844182
Trapa natans,99,32,0.8396491228070175,0.08380307802196464,0.8516923076923076,0.8699999999999999,0.5,0.6212121212121211,0.5771596453847645,0.5388144242312825,0.46842105263157896
Scorzonera humilis,192,133,0.8395877060117567,0.04488972514986285,0.7969317580673603,0.7538023088023088,0.29230769230769227,0.4154581308804075,0.37619612696544663,0.3207643701886372,0.2571178188899708
Tanacetum coccineum,24,22,0.8395604395604396,0.091381406896511,0.7836601307189544,0.49000000000000005,0.44000000000000006,0.4533333333333333,0.3324480265241786,0.3331397324315155,0.3334065934065934
Secale cereale,352,286,0.8394830223088403,0.023408199057811874,0.7937255803263618,0.6501925873241662,0.38124621899576533,0.4784236979082908,0.38213715712672236,0.36132708281758286,0.3124443694105619
Lilium martagon,6897,3310,0.8394629475817125,0.009170613499578413,0.8132930513595167,0.7133177920254895,0.4235649546827795,0.5314064021165994,0.44668045727012845,0.4241528797016646,0.3667673716012085
Eupatorium cannabinum,7031,4344,0.8394033773214173,0.009153011615840092,0.8023139472311678,0.6811145034279472,0.3945723937149008,0.4994132039130775,0.4095133124812514,0.3869776201514837,0.3328016901866175
Schistidium crassipilum,56,50,0.8393333333333333,0.061946213228359116,0.7649999999999999,0.6533333333333333,0.18000000000000002,0.2683782883782884,0.2363513564109958,0.1795648409561453,0.14000000000000004
Dicranodontium denudatum,72,59,0.8391233766233765,0.05131995376889529,0.8304964539007094,0.8166666666666667,0.4242424242424242,0.5473707664884135,0.5009829821552043,0.4590021223735684,0.3905916305916306
Medicago sativa,3115,2271,0.838860796855695,0.013804287370817823,0.7939243658157538,0.63866541913099,0.40466766713462754,0.49536659826281176,0.38939134048646584,0.37399071470752987,0.32834459987455616
Salix pentandra,77,57,0.8388515406162466,0.03786260092001705,0.8114009661835748,0.8583333333333332,0.33181818181818185,0.4611416361416361,0.44207056817196494,0.3735622257689847,0.30240641711229943
Comarum palustre,1110,315,0.8387839086251784,0.020002465063638362,0.8126984126984127,0.7290164872314974,0.4095238095238095,0.5218819353082537,0.44488085185504145,0.41664239419001153,0.35661375661375655
Ranunculus flammula,445,249,0.8387124832214766,0.021533671539301323,0.8283115577889447,0.8224220224220223,0.39763265306122453,0.5350583374695603,0.49019778908117484,0.4456570225555332,0.3695073734191663
Poterium sanguisorba,2887,1750,0.8386296598639456,0.008696775491377795,0.7972857142857143,0.680720563469588,0.356,0.4671355439218009,0.3856955525835394,0.3569605416044345,0.30038095238095236
Hieracium amplexicaule,107,81,0.8386073179271708,0.01797550976396745,0.7899519230769231,0.63003663003663,0.34705882352941175,0.4397281359320339,0.3531026202426507,0.3292890785276384,0.28523909563825534
Sorbus aucuparia,10267,5701,0.8385025064063752,0.010186139943433736,0.8041573485346781,0.6776975704575486,0.4127396712640497,0.5127409526661246,0.4185700404209268,0.3992363821190178,0.3473705972099189
Salix triandra,121,93,0.8384324447482342,0.0475607191639725,0.8280720720720721,0.8444444444444444,0.37777777777777777,0.5150574712643677,0.4855833702884766,0.43214475427972027,0.3562193362193362
Scapania aequiloba,31,26,0.8383888888888889,0.07529825469752822,0.8176190476190476,0.9333333333333332,0.3133333333333333,0.4523809523809524,0.46441531559995664,0.3786651293775684,0.3008333333333333
Calliergonella cuspidata,371,214,0.8383722405719093,0.05996357828958608,0.8048891608867128,0.7420563097033686,0.3461794019933555,0.4677546253662143,0.4099210283234645,0.3678510835791406,0.3041130260243633
Ligustrum vulgare,6510,4367,0.8383541606248229,0.005928758646470888,0.7939092347750535,0.6564856401050109,0.3679927444489005,0.4714766262338159,0.37898410059854293,0.355929960353751,0.3038754417470007
Helianthemum nummularium,3235,1868,0.8383336377376276,0.01544194376051706,0.8126364991739532,0.7275890697724329,0.3999268827687058,0.5159967846960613,0.4402674493957418,0.4118633313138744,0.3501411366236822
Carex flava,490,355,0.8382992792435363,0.027632000158162556,0.8070422535211268,0.7752314895540702,0.3267605633802817,0.45793317326930777,0.4145749891498037,0.3633842448184789,0.29389671361502345
Equisetum fluviatile,413,217,0.8382806302520487,0.04973785044351789,0.8122251013221714,0.771902250394645,0.34513742071881603,0.474792527196027,0.4281598025250788,0.38196794805231116,0.31290019229838156
Carex umbrosa,117,106,0.8382341699305986,0.01919843697426447,0.8182633053221288,0.7495670995670995,0.40692640692640686,0.5231385281385281,0.4566333614886334,0.425163903345379,0.3628291847041846
Crepis capillaris,408,349,0.8381414801826701,0.01618380426815695,0.8008755760368663,0.6706918267686302,0.40124223602484477,0.5015981324238205,0.40714469892831495,0.3869634165917408,0.3353411195974124
Nuphar lutea,351,194,0.8380508334019433,0.016113226051451577,0.8054011579818031,0.7271794871794872,0.36545209176788124,0.4782562982987796,0.41351586484399155,0.3763787837390325,0.31736780058014175
Diplotaxis muralis,49,42,0.8380085470085469,0.0445578074296376,0.7857397504456328,0.593968253968254,0.4027777777777778,0.4606690368455075,0.35809896042497136,0.34166673498500755,0.3150854700854701
Orthodicranum tauricum,39,31,0.8376914508493456,0.121832148625351,0.7743333333333333,0.7833333333333333,0.22857142857142856,0.3395382395382395,0.3177805388542164,0.2413886650587213,0.18471177944862158
Solanum lycopersicum,42,37,0.8376693958215696,0.05359858676618514,0.8379310344827585,0.8361904761904763,0.4821428571428571,0.5898412698412698,0.5386491701898448,0.4991914799018546,0.4366883116883117
Sphagnum fallax,42,24,0.8376190476190477,0.10426723036888524,0.8342105263157895,0.7,0.37,0.4809523809523809,0.45332516226520436,0.41942283949703485,0.3566666666666667
Ornithogalum umbellatum,198,183,0.8375986745711517,0.02137826154752335,0.815590345727332,0.6948033448033447,0.47027027027027024,0.5592941944040387,0.46294178090999694,0.4485531102164992,0.4009958749408291
Alisma plantago-aquatica,354,193,0.8375191452856567,0.03294590349667324,0.8018014243820696,0.6760978835978836,0.38272604588394066,0.48593440457847237,0.4005733490361979,0.37663978765875533,0.3239854161987832
Mesoptychia bantriensis,27,20,0.8375,0.04039733214513606,0.7625,0.6,0.15,0.24000000000000005,0.2246845792527763,0.16000000000000003,0.11666666666666667
Veronica hederifolia,466,357,0.837498841852098,0.027408266915785857,0.7913213102686786,0.6535543924864213,0.3726917057902973,0.4645924609402597,0.3751191239226814,0.3493266083362262,0.3036067242645421
Euonymus latifolius,199,143,0.8374552708011833,0.020548561906291504,0.8059344012204424,0.7683028083028083,0.32118226600985217,0.4501829985664359,0.40749452236519035,0.3565128260118122,0.28854204713160325
Carduus nutans,339,214,0.837421826040674,0.0422539695489923,0.8107711138310894,0.7527895826522829,0.364562569213732,0.4908758249946775,0.43037396039481013,0.39129344583602,0.32405869324473974
Argentina anserina,814,645,0.837409610800633,0.016160596785943983,0.7837209302325582,0.641507025263176,0.3069767441860465,0.41513958480116403,0.333124005728972,0.3021170650134695,0.2496124031007751
Lemna minor,192,153,0.8374004490133522,0.051248805294842575,0.8154071704651473,0.755304777781558,0.386236559139785,0.5085600907029478,0.4461808282180996,0.4103054080278644,0.34483665469640223
Carex caryophyllea,733,466,0.8373896672466425,0.011303654255910036,0.807944881662775,0.7421104852197289,0.3561198810340883,0.48012296736984894,0.4190637495580395,0.38002690161163893,0.31464010632850714
Carthamus tinctorius,109,86,0.8373771429134751,0.05345966623633917,0.7529838022165387,0.5338360985419809,0.36993464052287583,0.4215209740529433,0.28878520763430626,0.27400547267719944,0.2499497234791352
Echium plantagineum,55,53,0.8373350439882697,0.05537166670396324,0.778405315614618,0.6138888888888889,0.3563636363636363,0.44526315789473686,0.3400297691821125,0.31825119223273984,0.27450879765395897
Sarmentypnum sarmentosum,30,25,0.8373333333333333,0.10512215117027748,0.76,0.6133333333333333,0.32,0.33999999999999997,0.3090711234960047,0.246013986013986,0.22666666666666666
Vicia dumetorum,99,86,0.8373298238350142,0.06907497437284325,0.8083120204603581,0.7611721611721612,0.407843137254902,0.5145928853754941,0.4490209334866419,0.4087300436226059,0.3500754147812971
Oxyrrhynchium hians,84,66,0.8373133276979431,0.04524351268067366,0.7992017416545718,0.7059523809523809,0.3362637362637363,0.44650744508329643,0.3846487961677562,0.34768229742834206,0.2908791208791209
Polygonatum odoratum,1213,725,0.837235037653587,0.019109445432236808,0.8082758620689654,0.7116795442197847,0.3944827586206897,0.5057498092814869,0.4267546541172186,0.3991868626516176,0.3406896551724138
Raphanus sativus,57,42,0.8371666666666666,0.07590206490465277,0.7978609625668449,0.6771428571428572,0.45,0.5263986013986014,0.42612696824528185,0.40433944480091366,0.3632307692307693
Plantago lanceolata,4072,2391,0.8371262930444743,0.010497189576534924,0.8052076521138127,0.7020383398705047,0.38270804762362315,0.49431100622187063,0.4145289025574188,0.38684789467304764,0.32875560349667143
Delphinium elatum,170,137,0.8370916884728228,0.04256422981174341,0.7902585487906589,0.723414820473644,0.2788359788359788,0.3936747463063253,0.35098859692937356,0.2983947907428669,0.24004667528029264
Lathyrus sphaericus,44,22,0.837087912087912,0.05507950582860555,0.7849673202614378,0.5333333333333333,0.19,0.26095238095238094,0.26250547912650485,0.2132252709696319,0.17461538461538462
Pyrus communis,300,270,0.8370598994055785,0.031750768177081376,0.788888888888889,0.6092325695984233,0.4333333333333333,0.5050206841004916,0.385610270649947,0.3761794547090001,0.34074074074074073
Euphorbia exigua,104,90,0.837037037037037,0.043554378205426354,0.7805555555555556,0.6280642560054324,0.38888888888888884,0.4722149944563737,0.36354810696509604,0.342733152480242,0.3
Galium mollugo,1485,1115,0.8370340579272992,0.010815691778343703,0.8094170403587444,0.7251534524665366,0.3874439461883408,0.5043293198247513,0.4299218509608681,0.39936457648188617,0.3375186846038864
Plagiomnium rostratum,40,34,0.8367120181405896,0.06574671074765862,0.7793650793650795,0.5666666666666667,0.2095238095238095,0.3044444444444444,0.2693102364653362,0.22840431276549786,0.18
Carex distans,128,76,0.8366409017713365,0.041414879870408136,0.8519672131147541,0.89,0.47333333333333333,0.6160843214756258,0.5765464191574416,0.5342873482088173,0.4514975845410628
Euonymus europaeus,6899,4880,0.8366228696362985,0.002461638481958351,0.7896516393442623,0.6307356971041737,0.38278688524590165,0.47625295313052557,0.3718004435835168,0.3544196856975792,0.30806010928961747
Lipandra polysperma,193,168,0.8365949065494785,0.02737187264571693,0.8066003316749585,0.6693139469226426,0.44117647058823534,0.5312000132689787,0.43080886676202057,0.4164137467598598,0.3697507280139779
Scirpus sylvaticus,610,448,0.8364998673840466,0.013188726772613955,0.8046809106612098,0.7338164001321896,0.3458676654182272,0.4676855622932191,0.40712255356449145,0.36715861773257,0.3034579666999228
Ficaria verna,2241,1632,0.836493697406161,0.004286748684314369,0.7958024560971173,0.6479567910871339,0.402557175287518,0.4962049836538207,0.3938522283616378,0.3768663934993717,0.3294373737407502
Sedum acre,792,598,0.8363351155653435,0.02181977791614451,0.8010045335033761,0.7118178990815022,0.34274509803921566,0.46093812245155136,0.3939599550409668,0.35747577184272716,0.2964822014145133
Sciuro-hypnum populeum,69,58,0.8363305322128852,0.046709287358804266,0.7933395004625347,0.7424242424242424,0.3090909090909091,0.3946444575600586,0.3588877679283189,0.30793875526096187,0.2632085561497326
Rosa spinosissima,497,330,0.8363024181206,0.012355662993062516,0.8045454545454545,0.7276847290640395,0.3515151515151515,0.4718147352354876,0.40769116477383893,0.3698882229762632,0.30707070707070705
Geranium pusillum,200,176,0.8361852850154736,0.017213136137456914,0.7926139817629179,0.6438241106719367,0.38634920634920633,0.48095085584142916,0.38108643028192174,0.3618249265562111,0.31441749026654686
Melilotus albus,1510,1095,0.8361835658138904,0.020680417365076687,0.8038812785388127,0.700392124844646,0.3799086757990867,0.49164681398409904,0.4112530651152202,0.3832393348703754,0.3251141552511415
Arctium tomentosum,518,334,0.8359976035696686,0.04517851829057191,0.8270864777237408,0.7486257928118393,0.4642243328810493,0.5723926523926524,0.49308313020397493,0.47163893553822567,0.4123089099954772
Verbascum lychnitis,1287,895,0.8358228519709122,0.007335904785606092,0.806145251396648,0.7014081338533159,0.38994413407821227,0.5006397008530508,0.4188385699736715,0.39259524124984346,0.3348230912476723
Leptodictyum riparium,83,38,0.8357778091473744,0.05293239022658106,0.8356989247311828,0.8266666666666668,0.47857142857142854,0.5858941058941058,0.5327851114431702,0.4953680607072499,0.43430265386787126
Medicago lupulina,2182,1471,0.8356845734141668,0.006566926821924411,0.8055743877840007,0.7025701359320162,0.3895491756024444,0.4994875414098553,0.41824064445128306,0.39121668996574305,0.3338033287548341
Polypodium cambricum,45,24,0.8355238095238094,0.09280296343692766,0.7915789473684212,0.6,0.18,0.26666666666666666,0.2911952380295785,0.23084058798344512,0.18
Verbascum nigrum,2390,1732,0.8354842797948189,0.009627225085891896,0.7982107823985081,0.6737895127291182,0.379342339791108,0.4845175966692767,0.3951839660420926,0.3709941849935971,0.3171803126940472
Stellaria alsine,83,73,0.8354711567502265,0.04737554102375416,0.7945645821157218,0.74,0.35809523809523813,0.45348677335973153,0.39604253918696397,0.3485490962310814,0.2985814960233565
Paris quadrifolia,7597,4722,0.8353485240365766,0.00731790881218241,0.8019915896177485,0.6718160507628715,0.40767128508653927,0.5073031059634314,0.4117937998183823,0.39252896168954593,0.3411041776440348
Lolium perenne,759,585,0.8353422455986559,0.016548872249512004,0.8106837606837607,0.7476563537638189,0.3658119658119658,0.48961788026548625,0.4286141073600908,0.3904477849020793,0.32478632478632474
Entodon concinnus,38,34,0.835328798185941,0.030452982876271645,0.7867724867724869,0.55,0.18571428571428572,0.25888888888888884,0.2681678158027352,0.2171213073538655,0.17619047619047615
Centaurea cyanus,516,410,0.835326194725362,0.018780384061579218,0.7865853658536585,0.6237667489649781,0.3804878048780488,0.47202604169740814,0.36491502134893633,0.34770922053778813,0.30243902439024384
Eleocharis quinqueflora,117,93,0.8352946760841498,0.06584851437173361,0.8254414414414415,0.8606060606060606,0.37777777777777777,0.514221302047389,0.48619708157525354,0.42879371264682914,0.35271284271284276
Thymus pulegioides,1189,830,0.8352107224077031,0.013923757151556764,0.8087349397590362,0.7145951335486218,0.39518072289156625,0.5083521983977024,0.42902371540167134,0.40148113113496037,0.34176706827309233
Neotinea ustulata,1481,864,0.8351528332316585,0.020695093443711805,0.8191512677446608,0.7541727493552429,0.40969216292512434,0.5301694868451585,0.4614446765992157,0.4304304079452598,0.3653218636415303
Veronica sublobata,82,70,0.8350340136054422,0.018630018962760776,0.8,0.6822727272727273,0.3571428571428571,0.4484832535885167,0.38321786691326987,0.3519748088169141,0.30476190476190473
Cynosurus cristatus,886,592,0.8350321428498173,0.0161577338365115,0.8087037582180356,0.7567722324376543,0.3464178891895741,0.47423368103217706,0.42030821974730764,0.3769126631301841,0.30925378094459866
Conocephalum salebrosum,140,103,0.8350182569061471,0.053819445235795516,0.8180135174845725,0.7616239316239316,0.3980952380952381,0.5158152958152958,0.45554981437869646,0.4192813159179744,0.3559482259323613
Senecio nemorensis,52,48,0.8348549534756431,0.058697164889585,0.7812415654520918,0.6,0.18888888888888888,0.28717948717948716,0.2703718257566553,0.21776110016828915,0.16795292829775588
Sisymbrium austriacum,43,32,0.8347117794486214,0.08984044793277006,0.7578461538461537,0.3,0.06666666666666667,0.10714285714285714,0.10893360581731912,0.07660427807486628,0.05614035087719298
Viscaria vulgaris,74,55,0.8347107438016529,0.03884199830747015,0.8227272727272729,0.8866666666666667,0.34545454545454546,0.4890756302521009,0.4763868008034285,0.4069629629629629,0.3272727272727273
Tragopogon orientalis,984,609,0.83460720026968,0.012045219676053652,0.807889554650419,0.7347011393723649,0.3596396152282889,0.4806597106891374,0.41772949509714563,0.3805003323676816,0.3169492940964676
Aethusa cynapium,317,274,0.8345146264318475,0.025706419151962104,0.7983561643835617,0.6933063973063973,0.3464646464646465,0.46084790999425146,0.38650036579705044,0.3537980030067375,0.2953929539295392
Anthyllis montana,195,76,0.8344339774557167,0.05456028583515563,0.8093442622950819,0.8866666666666667,0.2783333333333333,0.41396825396825393,0.42113229640891375,0.3392821961251608,0.2652898550724638
Lathyrus sylvestris,425,317,0.8343947619922407,0.023883883350833957,0.8067878372910895,0.7111981517164445,0.3908234126984127,0.5014292559401963,0.4228706355998151,0.394241212485711,0.3361637268345384
Clinopodium acinos,297,220,0.834331955922865,0.021307999035090862,0.8147727272727273,0.7894685990338164,0.35,0.4834755657197881,0.43990900527407284,0.391494833004267,0.3196969696969697
Chaenorhinum minus,377,300,0.8341666666666667,0.030948594486436245,0.7841666666666667,0.6437516869095815,0.30999999999999994,0.4150536424733545,0.3348930868246376,0.30326402483191844,0.25222222222222224
Polygonatum multiflorum,2649,2010,0.8341068290388851,0.006716541040244989,0.8017412935323384,0.6779764112171263,0.39552238805970147,0.4992443574368098,0.40816143019923545,0.3861780672592408,0.33266998341625204
Cuscuta epithymum,190,144,0.833759841353238,0.04880389782744404,0.8072863568215892,0.7888461538461539,0.31945812807881774,0.44963171963171966,0.41423566706630605,0.3585018960607093,0.28938595486310004
Salvia rosmarinus,32,29,0.8337254901960784,0.11005154152313636,0.7927536231884058,0.6266666666666666,0.45999999999999996,0.5166666666666666,0.4076085074948333,0.39489783092724273,0.3671895424836601
Euphorbia platyphyllos,133,116,0.8335673778017822,0.06182151937414137,0.7930107526881721,0.7090909090909091,0.32753623188405795,0.4438318670576735,0.37618397589466446,0.3354579702424386,0.27556935817805384
Aster amellus,401,274,0.8331672975131955,0.021008363804824213,0.8166210045662101,0.7761423761423762,0.3722558922558922,0.502423014598546,0.4486418829502208,0.4071682726320791,0.3370009033423667
Cichorium intybus,1727,1197,0.8331276181696478,0.010831884891562088,0.7934422331441985,0.6633987387098228,0.35255578800557885,0.46018568507007795,0.37365328573531703,0.34704712519343683,0.292959319682583
Galanthus elwesii,29,26,0.8330555555555555,0.10908004762615141,0.8557142857142856,0.85,0.54,0.6509523809523808,0.5939111721512571,0.5659360885501605,0.5008333333333332
Onobrychis viciifolia,1745,1084,0.8330020543426718,0.018410763619974044,0.8012012395090864,0.7153124062187094,0.34042498719918074,0.460982475874006,0.39476573265943804,0.3575460486923143,0.2952263578715192
Trifolium aureum,189,139,0.8329179150464292,0.04607516301358905,0.8291505791505791,0.8526362526362525,0.39550264550264547,0.5357946668657168,0.49966850967270043,0.447632493664419,0.3690826799260534
Lamium purpureum,1625,1204,0.8328745862679575,0.007174516407379545,0.7944328106754911,0.6386866066623976,0.4102973720608575,0.49945410390698897,0.3924942141311113,0.3777505282535933,0.3327775734378532
Campanula latifolia,254,162,0.8327829034612908,0.030024847821097173,0.7977936791890281,0.7575757575757576,0.2833333333333333,0.40809701903759493,0.37415389161224893,0.31689152568492807,0.2524475769689319
Aegopodium podagraria,4523,3385,0.8327400913608638,0.008754576529210944,0.7948301329394386,0.6505611361400829,0.3872968980797637,0.48547241620244297,0.3868167805772373,0.36750792005705935,0.31797144263909394
Betonica officinalis,1276,888,0.832655883451355,0.011000940952543762,0.8043362849388881,0.7009796993090641,0.38178759601345774,0.4930843471957599,0.4127661014390364,0.38491011648999923,0.3269751427414409
Carex muricata,164,152,0.8325700620090523,0.04433454467792048,0.8109199295488416,0.7169799498746867,0.40838709677419355,0.5180812750632168,0.4381199218878045,0.4117123955875356,0.35363315506373005
Geranium robertianum,6390,4036,0.8325696211269447,0.0028459944663393024,0.7977573515726246,0.6802980382800936,0.3617425497196559,0.472098245327586,0.388861633459417,0.3611497407376273,0.304836984562592
Campanula trachelium,5066,3475,0.832560219450339,0.004848150223156608,0.8019424460431654,0.6828525269260897,0.38791366906474817,0.49473032107737164,0.4066969241533287,0.38298840639954557,0.32786570743405274
Delphinium ajacis,47,41,0.8325324074074073,0.11058062754666637,0.7926136363636364,0.675,0.4083333333333333,0.49793706293706297,0.40140597380157744,0.3755413981411849,0.3276666666666666
Narcissus pseudonarcissus,485,362,0.832394339267624,0.023568605764809063,0.7935091277890467,0.6700500233442274,0.3591704718417047,0.46360130358570684,0.3783899776300209,0.35029848802936103,0.2974531421160886
Trichophorum alpinum,157,76,0.8323429951690822,0.02396938660702968,0.7960109289617486,0.7350000000000001,0.30333333333333334,0.41814013294104824,0.37303015025988995,0.32251561034283505,0.26371980676328505
Carex leersii,95,66,0.8323119188503803,0.07799406408400102,0.7612481857764877,0.5743589743589743,0.21208791208791208,0.27828054298642535,0.22698763927762095,0.18394952323243374,0.15683150183150177
Geum urbanum,3693,2602,0.8323010268520781,0.007817616863544824,0.796887303405174,0.670448936374801,0.36894876716373837,0.47584737544462774,0.38776740746669536,0.3628128308680436,0.3084824224177245
Carex elongata,71,40,0.8322916666666667,0.07197306112551957,0.85,0.8928571428571429,0.475,0.6005128205128205,0.5702051107586861,0.5225672877846791,0.45
Lewinskya affinis,160,131,0.8321708920865039,0.021485771028057887,0.8015018315018315,0.7613053613053613,0.3125356125356125,0.4372747747747748,0.39434177943366494,0.3422269598508954,0.27699520357748203
Campanula persicifolia,818,602,0.8321450999404142,0.011253599934013302,0.7906979753452783,0.6781274799564498,0.31552341597796146,0.42888803479379345,0.3573293243057337,0.32125198865482574,0.2645829651125018
Lescuraea incurvata,80,62,0.8321269650217019,0.04777689505098343,0.753795918367347,0.5549999999999999,0.19230769230769232,0.27784313725490195,0.20855127454049222,0.16880085256220329,0.1332749753802386
Myosotis arvensis,520,434,0.8320672740621307,0.02216154948678903,0.799541223624499,0.6885182724252491,0.36188184977278803,0.4735326601668123,0.3936545379612893,0.36456863190783917,0.3073460407542204
Sonchus asper,1333,1042,0.8319873014659798,0.009515006276932936,0.7948664357829462,0.6653696383443956,0.36184670592565327,0.46829345067276107,0.3802955008630754,0.3548202800630347,0.30106868675632426
Hypochaeris radicata,831,631,0.8319468290905568,0.015670905985139573,0.7975459688826027,0.67822170357037,0.3644419447569054,0.4731428888088443,0.3889588341866357,0.36176076544657026,0.30633442147787815
Pinus sylvestris,1318,931,0.8318413715421649,0.01531199731224619,0.8047791729811647,0.6979823825772469,0.38670576735092865,0.49703898259129603,0.41459508357787833,0.388267889147475,0.33084757203286835
Menyanthes trifoliata,1844,726,0.8318141338469541,0.015083888578172916,0.787183215621105,0.6500459095645638,0.3305810108644308,0.43770384439739285,0.3514520852333193,0.3228557579728125,0.2699641174762625
Hippocrepis comosa,2438,1382,0.8317388651296141,0.011367287324424049,0.8044514086062857,0.7095619620593278,0.36976403495003407,0.48521489978230237,0.4103378130548589,0.3792218430335442,0.3191142464110772
Hypericum perforatum,2489,1734,0.831712474485291,0.006474562581908411,0.8050741861958199,0.7264823101560078,0.35294597791141247,0.4748256619555017,0.4091224931565221,0.37242792523908796,0.3087325736403712
Cardamine flexuosa,519,438,0.8317088450362966,0.017332416410529537,0.8207667887667889,0.7821380707495715,0.3973615464994775,0.5231882296496646,0.46656414895712545,0.42784117702693736,0.3593242202869561
Phyteuma spicatum,8320,5132,0.8316563279569437,0.010430914056465342,0.8026596413080173,0.669046694714455,0.4158297127650892,0.5126132200950957,0.4151385355570453,0.39738263443848715,0.3474353951632366
Lotus tenuis,260,128,0.8316266365213734,0.05110315494289451,0.816561964591662,0.7384740259740259,0.4,0.5155432570066717,0.4475463904393379,0.417238841121219,0.35570745044429253
Anthyllis vulneraria,6466,3410,0.8315676393105207,0.005357524444758312,0.8016129032258064,0.7032600207563781,0.3571847507331378,0.4737032957264383,0.3991816867798595,0.367142902894634,0.3069403714565006
Hieracium humile,86,63,0.8315059999270524,0.09188609224577012,0.7978039215686274,0.7833333333333333,0.2730769230769231,0.39117647058823535,0.3735598710747557,0.30788888050794655,0.2466188860925703
Bellis perennis,3948,2318,0.8313587236513117,0.008937640481253568,0.8000434407138932,0.682085344874219,0.3740476279139048,0.48292245266806677,0.3977980149100752,0.3719473792767313,0.31609542748876684
Gypsophila vaccaria,26,24,0.8313333333333335,0.07222815953268127,0.7810526315789473,0.7666666666666667,0.29000000000000004,0.3936507936507936,0.3547784795591251,0.2881565580949601,0.23476190476190473
Leucodon sciuroides,423,328,0.8313027086522373,0.025363494015755526,0.799541404231852,0.7566900892987849,0.29892773892773894,0.4267794338462779,0.38539349000617695,0.33175124516146426,0.26537858322484864
Hieracium lycopifolium,53,35,0.8312925170068027,0.04090692892074259,0.8142857142857144,0.7833333333333333,0.3714285714285714,0.49616161616161614,0.445586271424338,0.4004901960784314,0.3333333333333333
Gypsophila elegans,41,37,0.8311617730095993,0.05697164253962992,0.8114942528735632,0.7366666666666667,0.4607142857142857,0.5360683760683761,0.46437420321261647,0.42863097136233047,0.38956804065499717
Solanum dulcamara,1425,1040,0.8310620069033531,0.01403562104980583,0.8055288461538461,0.7142585428755641,0.375,0.49088052910961794,0.4157636751407655,0.3847041374858871,0.3240384615384616
Lepidium campestre,124,108,0.8310550907425907,0.04842127512520954,0.8056134723336008,0.7221853146853148,0.36190476190476184,0.4657441363523457,0.4062629109726723,0.36966607146594405,0.31560668498168504
Tradescantia virginiana,42,37,0.8309923771880294,0.06302717253135882,0.7767816091954023,0.5444444444444444,0.325,0.38075757575757574,0.2978929318789216,0.27659332651778734,0.2538537549407115
Vicia cracca,2453,1602,0.8309795701072099,0.009320857211937213,0.8068031386360841,0.7161436492002202,0.37577102803738316,0.49152317061141704,0.4179597960394278,0.3868605264489283,0.32625010713248725
Helianthus annuus,236,218,0.8309426717433107,0.030289693735084097,0.7936288998357964,0.6251353909248646,0.42283298097251587,0.49963457369254466,0.3912373878966304,0.37805526296358793,0.3402610490876069
Ptychostomum pseudotriquetrum,194,108,0.8309316724941725,0.0458374663919841,0.8056402031542369,0.8333333333333334,0.26839826839826836,0.4019179894179894,0.3987193443929163,0.32425940120156704,0.25296557609057607
Coreopsis tinctoria,128,102,0.8309144821334138,0.031377858634884105,0.8061728395061728,0.6929225023342671,0.44952380952380944,0.5381453634085214,0.44237588925230575,0.4222490660763464,0.374166855531213
Tanacetum vulgare,2272,1570,0.8308328938293643,0.02026591112243577,0.7898089171974523,0.6529088483849755,0.3445859872611465,0.45008137640294865,0.361947778211195,0.3352610777685033,0.28280254777070063
Anemone nemorosa,5433,3400,0.8308239619377163,0.008813795200285312,0.7996323529411764,0.6896467899866983,0.36411764705882355,0.47596266051771374,0.39532459580470636,0.3663906136873166,0.30892156862745096
Dipsacus sativus,39,34,0.830702947845805,0.02870961436170535,0.7867724867724867,0.5900000000000001,0.3857142857142857,0.46545454545454545,0.35454051341113973,0.34476583583530224,0.30714285714285705
Galium boreale,400,233,0.830668569413004,0.022385793634305977,0.7993502386291761,0.7988888888888889,0.2657724329324699,0.39551419858072734,0.3794865016848084,0.31079906162606424,0.2428844575984514
Rudbeckia laciniata,82,74,0.8306618566618565,0.022869067910483664,0.7769491525423728,0.651082251082251,0.2952380952380952,0.39480138473273485,0.31948396090618103,0.27989805980677607,0.23251082251082247
Stellaria media,717,589,0.8306538381931471,0.01147617425271766,0.7971031703191912,0.6971362253725171,0.3344053310155005,0.4514466652124782,0.380799370896753,0.3454452658748986,0.2857233316877049
Encalypta streptocarpa,217,175,0.8305850340136054,0.030092137961397664,0.8014285714285714,0.7147619047619048,0.35428571428571437,0.47173377755905105,0.40120346719581795,0.36577502600758416,0.30476190476190473
Cardamine pratensis,5474,4058,0.830578500840226,0.008698482378990458,0.7885657380119209,0.6492526966215756,0.3351396743058804,0.4418230245853369,0.35488485049402085,0.3275422170864695,0.27484673327034514
Claytonia perfoliata,46,36,0.8305504019789736,0.07498539996573274,0.8401477832512315,0.8095238095238095,0.49642857142857133,0.5927849927849929,0.5383376188103546,0.5043042956062703,0.4505411255411255
Bupleurum rotundifolium,27,22,0.8303296703296704,0.09257248781001748,0.7620915032679739,0.39999999999999997,0.22999999999999998,0.29047619047619044,0.20062932793814503,0.1952589113980966,0.16846153846153852
Spirodela polyrhiza,75,54,0.8303099173553719,0.05691036078062813,0.8010570824524313,0.7061904761904761,0.35454545454545455,0.46676470588235297,0.39731412471222455,0.3627853915758662,0.30530303030303035
Rubus caesius,1729,1230,0.8302002776125322,0.005845926363239091,0.7961382113821138,0.6735011635743388,0.35853658536585364,0.46790815411270686,0.38315112712597515,0.3560306435432712,0.30054200542005416
Sphagnum palustre,52,33,0.830187969924812,0.05704417566367651,0.7655270655270655,0.3,0.09523809523809523,0.14444444444444443,0.1364851991816402,0.11114256825075834,0.0852380952380952
Melilotus officinalis,365,296,0.830119973560771,0.012269431702442775,0.7989844811556892,0.7163622953096638,0.3378531073446328,0.45205611225726167,0.3892847239784053,0.34937834856193806,0.29053513616454013
Salvia pratensis,6759,4168,0.8300710903265169,0.00897456176504602,0.7907875516351003,0.6468184363523455,0.35965292591856884,0.4621934259910658,0.3681754470399958,0.34521449507729124,0.2941534617042546
Festuca ovina,90,79,0.8300144060283688,0.050570832393407754,0.8072916666666666,0.775,0.32916666666666666,0.45933559194428764,0.41550175181469307,0.364492328066513,0.29574468085106387
Hieracium bupleuroides,24,23,0.8297802197802199,0.16272055712968508,0.7502923976608187,0.1,0.04,0.05714285714285714,0.036896402776085455,0.031858407079646024,0.02571428571428571
Narcissus poeticus,481,295,0.829761562769319,0.034277506249651764,0.785593220338983,0.6746278575225945,0.27118644067796616,0.3829788685210372,0.3268480495123207,0.28295190488413147,0.22824858757062141
Hieracium schmidtii,34,29,0.8297385620915033,0.13194846611568614,0.8010869565217391,0.7,0.24,0.35,0.34933949219141613,0.28875,0.22823529411764704
Aethionema saxatile,54,30,0.8296296296296297,0.02078698548207747,0.7666666666666667,0.58,0.2,0.2798701298701299,0.24703456928156536,0.1957336780866193,0.15555555555555559
Campanula patula,761,568,0.8294847068882858,0.02475068225114926,0.7922505688144456,0.6799519924519923,0.3204781866169849,0.4347107033126501,0.3624458861549618,0.32730682013162327,0.27000207828508915
Melilotus altissimus,82,72,0.8294478002617538,0.03324640289306831,0.7813067150635208,0.68,0.2666666666666667,0.37333333333333335,0.31892530598414226,0.2721457717873504,0.2203664552501762
Cornus sanguinea,9367,6012,0.8294315655927136,0.010233091211420558,0.7854289146865566,0.6200722284524031,0.36560456872239816,0.4595137386929351,0.35527485862160024,0.33680646831282807,0.2909760900989774
Grimmia orbicularis,35,29,0.8293246187363834,0.07460092022093581,0.8018115942028986,0.8,0.19999999999999998,0.30476190476190473,0.34616367246856916,0.25672725955311615,0.20000000000000004
Sphagnum squarrosum,32,24,0.8291428571428572,0.07163424357531606,0.7605263157894737,0.2,0.1,0.13333333333333333,0.10467042434006375,0.10321821036106749,0.08571428571428572
Reseda luteola,106,88,0.8291191174099055,0.023218024930562832,0.8153319919517102,0.7301931401931402,0.4313725490196078,0.536522391134182,0.457413734334693,0.4311349822230718,0.3746236375537153
Ophrys insectifera,940,345,0.8289434992648603,0.03361622647568444,0.8123188405797102,0.7281351981351981,0.39420289855072466,0.5101766945338002,0.4370447203715065,0.407329331611429,0.3458937198067633
Salix repens,167,71,0.8289410958181722,0.027168785802249205,0.799310776942356,0.8099999999999999,0.2666666666666666,0.3967035235146691,0.3824650863447311,0.3112554034345451,0.24318936877076408
Crepis biennis,1760,1384,0.8288570330541886,0.0038310660850104697,0.7886552265041302,0.6417671332607447,0.34969130957986705,0.45208250444790565,0.35915934729826765,0.33521353762383665,0.28466122534400673
Allium moly,65,63,0.8287467629572893,0.050940349230368845,0.7854901960784314,0.635,0.3807692307692308,0.47203972498090147,0.3672444288441782,0.3469544648573589,0.3009683772841668
Noccaea perfoliata,266,192,0.8287223088860427,0.021791818441759533,0.7851455733808675,0.6923234660076766,0.25479082321187585,0.37002111189303305,0.32373114619310533,0.27318982203639564,0.21660491616539912
Carlina vulgaris,646,452,0.8287207789256301,0.02059054906356717,0.8030960652576484,0.7051218161683278,0.3694749694749695,0.4834912474447659,0.40705720341850216,0.37632554060789997,0.3171144311637039
Sisymbrium officinale,379,309,0.8286474130431074,0.024937548852870414,0.7831755256627922,0.6404123914273763,0.3234796404019038,0.4272556506473557,0.33963119965741917,0.3105557430619655,0.259800477367902
Thlaspi arvense,259,226,0.8286157578436637,0.01704885843537615,0.7986617556783303,0.7192865105908585,0.3315942028985507,0.44894584793164916,0.3871323069547411,0.346284371262105,0.2858316756654353
Lemna trisulca,53,35,0.8285714285714285,0.05842424640430993,0.7928571428571427,0.7999999999999999,0.2857142857142857,0.39085470085470086,0.3726575660920257,0.30176470588235293,0.24761904761904757
Scorpidium cossonii,131,59,0.8284499759499759,0.017978499083601506,0.7755319148936171,0.7,0.1181818181818182,0.19904761904761903,0.2386201660379743,0.15420523131200842,0.11262626262626263
Hedwigia ciliata,69,59,0.8284078884078884,0.026827632690165422,0.8052304964539008,0.6942857142857143,0.38939393939393935,0.4935947712418301,0.4135220008891878,0.3867732004271409,0.33304473304473303
Leucojum vernum,2959,1685,0.8283346100901948,0.013324129518618378,0.8034124629080118,0.7112791169724957,0.3602373887240356,0.4780123929892178,0.4054430270911692,0.37258181285235753,0.31137487636003963
Amblystegium serpens,60,52,0.8282771260997068,0.05061457209678375,0.8222996515679443,0.8083333333333332,0.4254545454545455,0.5401503759398496,0.4884292903518125,0.44433907938482875,0.38029325513196477
Berberis vulgaris,2035,1247,0.8282655472048479,0.010569291990351884,0.8035296269570233,0.7338429708222811,0.3391903614457831,0.46311893646180335,0.40306592293295473,0.36217241359897734,0.29748769907242256
Raphanus raphanistrum,317,277,0.8280632242009487,0.036905414132018824,0.7716725775549305,0.578095238095238,0.3464285714285714,0.4311291003889971,0.31594602840297925,0.2994357524218076,0.259782586290414
Salix myrsinifolia,258,187,0.8280572537238816,0.050008547452649266,0.8235346756152125,0.8975641025641025,0.3317211948790896,0.48339601139601135,0.4767748531318462,0.40361750532623875,0.31923699766037905
Hibiscus trionum,39,33,0.8279949874686718,0.07155910115340626,0.8034188034188035,0.7142857142857142,0.4,0.491965811965812,0.42336037165152485,0.3867012936099725,0.33999999999999997
Pohlia cruda,41,32,0.8279824561403508,0.07294709562972197,0.7806153846153846,0.5,0.17619047619047618,0.24545454545454545,0.2193627504429157,0.18617069894052343,0.15513784461152877
Polygala comosa,318,200,0.8279166666666666,0.03522571070176505,0.8,0.6950827067669173,0.37000000000000005,0.4791641054594694,0.3997520950529963,0.3697224248459559,0.31333333333333335
Rhynchospora alba,113,75,0.8278518518518518,0.06390940089402926,0.7866666666666666,0.62,0.18666666666666668,0.2835294117647059,0.27907718151118865,0.22392857142857142,0.17333333333333334
Trifolium medium,1119,835,0.8277887339094268,0.02394466166190642,0.8038922155688623,0.6945675705836403,0.38562874251497004,0.4950927013924994,0.41183812766581773,0.38576466014839284,0.3289421157684631
Veronica polita,152,122,0.8276965938541281,0.01966379454083357,0.7971807279612875,0.6559803921568628,0.393,0.484587912087912,0.3918617643918628,0.37086905068851667,0.3246179192891522
Sagina procumbens,183,159,0.8276772071307301,0.041198375726988666,0.8002952755905511,0.7047619047619047,0.3840725806451613,0.4766134803696856,0.4064224416606862,0.37122979254627475,0.3231076683644595
Barbula unguiculata,43,41,0.8276203703703704,0.07448918178512795,0.7988636363636363,0.7333333333333333,0.3194444444444445,0.42985014985014985,0.38256742801892496,0.33481563117050095,0.27877777777777774
Paraleucobryum longifolium,34,28,0.8275980392156862,0.10834504417228127,0.8403162055335969,1.0,0.3666666666666667,0.5119047619047619,0.53648330672758,0.45101225101444653,0.3666666666666667
Butomus umbellatus,80,55,0.8275482093663913,0.08639076291570794,0.7272727272727273,0.6588235294117647,0.2545454545454545,0.2936507936507936,0.22227259089494825,0.16411025256602468,0.13939393939393932
Vicia villosa,141,121,0.8274975266362252,0.035118071396189075,0.7912585910652921,0.6725213675213675,0.33066666666666666,0.43946138652021005,0.36306426890645427,0.33006598489421046,0.27556773211567726
Centaurea scabiosa,3350,2084,0.8273920675789197,0.007555788481615726,0.7979850073150838,0.688827049632182,0.35077707065117136,0.4645240071044646,0.38688910790473746,0.3559421973427556,0.297833185759085
Trifolium ochroleucon,126,92,0.8273522822207033,0.05125354844106623,0.8126990003702332,0.8092857142857144,0.35029239766081866,0.4767692307692307,0.4422284581572192,0.38686954371505655,0.31795473532315643
Salix purpurea,1060,714,0.8273468433887388,0.01213251589567142,0.8088227009417903,0.7469280354405679,0.35437801634984734,0.47994321858877226,0.42099355179173986,0.38104709754656185,0.31469433554467124
Matricaria chamomilla,267,233,0.8273241298595853,0.02881482011696585,0.7918061066068656,0.6656069604086846,0.36919518963922293,0.47183321093768854,0.3803090480448545,0.3541630421123707,0.30195983506573887
Ranunculus repens,1858,1363,0.8272086176315774,0.018786359669995516,0.8046608195494411,0.7353542323512197,0.34264167205343676,0.46730078569015765,0.40676786394014836,0.36652732412046274,0.3013100066187407
Geranium pyrenaicum,2093,1570,0.8271917724856992,0.01650834527439202,0.7902866242038216,0.6390351101489907,0.37133757961783437,0.4693977994939383,0.37021428314,0.35002853871565676,0.30127388535031846
Glechoma hederacea,10892,7048,0.827170657874549,0.006766830615694605,0.7858261910712661,0.6217991545355698,0.36677226945321106,0.46105854248922495,0.3569357139230164,0.3384216053045943,0.29228334281184915
Sarracenia purpurea,87,26,0.8268333333333334,0.1134171258868979,0.7785714285714286,0.4,0.11333333333333333,0.17142857142857143,0.1867868781362566,0.1452318460192476,0.11333333333333333
Cuscuta europaea,73,62,0.8266796148375095,0.10158544245242856,0.8386122448979592,0.8305555555555555,0.46794871794871795,0.5915818959162612,0.5365715535104845,0.500438910205615,0.43039537513221726
Equisetum ramosissimum,51,42,0.8266709401709402,0.1224855945438979,0.7800356506238859,0.735,0.37222222222222223,0.4358169934640522,0.37483993632632134,0.3229268948554237,0.2863760683760684
Lathyrus hirsutus,32,21,0.8266666666666665,0.10982443703065035,0.8330882352941178,1.0,0.32999999999999996,0.48761904761904756,0.5145134855839153,0.41963153125943825,0.32999999999999996
Rosa canina,1760,1311,0.8265793010901495,0.013701110760609583,0.8016798987039637,0.7009834186107036,0.36384930194758075,0.4786015527654503,0.4015649076183088,0.37084334848673084,0.3114701509215244
Agrimonia eupatoria,1212,891,0.8264634680345418,0.022209303839449513,0.7881604866287407,0.6499476027382638,0.3333689033958948,0.44030636014068164,0.3538310059905897,0.32596132609083206,0.2731343834617004
Carex spicata,140,120,0.8261574074074074,0.027100639453325654,0.7833333333333333,0.6615151515151515,0.2833333333333333,0.39514939309056957,0.3271784130994242,0.2878071859953801,0.23333333333333334
Phalaris arundinacea,684,421,0.8261228927231852,0.021490793100222658,0.8040394941359332,0.7445076492135316,0.3396078431372549,0.4624742447605336,0.40648092936793656,0.36280501841442553,0.2984164258588811
Tanacetum balsamita,103,86,0.8261014008418852,0.06274943117449279,0.782011935208866,0.592121212121212,0.37450980392156863,0.4537486772486773,0.3444083959303227,0.3299893257824801,0.2928355957767722
Marrubium vulgare,109,79,0.8259109042553192,0.033115677899395825,0.7723214285714285,0.5951298701298702,0.30416666666666664,0.3962980658632832,0.3013751306004074,0.27543924732294073,0.23262411347517734
Hieracium sabaudum,102,83,0.825749699879952,0.05346830485083063,0.828267752148349,0.8664285714285713,0.3720588235294118,0.5154046468829078,0.4910003000192787,0.4319191903361541,0.35205882352941176
Primula veris,6024,3985,0.8257133216521387,0.006068148837374651,0.7930991217063991,0.6718559303739327,0.3377666248431619,0.4493579808999636,0.369224846666606,0.33873723279508416,0.28264324550397324
Verbascum densiflorum,281,238,0.8256029381666179,0.02516011787127499,0.7878203361807661,0.6644090023037391,0.3151595744680851,0.4203290124858753,0.347581968646958,0.312457123432141,0.26055502408888676
Sagina apetala,41,36,0.8254947433518863,0.04577816342227049,0.7985221674876847,0.780952380952381,0.3357142857142857,0.4431746031746032,0.4058896438215737,0.3461666955360531,0.28982683982683977
Aquilegia vulgaris,1325,994,0.8253905591754578,0.014822471313568206,0.8035672071047057,0.7278091363324741,0.34507385411908026,0.46762289633343385,0.4040082299319486,0.36537491400861477,0.30147667358554003
Chara vulgaris,28,22,0.8253296703296703,0.09153529538210013,0.7967320261437909,0.5,0.24,0.30857142857142855,0.29273543414884023,0.2626918884879018,0.2246153846153846
Narcissus tazetta,22,20,0.825,0.08395600699837454,0.8125,0.7,0.3,0.3980952380952381,0.3889390751147504,0.336969696969697,0.2833333333333333
Valerianella carinata,47,41,0.8249907407407407,0.07347860424101112,0.7865530303030303,0.6599999999999999,0.34444444444444444,0.4475524475524476,0.3603118362553866,0.33076176029150917,0.27911111111111103
Kindbergia praelonga,55,48,0.8248932676518883,0.04773065581242563,0.7916329284750337,0.6599999999999999,0.37555555555555553,0.4656410256410256,0.3789582197690464,0.35140210175339465,0.30585112205801857
Colchicum autumnale,2535,1564,0.8247649798199828,0.01722376279869828,0.8019511547311671,0.7141549188068785,0.3459326615876136,0.4659156332049319,0.3979193071655035,0.3620094575630929,0.2998967525885652
Angelica sylvestris,3978,2637,0.8247492377449477,0.008871871483036066,0.8029013548345054,0.6941922014217358,0.3780784601230522,0.489245620449953,0.40720040953923037,0.38013878804433193,0.32258627985434696
Rubus laciniatus,45,38,0.824703557312253,0.06453968760316654,0.7696774193548388,0.6666666666666667,0.1571428571428571,0.24353535353535355,0.23413731580015745,0.17133777410340345,0.131055900621118
Juncus bulbosus,29,26,0.8246666666666667,0.09542536350467834,0.7980952380952381,0.4,0.2,0.2444444444444444,0.25301630767882755,0.22635753508236728,0.2
Typha latifolia,488,309,0.8246029994785561,0.01908793842226562,0.7847884288885988,0.6686387782909523,0.2783183500793231,0.3926875713901337,0.32902594268712204,0.28787109991722837,0.23191904755098833
Orthotrichum pallens,46,39,0.8242624223602485,0.08076077269999467,0.7887096774193548,0.9,0.17857142857142855,0.29444444444444445,0.33745321012731183,0.2306029525604436,0.17023809523809524
Dracocephalum ruyschiana,42,33,0.8242230576441102,0.11219699036608329,0.7578347578347578,0.4,0.06190476190476191,0.10714285714285714,0.11612425470258887,0.07280139778683747,0.0519047619047619
Chaerophyllum aureum,730,514,0.8241068531715208,0.033313795812111566,0.803982708525264,0.751717430136883,0.32682276794212833,0.45453848907984246,0.40343102311097095,0.3567722378154222,0.28985391155579615
Verbascum phlomoides,129,111,0.8238225866713863,0.05207361164799289,0.7860827374872319,0.6857808857808857,0.31422924901185767,0.41990889285006927,0.3502689073829616,0.3097861988849468,0.25737714589109784
Echinops ritro,27,27,0.8235539215686274,0.09359922837134331,0.7878787878787878,0.8,0.3066666666666667,0.41142857142857137,0.3801359105742649,0.31283477131495185,0.2574019607843137
Alopecurus pratensis,375,292,0.8234773619133643,0.014923403972660145,0.7894097795385349,0.6896292540004507,0.3115137346580947,0.4237419886644063,0.3566455818832571,0.31652115132628345,0.26015009829445834
Caltha palustris,8059,4433,0.8234255267074364,0.005838089916726352,0.8027300145289322,0.6984670331175566,0.37108599000867815,0.4845851726773442,0.40531514430500515,0.37647355044546343,0.3176987139961571
Tilia europaea,39,38,0.8233201581027668,0.06302649909432755,0.8156989247311828,0.75,0.42142857142857143,0.5321678321678321,0.46049794534678795,0.42836867582185667,0.3688594014680971
Ribes rubrum,501,442,0.8232603900958285,0.013727624577880846,0.7861958035242714,0.63718894534558,0.3439479060265577,0.44548685261886967,0.352043266849703,0.3274578856407488,0.2775923946064981
Ranunculus acris,2256,1463,0.8230304821058105,0.017105527045112753,0.8038275416584554,0.7120648335272249,0.36095890410958903,0.4782773926691933,0.40634510299790605,0.37338516769078184,0.31242551605806745
Stellaria palustris,48,42,0.8229829059829059,0.04497712018084143,0.7855614973262032,0.6428571428571429,0.33055555555555555,0.41504329004329,0.3394310760737691,0.30665625736411883,0.26717094017094023
Coronilla coronata,42,34,0.8229478458049886,0.05674512448276971,0.7793650793650795,0.5333333333333333,0.17142857142857143,0.25,0.22872232706888482,0.18929650859822825,0.1514285714285714
Persicaria hydropiper,120,98,0.8229098095911901,0.017882129953067125,0.7805582603050957,0.6373448773448773,0.2847368421052631,0.39112712854648335,0.3161335144099947,0.2812453173020494,0.23038266326248116
Phleum pratense,766,565,0.8228939880439606,0.014702320086808765,0.8066371681415928,0.7478846297263032,0.34513274336283184,0.47134565702012116,0.4143226088264405,0.37209156225542894,0.3056047197640118
Potamogeton pusillus,39,27,0.8228921568627451,0.10337741367350956,0.7692640692640693,0.35,0.19333333333333333,0.24047619047619045,0.19003464273012494,0.1775729266068105,0.1565686274509804
Thymus serpyllum,178,161,0.8227231236332397,0.04264086907127231,0.8106104651162791,0.7764285714285715,0.35416666666666663,0.47633437990580846,0.4292142618733455,0.3822846478689013,0.3169029209621993
Dianthus barbatus,544,449,0.8226843067396651,0.01833383051568455,0.771720829464562,0.5791218627392992,0.329538077403246,0.4162895307081353,0.3078408697263709,0.28864685629729786,0.24858530306757204
Ribes uva-crispa,557,479,0.8225608777087536,0.01665630517117198,0.7860177328111401,0.6509387777335198,0.3152412280701754,0.4242013238853411,0.34295336249715425,0.3116585947442742,0.25818305927420176
Daphne cneorum,280,132,0.8225599552814744,0.03652465445860153,0.8161904761904761,0.8815850815850815,0.3094017094017094,0.45068154256609266,0.4469855798940099,0.37163605370237596,0.2942118359839879
Danthonia decumbens,191,126,0.822460890688259,0.05789429170328006,0.8035247524752476,0.7678571428571429,0.3169230769230769,0.441794721739787,0.4012825125661533,0.34827739952403713,0.2825721997300944
Utricularia intermedia,58,22,0.8224175824175823,0.0996148845626091,0.7496732026143791,0.3333333333333333,0.22999999999999998,0.2698412698412698,0.1664960339847987,0.1676579077893244,0.1541758241758242
Gentianella germanica,330,276,0.8223662204899883,0.022823857257902043,0.7952529823118059,0.7042641596575792,0.326038961038961,0.4429719327138499,0.376502717168345,0.3373840074530158,0.27770745318938095
Rhinanthus minor,675,495,0.8221678060061899,0.01269471103408505,0.8075757575757576,0.7031771394715435,0.3939393939393939,0.5035441604768056,0.4226303842702011,0.3966075695023063,0.3393939393939394
Stachys sylvatica,3223,2386,0.8221608386578116,0.009921831718040607,0.8001885584448816,0.7074071610391223,0.3424076559388788,0.46119975095811644,0.39184513205622484,0.35636465244610677,0.29518748330498207
Dicranum fuscescens,43,34,0.8221315192743764,0.05453547267735972,0.7936507936507937,0.73,0.3571428571428571,0.4682828282828283,0.3979414012642987,0.356078447108516,0.29761904761904756
Vicia tenuifolia,203,140,0.8221088435374149,0.043257664419484525,0.7910714285714285,0.7147319347319347,0.27142857142857146,0.388699980831673,0.3457604757311329,0.2947794496851456,0.23571428571428568
Viburnum opulus,6629,4243,0.8220311599976032,0.0012832472943600684,0.785882597983273,0.6457766418191861,0.3191154410294019,0.42693548648660895,0.34295286611374676,0.3133677767600015,0.2605879770155862
Syntrichia montana,77,59,0.8219985569985571,0.052252397314556005,0.8093971631205674,0.7516666666666667,0.35757575757575755,0.4794117647058824,0.4240331465254744,0.3828958966940611,0.3182106782106782
Senecio jacobaea,174,144,0.8216037702308199,0.02943146654987411,0.79167916041979,0.8134920634920635,0.23596059113300488,0.36063685297467424,0.35665229914518315,0.2772569421682557,0.21278496964142515
Panicum miliaceum,179,148,0.8215837765489062,0.03177451368243879,0.768494516450648,0.5922878787878788,0.3581609195402299,0.4370407351874376,0.3226466903929941,0.30209596198957367,0.26347246193042395
Utricularia minor,87,45,0.8213991769547324,0.037319453658451476,0.75,0.5,0.06666666666666667,0.11636363636363636,0.11710800875382399,0.06315789473684211,0.04444444444444444
Palustriella commutata,157,128,0.8213709974236292,0.06398047439314228,0.7871501998857795,0.732113997113997,0.2581538461538462,0.3744900049264376,0.3384942536767966,0.2802472285972167,0.22158515169041487
Knautia arvensis,2296,1608,0.8213292134955799,0.009291493974613029,0.7916672406563542,0.6642305427894273,0.33708519571989704,0.4468787209435404,0.3645561853749169,0.3351611749221058,0.2802858063018849
Scorzoneroides autumnalis,271,239,0.821252245587352,0.044329298233251546,0.8138143542757419,0.7872571327308169,0.3595744680851064,0.490979064286559,0.44263315193801017,0.39551885876998283,0.3247551207657591
Centaurea triumfettii,237,141,0.8211128589366782,0.046447101294248935,0.8315423514538558,0.8509523809523809,0.3972906403940887,0.5387095077455408,0.5030544718628052,0.4527124445068734,0.37370520622041925
Carex ericetorum,43,29,0.8210675381263615,0.048658441956051235,0.7840579710144928,0.4833333333333333,0.19999999999999998,0.26603174603174595,0.24663701111447972,0.21113465991600924,0.17712418300653593
Pyrola chlorantha,124,71,0.8209987871117439,0.05327894216186086,0.8063909774436089,0.8380952380952381,0.28,0.4087985114300904,0.40227463044039646,0.3299256902191531,0.2611738648947951
Polytrichum piliferum,70,54,0.8209641873278237,0.07533664489359618,0.7776955602536998,0.7666666666666666,0.16545454545454547,0.27069597069597073,0.28204871720821195,0.198140946568455,0.1468939393939394
Lotus corniculatus,4819,2761,0.8209172279248644,0.006600205366827013,0.797175832070384,0.6837432244802536,0.35204877217810626,0.46465335509781874,0.38484917937704444,0.3549745110370835,0.29760014404799506
Fraxinus excelsior,9019,5218,0.820855424330782,0.004990841431413644,0.7899099931426079,0.6583913707616047,0.3324998255107026,0.4413672255740531,0.3582777878963383,0.3289591538360213,0.27487857333086235
Salix aurita,265,189,0.820826926011639,0.0390749302030865,0.8002527012896479,0.7155844155844155,0.3379800853485064,0.4545520581113801,0.39091896988188873,0.35228170978101725,0.29210211608907466
Matricaria discoidea,1125,945,0.8208224853727499,0.01829880565345718,0.7873015873015874,0.6750275266801877,0.28994708994708995,0.4041401115421796,0.3395936514373898,0.2993963391088769,0.2430335097001763
Rorippa palustris,159,121,0.8208200786402842,0.04331827912616764,0.7954467353951891,0.6815656565656566,0.33766666666666667,0.4441078027663393,0.37266440263497735,0.338947917441522,0.2853835616438356
Rhamnus cathartica,1831,1319,0.8206230948173087,0.008318874082497223,0.778430633347695,0.6330084921150976,0.2698813227330338,0.37831263753939803,0.30555361841834133,0.26924412315638385,0.21782185319568814
Spiraea douglasii,43,32,0.8206140350877194,0.06994782725950655,0.7504615384615384,0.2,0.03333333333333333,0.05714285714285714,0.048369236579002536,0.032192777180444,0.022807017543859654
Epilobium hirsutum,1871,1430,0.8204794040458377,0.007549434239068182,0.7875874125874126,0.6546508962415998,0.32237762237762235,0.4308530088841384,0.3493115610716809,0.31856001487290164,0.2650349650349651
Primula polyantha,114,88,0.8203980382670727,0.06212994980973682,0.775573440643863,0.67,0.3065359477124183,0.40125545308154004,0.3295205832247591,0.28609104546906616,0.23788573000559682
Ranunculus lanuginosus,533,403,0.8202210302446062,0.02044686407809965,0.8083206738072803,0.7372137666255314,0.36981481481481476,0.4876210433917813,0.42338646933254775,0.38647268201707347,0.32430540155738197
Prunus spinosa,6194,4435,0.8201387361898261,0.0048258797311813645,0.7862457722660654,0.6420458171350857,0.3280721533258174,0.43412360920830106,0.346405079130866,0.31899698459911546,0.2670424652386321
Bromus hordeaceus,672,551,0.8198916497081837,0.014457808750062657,0.7835714285714286,0.6333666476740779,0.32666666666666666,0.42895796759298577,0.3392711014951765,0.3122630518729358,0.2625231163599744
Tragopogon pratensis,3862,2823,0.8197264532737736,0.014299622804631144,0.7776306250247509,0.6107658824153701,0.3074700307537815,0.40865171668021344,0.3157769077038671,0.28967484626913037,0.24181744782149064
Daphne mezereum,5044,3308,0.8197091266585685,0.005926220212915899,0.8008619692682514,0.6896323947488112,0.36971630460119476,0.48129550645339975,0.3994324732700223,0.3717331702014087,0.31429520278921785
Lonicera xylosteum,12191,7060,0.8196435282898239,0.006489159231127664,0.7856940509915014,0.6365236058611314,0.33257790368271956,0.4361632180139082,0.34582689946863027,0.3199032990281322,0.26931067044381496
Inula salicina,90,75,0.8195555555555554,0.09262470554240672,0.8099999999999999,0.8400000000000001,0.30666666666666664,0.4158129744651484,0.4078847265292758,0.3437514362641697,0.2844444444444444
Iberis amara,138,104,0.8194148196913174,0.04130578962100128,0.7932300631095812,0.707987012987013,0.3276190476190476,0.44130301174974995,0.3756342432785805,0.3343776190618722,0.27636456733230924
Silene dioica,7802,4854,0.8194132656738737,0.008391232229832549,0.7994950128540979,0.6665500367117267,0.3963689256479132,0.4969802325369324,0.4019342402757891,0.3817564128672811,0.33023737439792733
Euphrasia nemorosa,36,26,0.8193333333333331,0.0719614094111868,0.7980952380952381,0.7333333333333333,0.23333333333333334,0.3380952380952381,0.34841720318593417,0.27803817012991955,0.2208333333333333
Trifolium repens,4001,2612,0.819021877910038,0.01893505890180379,0.79393340830644,0.6809022972058963,0.3300279114744731,0.44444288687506905,0.36956578804489204,0.33627719014884383,0.27859904701228744
Rumex acetosa,1754,1197,0.8189448842205879,0.01796048835881576,0.7995000032722299,0.7159008934395118,0.3308333333333333,0.4516061835933002,0.3881531332805596,0.3487649181694271,0.28655293770492646
Jacobaea vulgaris,446,388,0.8186277691771995,0.01682821674051814,0.786086505549217,0.6663538560922282,0.2940725940725941,0.40580563978794065,0.33726698998914495,0.2992027809451935,0.244253887546029
Papaver dubium,154,131,0.8186229634623012,0.039205506402779006,0.7861721611721612,0.6161227661227662,0.32820512820512826,0.4247312715733768,0.3356178504807062,0.3124901747649654,0.2670886075949367
Amaranthus caudatus,65,39,0.8185235507246377,0.11584040071507089,0.8012096774193548,0.7355555555555555,0.3821428571428571,0.4580392156862745,0.4095363403130863,0.35901237672298403,0.32236024844720496
Spiraea chamaedryfolia,46,41,0.8184490740740742,0.13062766756814403,0.8119318181818181,0.6476190476190476,0.48888888888888893,0.5538461538461539,0.44796214606546875,0.44002342227554314,0.40822222222222215
Platanthera bifolia,2928,1633,0.8184362701870352,0.0035203457501632586,0.8037354520540241,0.69827324660935,0.37844130504118123,0.4902179128995578,0.40966421678870024,0.38194425269134663,0.3239398354032749
Centaurea uniflora,51,37,0.8183229813664596,0.141106985213372,0.789655172413793,0.6966666666666667,0.32142857142857145,0.43575757575757573,0.36557485855664407,0.3249688948273284,0.2668831168831169
Schoenoplectus lacustris,129,87,0.8182980449073678,0.03899894285428434,0.8190476190476191,0.8536507936507937,0.34705882352941175,0.4822714322714322,0.46129225925269585,0.3982988358605303,0.3241270383334756
Equisetum arvense,1564,1187,0.8182886806107623,0.008273183486571169,0.7946496589207476,0.6967779138329985,0.31675353685778107,0.435069268231715,0.3692255465088424,0.33062859976988374,0.2706975461869331
Linaria vulgaris,2369,1804,0.8182269348711158,0.009149350302519314,0.7867250054230664,0.6610869530479758,0.30377500769467525,0.41597664550378805,0.34163370840080465,0.3066849577474453,0.25148717165355594
Iris pallida,53,47,0.8179912424740012,0.08049434848951018,0.7603129445234708,0.6206349206349207,0.31999999999999995,0.3687581699346405,0.2888484151160772,0.2513219622290086,0.228128078817734
Visnaga daucoides,23,21,0.8177564102564103,0.17132057566144943,0.7735294117647058,0.4,0.1,0.16,0.18027756377319948,0.13506493506493505,0.1
Primula elatior,4634,3075,0.817750809703219,0.0026416575080521996,0.8011382113821138,0.6972810833642112,0.36162601626016266,0.47584639286976155,0.39854689312965463,0.36815324220921275,0.3092682926829269
Galium verum,4325,2751,0.8176181476048999,0.016388863586554107,0.7925313287348726,0.6830687074441346,0.3166157399769015,0.4325290969375045,0.36213563237871166,0.32598787229694265,0.26778538922529094
Stellaria graminea,1566,1218,0.817520152784524,0.01336410351032072,0.7955659453482862,0.6957599657599658,0.32595965728934767,0.44363217606527494,0.37456092244816597,0.337865423036134,0.27806654783148355
Hesperis matronalis,308,248,0.8174855943465722,0.02065367395494072,0.7802598852850109,0.6654768887026952,0.2700408163265306,0.378037092450238,0.3166730282013142,0.27281938254432875,0.2203401089077024
Mnium stellare,27,23,0.8172527472527472,0.10646622071172891,0.7725146198830409,0.4,0.1,0.16,0.18149704259460603,0.13658536585365852,0.1
Odontites vulgaris,111,87,0.8172235028505839,0.0515356642751154,0.7761076604554866,0.7266666666666667,0.22026143790849675,0.33327686805947676,0.30423123083892023,0.23805667792452256,0.1818724683874518
Aneura pinguis,87,64,0.817161493477283,0.058421733435760265,0.7852941176470588,0.6533333333333333,0.18846153846153849,0.2897058823529412,0.28917353766028436,0.22541960829925847,0.17294197031039138
Rhinanthus alectorolophus,5242,3428,0.8170833508618758,0.008667219700240697,0.7922245950370853,0.6782721750157115,0.3217599114724096,0.4361657487710457,0.3626436852813958,0.3281908536692041,0.2708064905825564
Cynanchica pyrenaica,571,350,0.8170748299319728,0.027465206071348315,0.8042857142857143,0.7472184109375759,0.33428571428571435,0.45756100874731087,0.4046808721146397,0.35985737235273374,0.29523809523809524
Pilosella officinarum,1997,1478,0.8169830751902397,0.015219411293562884,0.7963470084516551,0.6934284269167358,0.33217132386623915,0.4488348847555742,0.37762606277310307,0.34256638394798794,0.2832334426067117
Anacamptis morio,908,510,0.816724336793541,0.010353663236714388,0.788235294117647,0.6978306230693011,0.27254901960784317,0.3915113723986112,0.3395729746430881,0.2918563896069168,0.2326797385620915
Fagus sylvatica,22443,10045,0.816559933592347,0.011257704270827742,0.7911398705823793,0.6690840015646287,0.3255350920856147,0.4378758750740265,0.3601317979732287,0.3279614713264097,0.2718765555002488
Knautia nevadensis,25,23,0.8162637362637362,0.10843520394639718,0.7608187134502924,0.3,0.12000000000000002,0.15555555555555553,0.13443026976101463,0.10880798590722254,0.09142857142857141
Achillea millefolium,3388,2138,0.8162003952178374,0.010238047742981093,0.7993464373968233,0.7130330019546307,0.3292740046838407,0.4501405266673628,0.3863505635594262,0.3474341807649758,0.285307725377953
Viola arvensis,704,583,0.8161909059114869,0.00853511156704851,0.7898879708852965,0.6781771998047982,0.30531977600943117,0.42082628361669244,0.35184066772792405,0.31427071242233584,0.2567303367953501
Schistidium elegantulum,27,25,0.8160000000000001,0.15351293828932538,0.8,0.6,0.2,0.2952380952380952,0.31041204909975295,0.2545454545454545,0.19999999999999996
Populus canescens,35,32,0.8159649122807018,0.13083858062057002,0.8119999999999999,0.7933333333333332,0.3380952380952381,0.4611111111111111,0.42699238627588426,0.37206283855330247,0.30651629072681696
Vicia sepium,5946,4138,0.8154661361873672,0.004266825745741917,0.7915056011226882,0.6649915093842752,0.3346941100187512,0.4450139409550922,0.3635068623441089,0.33358281744616314,0.27846728736686177
Epilobium parviflorum,605,449,0.8154462577155123,0.024049514902961228,0.7895264623955431,0.6720110316040548,0.3118851435705368,0.4251303642874076,0.352392658888449,0.31696511260696286,0.2606418556729739
Galeopsis tetrahit,4835,3604,0.8154098149184481,0.015935268752810722,0.7941874819293164,0.6808765379506598,0.3335171058714748,0.44751446460617916,0.3715413669295095,0.338815043929275,0.28126086464691047
Pimpinella saxifraga,627,423,0.8153663556238218,0.025751361350185208,0.8102895742786824,0.731982162843996,0.38081232492997197,0.5001269011916146,0.43011293919736293,0.397455206899335,0.3343120603879409
Philonotis calcarea,30,29,0.8150108932461875,0.05948001301770012,0.7840579710144928,0.7,0.17333333333333334,0.2738095238095238,0.29073691154990283,0.21510186960690314,0.16156862745098038
Lescuraea plicata,33,28,0.8149754901960785,0.15075582516004057,0.6960474308300395,0.1,0.07333333333333333,0.08333333333333333,-0.03438548777894955,-0.026095967025221455,-0.024460784313725514
Stellaria aquatica,282,211,0.8149371140346107,0.042062016226575266,0.7938151591997746,0.7238095238095238,0.2892580287929125,0.40817112837486347,0.3617431338935476,0.31190457662452,0.2513752641384943
Phalaris canariensis,31,30,0.8148148148148149,0.13468960404420874,0.8166666666666667,0.6,0.4666666666666666,0.5236363636363637,0.4270166021106889,0.42873303167420806,0.39999999999999997
Lamium galeobdolon,11463,7420,0.8147457274116482,0.012726374362925452,0.786320754716981,0.6413625040350495,0.3291105121293801,0.4349103139215728,0.34674578195394645,0.3196555261724126,0.2678346810422283
Scabiosa columbaria,802,547,0.8143192191753439,0.021271594221218708,0.7975340375954776,0.7149629629629629,0.3180483736447039,0.4397889755786523,0.3793737554088422,0.33776207599463914,0.2753988073314116
Allium lusitanicum,193,125,0.8142933333333333,0.047861607903528565,0.784,0.7447619047619047,0.22400000000000003,0.3315567765567765,0.3157231051105397,0.2489337140019861,0.19466666666666663
Dactylis glomerata,4856,2896,0.814245927592616,0.00741955180405641,0.7887607404309814,0.6731640163836772,0.3018063248168662,0.4165525083291528,0.34708716847422233,0.3097796460485774,0.2528883392949585
Filipendula ulmaria,11656,6159,0.8142071501619406,0.00900607315890541,0.7821073962317366,0.6351545289894005,0.29907160264593247,0.40619749284060347,0.3250458362600817,0.2937290010174328,0.2421899648881106
Centaurea jacea,2293,1492,0.8141858807845033,0.01863068114306826,0.7974218676506309,0.7077010402481102,0.32374357477946625,0.4439146039737958,0.37963262662745095,0.34051381270593206,0.2790608134067608
Rumex obtusifolius,1657,1273,0.8141311329890326,0.01831935026639571,0.795370282896094,0.7032863754602886,0.31423807318202873,0.43430339766343906,0.3711427731739657,0.33099701851436797,0.26998968743549223
Diphyscium foliosum,25,23,0.8140659340659342,0.09996171226933062,0.7725146198830408,0.6,0.31,0.3952380952380952,0.30648447861680955,0.2767368540045985,0.23857142857142857
Scapania undulata,54,34,0.8140589569160998,0.09473501183016775,0.7791005291005291,0.58,0.24285714285714283,0.3333333333333333,0.2900616743119405,0.2508464367889302,0.2028571428571428
Orobanche teucrii,77,56,0.8139496569977853,0.031751302660901745,0.781212121212121,0.6866666666666666,0.26969696969696966,0.37875350140056024,0.323925824696039,0.2756529833326951,0.22210338680926917
Clinopodium vulgare,4311,2883,0.8139496278279559,0.011933093354367841,0.800816399878044,0.6811157065021621,0.381223522048912,0.4882078902143786,0.40153791790382803,0.3768771120706348,0.3219100761397861
Galeopsis ladanum,54,42,0.8136452991452992,0.0658364251362187,0.8274509803921569,0.9666666666666668,0.33055555555555555,0.4751515151515151,0.4944060890789944,0.4044791399355698,0.3225555555555556
Neottia ovata,3571,1948,0.81344928678516,0.014055126357884003,0.7992830564340889,0.706803406606333,0.33830993342561466,0.45726908998629606,0.38862205726568916,0.3524009224757541,0.291255168200683
Achillea nobilis,623,501,0.8133259221736127,0.018317121765898788,0.7834389027431421,0.6436603493125233,0.2994257425742574,0.4078332084066557,0.32955208850250006,0.29673513949207936,0.2442097957304036
Lamium maculatum,2643,1911,0.8133127562978666,0.013613290495716968,0.7875453278500475,0.6457439868109456,0.3333424466529055,0.43954105665566195,0.3516881879647352,0.3245790107789053,0.27229039646050746
Tussilago farfara,10264,6318,0.8131176064525661,0.008401438737608586,0.7959403819559832,0.6612167904842668,0.37638596570351884,0.4795436693257691,0.38684105479051833,0.36440722827623245,0.3121778182302294
Rumex hydrolapathum,39,29,0.8130283224400872,0.060063964714501684,0.8108695652173914,0.7,0.4533333333333333,0.5466666666666666,0.45271241513024574,0.4339162623278602,0.3847058823529411
Acorus calamus,44,26,0.813,0.05529868393049192,0.75,0.55,0.2333333333333333,0.3230158730158729,0.22795839300491538,0.19645096795786435,0.15666666666666665
Triticum turgidum,31,31,0.8129211918685602,0.10294412933895225,0.7666666666666667,0.5,0.1952380952380952,0.2777777777777778,0.22326685543810876,0.190588993634679,0.15254803675856304
Brachythecium rivulare,103,67,0.8128611632270168,0.026794388809113463,0.7612159329140461,0.5833333333333333,0.15054945054945054,0.23856209150326796,0.20247719359375208,0.15351096949079537,0.1155494505494505
Veronica serpyllifolia,1200,959,0.8127852122036531,0.015678108903670353,0.7935306660147762,0.6890700104493208,0.31167102966841187,0.4277534636970001,0.36233018444018245,0.32421026295338934,0.2657869716973974
Pyrola media,71,57,0.8127438248026483,0.07267708119377059,0.7631884057971015,0.5595238095238095,0.26515151515151514,0.3548366013071895,0.25978853788961964,0.23396474220514313,0.19473134708428824
Lathyrus pratensis,3184,2157,0.8125992045184812,0.011027331558433098,0.7902182813575831,0.6808652415776505,0.30366718226347,0.4198203036458201,0.3523096385208605,0.31400305647855076,0.256071089814209
Potentilla norvegica,29,20,0.8125,0.0959238702768445,0.75,0.0,0.0,0.0,0.0,0.0,0.0
Silene flos-cuculi,1989,1330,0.8124107260632785,0.006365597733820898,0.78703007518797,0.6815465710166051,0.2789473684210526,0.39391542826603676,0.33555904975716133,0.2921037886954046,0.23533834586466162
Malus domestica,140,109,0.8123293877839333,0.03819228876795413,0.7683646812957157,0.5958730158730159,0.28528138528138525,0.3759834584306219,0.2873434705405307,0.2566632920402613,0.2151648351648352
Pohlia nutans,30,24,0.8122857142857145,0.15145743959631133,0.75,0.2,0.04,0.06666666666666667,0.050709255283710994,0.03461538461538458,0.02571428571428571
Syntrichia ruralis,225,159,0.8122410423740805,0.03440580789308049,0.7908833661417323,0.7486904761904762,0.27661290322580645,0.39690655700053046,0.3582947882262289,0.300143306384476,0.23887167515563096
Luzula campestris,754,565,0.8122327511942988,0.01550330153829361,0.7964601769911503,0.717664892043774,0.30619469026548674,0.4290524448358738,0.37314797649601633,0.32882912159674654,0.26607669616519175
Telekia speciosa,102,82,0.8119834933973589,0.057614711972513874,0.7957109557109556,0.765,0.2926470588235294,0.4155977355977356,0.3784041143155187,0.3196935039885781,0.2559939975990396
Lysimachia nummularia,896,737,0.8119250345116764,0.01603941372250635,0.7910408333573135,0.6739526352112164,0.3175032175032175,0.4310787862323434,0.3576095839798601,0.32308321635509973,0.26639446700527564
Sparganium natans,43,33,0.8117919799498747,0.08863980323333441,0.7578347578347578,0.6533333333333334,0.2095238095238095,0.2915873015873016,0.2426015100920885,0.1853629580943501,0.14952380952380953
Typha angustifolia,85,69,0.8117707495756277,0.04236259899821748,0.7716883116883118,0.7,0.1725274725274725,0.2735294117647059,0.2597492884857171,0.19056649726561264,0.14372375591887782
Cynoglossum officinale,208,152,0.811769621215624,0.05801671634554309,0.7878065302804498,0.7157342657342657,0.2632258064516129,0.38372531231294704,0.33956329762554305,0.2861203044300978,0.22586316908897558
Origanum vulgare,5136,3453,0.811703802917888,0.0053583375005342064,0.7814214837999708,0.6294698025020471,0.30668596237337187,0.4121277487856398,0.3261604556100268,0.2970242797275742,0.24635092567425984
Taraxacum officinale,2021,1474,0.8116557570398131,0.008275231157878817,0.7964758988513678,0.6972665942182064,0.32705407586763513,0.44416308116547815,0.37634839146930466,0.3395585066338554,0.28002030538421363
Galinsoga parviflora,61,52,0.8114112903225805,0.07177877233110211,0.7594657375145181,0.3380952380952381,0.1690909090909091,0.22124542124542126,0.1470090469834769,0.1423481132044842,0.12433284457478004
Polytrichum strictum,67,47,0.8113437328954569,0.05859026473976817,0.7553342816500713,0.5,0.12666666666666665,0.19384615384615386,0.16367819583194837,0.11897759832941295,0.09095238095238098
Tomentypnum nitens,78,47,0.8111685823754788,0.14482700503912774,0.7766714082503556,0.9,0.12666666666666665,0.21999999999999997,0.2808456812926341,0.16683440868523733,0.11952380952380955
Barbarea vulgaris,625,509,0.8108393335788285,0.004310702004919949,0.7966553451847569,0.7033004142957533,0.3260143661424966,0.44299802092905544,0.37772387099147114,0.33913602801385145,0.2795127053688975
Linum usitatissimum,83,69,0.8107184337149494,0.05657813543531131,0.7898051948051948,0.6411688311688312,0.3747252747252747,0.4599028340080971,0.3685752650772952,0.343838133655707,0.3021352631108728
Geum coccineum,30,25,0.8106666666666668,0.11543925771687125,0.76,0.5466666666666666,0.24000000000000005,0.310952380952381,0.25111103693091663,0.2099300699300699,0.17333333333333334
Elymus repens,342,216,0.8104577034647343,0.030019525095488084,0.7974257292646862,0.7145066045066045,0.32843551797040166,0.4469428517591322,0.3834562627932981,0.3430113781706522,0.28206700276467717
Cruciata laevipes,1612,1151,0.8104377991665805,0.01631213801178633,0.7943136005287259,0.7065123134916856,0.3032147562582345,0.424129963278288,0.365424044157548,0.32250832714709576,0.26122687899570807
Lepidium latifolium,26,22,0.8101098901098901,0.13295413614687046,0.7745098039215685,0.6166666666666666,0.37,0.4587301587301587,0.34408107722964504,0.32416690585220864,0.2787912087912089
Sambucus nigra,3908,2632,0.8098275268187995,0.008736982430351257,0.7866659899438997,0.6542331895884848,0.3089104696214313,0.4195074710491096,0.34173905063129656,0.30908079524471954,0.25483250006851765
Heracleum sphondylium,4512,2998,0.8093743729163505,0.009969909977200436,0.7914445864815094,0.6777254809728593,0.31654535336672235,0.43132288669626606,0.3590310476862293,0.3237203666344313,0.26628989689943516
Geheebia ferruginea,31,30,0.8092592592592593,0.025255892031455337,0.7833333333333333,0.8,0.13333333333333333,0.22857142857142856,0.2889260474058461,0.18461538461538457,0.1333333333333334
Veronica teucrium,455,243,0.8089864805156829,0.028636815706855997,0.7932064499074809,0.722061403508772,0.28018707482993194,0.40138705857557255,0.3566373185570506,0.3059798392094212,0.24452339981812274
Leontodon incanus,27,22,0.808956043956044,0.13319837290711645,0.7640522875816995,0.4,0.2,0.25142857142857145,0.18726232405841775,0.174494949669702,0.15494505494505495
Orobanche alba,146,110,0.8089531680440771,0.04691007906207752,0.809090909090909,0.7325641025641025,0.38181818181818183,0.49712923007040655,0.42837778070547283,0.3944068849510419,0.33333333333333337
Rosa balsamica,29,24,0.808952380952381,0.11794706526269162,0.8331578947368421,0.7833333333333333,0.5,0.6055555555555554,0.5281327994415578,0.5048112800369804,0.4438095238095238
Epipactis muelleri,61,46,0.8088712522045854,0.06120113949513561,0.7992492492492493,0.6,0.3022222222222222,0.3841335135452783,0.329815012490654,0.3053145957899418,0.265978835978836
Hypericum humifusum,121,110,0.8086776859504132,0.04217755907695812,0.825,0.8071794871794872,0.40909090909090906,0.5349034161660937,0.4843578590245663,0.44206153469416315,0.37272727272727274
Cerastium arvense,394,327,0.8084423589463474,0.03569588311646362,0.7981749583223656,0.7280128205128205,0.3114219114219114,0.4315091222314337,0.379500555269549,0.33338642635044635,0.2716829701601276
Androsace septentrionalis,22,20,0.8083333333333332,0.1527525231651947,0.7375,0.0,0.0,0.0,-0.0298142396999972,-0.022222222222222233,-0.016666666666666673
Acer pseudoplatanus,9386,5519,0.8082578301080355,0.009031310146081512,0.7892279695373152,0.6742078629444669,0.3040365866477459,0.41896500302937517,0.3491167847854733,0.31206939974600206,0.2549936329157123
Rosa gallica,73,57,0.8081003310415074,0.05821273574537737,0.7718840579710144,0.601025641025641,0.3,0.36547511312217196,0.29450946498564623,0.25875071563725877,0.22957983193277315
Orobanche minor,83,74,0.8080875420875421,0.02038736970520462,0.7940677966101696,0.7034632034632035,0.3666666666666667,0.45765949348558044,0.387635385115637,0.349782132754307,0.3038383838383838
Rhytidium rugosum,75,63,0.808064339643287,0.06632324203279824,0.8134117647058824,0.7630952380952382,0.3474358974358974,0.45393483709273175,0.4169850052750208,0.3717592590407203,0.3155724550461393
Trifolium pratense,6448,3614,0.8076874990701703,0.006075170348067689,0.7924740921053701,0.6849994240191778,0.3154408186879078,0.431799026164941,0.36217220330998157,0.3254030699852593,0.266926530640463
Cirsium vulgare,2420,1865,0.8075987033616283,0.011871087919192986,0.7890080428954425,0.6622015215602576,0.32171581769436997,0.43180398183694846,0.35317618186476013,0.321070392025206,0.2664879356568364
Viburnum lantana,12892,7563,0.8075075759692419,0.012907930583891067,0.7738000712948205,0.597867605306552,0.2850646251009767,0.38542696756014155,0.29582379696542194,0.2681762742698209,0.2217739966431072
Ribes aureum,73,51,0.8070068426197459,0.045711092373378046,0.7791463414634147,0.5634920634920635,0.35090909090909095,0.42193341574146526,0.3179003967394266,0.30411757534759853,0.27262952101661786
Ononis spinosa,1154,773,0.8068788361831448,0.029209518611185536,0.7884990406282185,0.6774262347705478,0.29630498533724337,0.4115874730525178,0.34533162558393454,0.3060850912979622,0.24887350399368194
Lythrum portula,48,35,0.8068027210884354,0.12854083068224964,0.8285714285714285,0.9,0.39999999999999997,0.5411965811965812,0.516379161198605,0.4526470588235295,0.3714285714285714
Drosera longifolia,38,21,0.8067948717948719,0.13410746669471527,0.7977941176470588,0.6,0.2,0.29333333333333333,0.31123761870746797,0.2551293667572737,0.2
Rosa villosa,100,84,0.8067820069204152,0.05372647372397563,0.7888059701492537,0.7361904761904763,0.2389705882352941,0.35825334086203653,0.3332800557097316,0.27126783173458235,0.21128431372549022
Nepeta cataria,68,62,0.8066254513622934,0.06041128136722419,0.7984489795918367,0.6711843711843712,0.43717948717948724,0.5183492063492063,0.42065769449446133,0.3993013865941677,0.3566673961410804
Seseli libanotis,116,71,0.8065886199441016,0.03251549551704077,0.8098370927318296,0.9,0.2676190476190476,0.40813209494324043,0.4233426623235947,0.3346757422416115,0.2583167220376522
Achillea distans,90,78,0.8064172833795867,0.04116038827444253,0.7788530465949821,0.7999999999999999,0.15416666666666665,0.25847953216374264,0.28572101383521115,0.19343013150381572,0.14130820228183777
Arctium lappa,429,334,0.8063523855170102,0.023525311177160387,0.7791995080775896,0.6235568035568035,0.30253279059249205,0.40641938145982887,0.3194691889352658,0.2902452412348494,0.2406720940750792
Dianthus gratianopolitanus,85,49,0.8061226053639846,0.05732502671797511,0.8008974358974358,0.9028571428571428,0.2644444444444445,0.3697682709447416,0.38950064720479627,0.30139471312656124,0.24398467432950194
Carex limosa,214,73,0.8060137924091413,0.10761029658615703,0.8052016364699007,0.7492063492063492,0.3466666666666667,0.464334749918274,0.41117160837587335,0.3672632758525506,0.3057575757575758
Petrocallis pyrenaica,43,26,0.8058333333333334,0.06716480559869963,0.7785714285714286,0.5233333333333332,0.3466666666666667,0.41222222222222216,0.32151250701148165,0.3073117744325627,0.27083333333333337
Symphyotrichum versicolor,65,47,0.8056677613574166,0.08955788579586964,0.7927453769559033,0.6666666666666667,0.34444444444444444,0.4484981684981684,0.36921239525304317,0.3395114442248561,0.2875478927203065
Rosa stylosa,66,30,0.8055555555555556,0.06928995160692485,0.85,0.86,0.4999999999999999,0.6025974025974026,0.5640267106044875,0.5255656108597285,0.4666666666666666
Gagea lutea,473,299,0.8055508649924426,0.019104822225830872,0.7867956764295676,0.730989898989899,0.25762711864406784,0.3714852253300676,0.3353492595165733,0.27788513922266433,0.220792854212038
Anthriscus sylvestris,1228,952,0.80526596109243,0.022537768360091175,0.7891357207155938,0.6789595818738207,0.2983521631303389,0.41333738739917597,0.3473885708648982,0.3082139330296628,0.2510789459797137
Salvia nemorosa,59,52,0.8050201612903226,0.11692211891236882,0.8365853658536585,0.7814285714285714,0.4945454545454545,0.5863553113553113,0.5231237997362346,0.4941868751570862,0.4435373900293255
Ptychostomum pallens,28,27,0.8046323529411765,0.14233998516366964,0.7779220779220779,0.6,0.10666666666666666,0.18095238095238092,0.22253932901995968,0.145313258863526,0.10666666666666669
Adoxa moschatellina,339,269,0.8044473428987147,0.03212536442903004,0.780671834625323,0.6366386946386947,0.2787561146051712,0.3869976656818762,0.3135810657470037,0.27839623269997904,0.2267202277866757
Rorippa amphibia,68,55,0.8044077134986226,0.06885950325054765,0.7772727272727272,0.6699999999999999,0.34545454545454546,0.43590610157106324,0.35167140793427193,0.3137678182384065,0.2666666666666667
Ranunculus reptans,37,27,0.8043137254901961,0.1353451345983249,0.7601731601731601,0.6033333333333333,0.30666666666666664,0.3715873015873016,0.28581600927979905,0.24971037271335333,0.22137254901960784
Ophioglossum vulgatum,175,116,0.804227203168602,0.058356530135483566,0.7801309022907901,0.6402020202020202,0.3184782608695652,0.4156133257364097,0.33172739010021396,0.2994117926088738,0.2523498964803313
Arabis nova,48,20,0.8041666666666666,0.08498365855987972,0.75,0.0,0.0,0.0,0.0,0.0,0.0
Pseudisothecium myosuroides,22,21,0.8041666666666666,0.07167171212917012,0.7492647058823529,0.4666666666666667,0.2,0.2704761904761905,0.1997753314649707,0.16943521594684383,0.13589743589743591
Arum cylindraceum,20,20,0.8041666666666666,0.07971302695712076,0.7875,0.6,0.15,0.24000000000000005,0.2683281572999748,0.2,0.15
Salix hastata,176,131,0.8041108956558487,0.03542646618532303,0.8034615384615386,0.6571852425180599,0.42706552706552703,0.514504664086911,0.41559259421916,0.4001971878453043,0.3558224241768545
Inula helenium,296,219,0.8040701281165348,0.03981944416136168,0.7750974025974026,0.6133644656595255,0.2873150105708245,0.3891069950086343,0.3034462766870253,0.2726543558911894,0.22493934552340375
Corylus avellana,13413,8080,0.8040375432964086,0.013360911366311155,0.7784653465346535,0.621670622933415,0.29108910891089107,0.39645963402378104,0.31249474830372814,0.2819771651506864,0.232013201320132
Iris germanica,130,97,0.8038964594420006,0.04148668272763112,0.7885447885447886,0.6806349206349207,0.3078947368421053,0.4121693121693122,0.348431094327384,0.3079352777403728,0.25628748961825953
Crepis praemorsa,23,21,0.8037820512820513,0.13516195510992998,0.7617647058823529,0.2,0.05,0.08,0.09013878188659974,0.06753246753246753,0.05
Trilophozia quinquedentata,31,27,0.8037745098039217,0.024341875702703675,0.767965367965368,0.3333333333333333,0.17333333333333334,0.2,0.16380811494962896,0.14682965894102126,0.1358333333333333
Silene vulgaris,13841,7578,0.8036320319880513,0.009074571056724233,0.7908420617933778,0.6683742747462207,0.3238296019575572,0.4360354800111456,0.3586672617713541,0.3262857151228041,0.2703413005185419
Chenopodiastrum hybridum,60,51,0.8035640273704789,0.0944236051274077,0.7696341463414634,0.6523809523809523,0.21636363636363637,0.31491057961646196,0.2703018499903987,0.21735298458490676,0.17077223851417403
Deutzia scabra,29,26,0.8035555555555556,0.10310060411026326,0.7880952380952381,0.4333333333333333,0.26,0.3222222222222222,0.2689928554183181,0.25305078553160393,0.2208333333333333
Calamagrostis epigejos,261,216,0.803525978258266,0.026876640408898825,0.8020701707218711,0.7559903381642512,0.3239957716701902,0.44219975453953986,0.3968510359777733,0.3468827305131165,0.285379194448962
Ajuga genevensis,487,403,0.8032375866888,0.011005361703810987,0.7884468203757475,0.673757467144564,0.3050925925925926,0.41572231278134747,0.3472361698406189,0.3093848962378145,0.2546210724115288
Veronica beccabunga,1798,1425,0.8029317738791424,0.009919643871508515,0.7833333333333334,0.6517662990493311,0.2863157894736842,0.3976964571853077,0.3258420781939654,0.28933379755793665,0.23532163742690063
Urtica urens,97,89,0.8028041545059674,0.05211624355903395,0.7866197183098592,0.7066666666666667,0.3130718954248366,0.41658141517476555,0.35738017019268453,0.3098464797282129,0.25723681506145435
Convallaria majalis,2479,1679,0.8027842473092568,0.01703349576642926,0.7916892706449669,0.6884152012790714,0.30376687988628287,0.42136747786158535,0.3565879115464777,0.31705500893042754,0.25810319236559437
Nasturtium officinale,224,180,0.8027263374485596,0.032393523709684104,0.7902777777777777,0.6983524988942945,0.28888888888888886,0.4014027744962365,0.3475138985977832,0.3027696240610477,0.24629629629629632
Cannabis sativa,36,35,0.8027210884353743,0.05723995637540857,0.8,0.5771428571428572,0.45714285714285713,0.5025974025974026,0.39429300128824474,0.3915413533834587,0.37142857142857133
Anaphalis margaritacea,147,108,0.8023907342657342,0.04477332780402106,0.7661855118952151,0.669047619047619,0.1571428571428571,0.2521367521367521,0.23554364565592847,0.16917136585865689,0.12637362637362637
Cirsium arvense,3901,2956,0.8023799999298482,0.008125114190697664,0.7828155239086652,0.6538888813228095,0.27739516165912104,0.3891730787600827,0.32132370835844315,0.2827654264454402,0.2286805390251101
Myosotis sylvatica,392,343,0.8022090896299423,0.022784875108108647,0.8119628400796284,0.7433818553363146,0.3760869565217392,0.49884553334010795,0.43374864997906587,0.39856295610596426,0.3333211502228995
Phelipanche purpurea,28,26,0.8017777777777777,0.1144234878331422,0.75,0.0,0.0,0.0,0.0,0.0,0.0
Chenopodium giganteum,49,42,0.8014401709401711,0.043242300578035575,0.7976827094474153,0.7,0.4,0.46788766788766784,0.39628843331095476,0.36193103920491776,0.32799999999999996
Plantago major,4766,3554,0.8012983849267743,0.003639441639679633,0.784608753555133,0.6531308854958432,0.296008795388364,0.4072465473430135,0.33265785308483503,0.29771116164837563,0.24348590177254037
Scilla forbesii,27,26,0.800888888888889,0.15049275032782997,0.7971428571428572,0.6,0.38,0.4565079365079365,0.3655469984041172,0.35339852398458327,0.3158333333333333
Verbascum chaixii,27,24,0.8007619047619048,0.07112035087364248,0.7605263157894737,0.3,0.09,0.13714285714285715,0.12977711086350274,0.10229885057471262,0.07666666666666666
Viola mirabilis,133,84,0.800699538638985,0.06328004570050462,0.7887181738366988,0.6735714285714286,0.31323529411764706,0.4087878787878788,0.3479290562128628,0.3075669496479449,0.26178431372549016
Eruca vesicaria,24,22,0.8006593406593406,0.11449863935102078,0.7960784313725491,0.6333333333333333,0.27999999999999997,0.37142857142857144,0.3405721161274136,0.29829778335204205,0.25032967032967035
Geranium endressii,24,21,0.8005128205128205,0.07944001909487153,0.775,0.6,0.25,0.3466666666666667,0.27994119784733007,0.249514267330243,0.20256410256410257
Symphytum asperum,59,54,0.8000929752066115,0.04563537991555657,0.7871035940803383,0.75,0.16363636363636364,0.26058608058608057,0.29413428901198707,0.2084787780697312,0.15738636363636363
Sphagnum russowii,31,20,0.8,0.15623611049377228,0.7625,0.3,0.1,0.14666666666666667,0.13308629714719006,0.10666666666666666,0.0833333333333333
Capsella bursa-pastoris,1407,1127,0.799767781354755,0.009013329360805133,0.7788392301237107,0.6463627915961292,0.2528613569321534,0.36178826701418065,0.300915924273755,0.2588554900674641,0.2070173531913198
Prunella vulgaris,6187,4336,0.7997525884542321,0.008047099873472822,0.7857470667035062,0.655680839289907,0.30258266494453573,0.4139098463233914,0.33810461580879736,0.30391155827483873,0.2493850979944388
Tripleurospermum inodorum,267,237,0.7992498505140848,0.012666316886080196,0.7784516847674743,0.6658398843408331,0.24893617021276598,0.3543548562336151,0.30290640158578885,0.2546453589310215,0.20392484351129844
Lamium album,779,602,0.7992167096009944,0.014037269328572733,0.7836336815589928,0.7120363199383336,0.22584022038567494,0.3422063682030515,0.3127602875524172,0.2526019573319543,0.19539226274805074
Blindia acuta,29,23,0.7991758241758242,0.1344488766135823,0.7502923976608187,0.4,0.13999999999999999,0.2,0.1452003735360178,0.12157190635451501,0.09714285714285716
Prunus cerasus,187,165,0.7989592898683808,0.02731692181719716,0.7833333333333334,0.6197832817337462,0.3393939393939394,0.43811320754716976,0.3405049827101684,0.318330723715656,0.27070707070707073
Brachythecium albicans,22,21,0.7985897435897436,0.016747339274674852,0.75,0.0,0.0,0.0,0.0,0.0,0.0
Avena sativa,530,457,0.7985029169497592,0.026308968422301664,0.7686114230107044,0.5727425718165288,0.3062111801242236,0.39519614084633214,0.2910202225552082,0.26928612432484805,0.22889200295103182
Carex oederi,104,76,0.7983123993558776,0.07364695905230054,0.7927322404371584,0.8261904761904763,0.23666666666666664,0.35806360821840694,0.358033879171096,0.277712131576647,0.2146376811594203
Viola canina,182,151,0.7980805598224953,0.050095015483403185,0.8046143250688707,0.8108169934640523,0.28365591397849466,0.41394062078272603,0.3980924526307299,0.33047151283280085,0.2615557918783725
Populus tremula,3018,2322,0.7980183043185539,0.007142545963580256,0.7881146773648482,0.6893754495418581,0.27691323692992215,0.39497426613299447,0.33905281266069665,0.293985128264182,0.23542613344776445
Palustriella decipiens,32,26,0.7978888888888889,0.01596446671614382,0.7880952380952381,0.5,0.2333333333333333,0.296031746031746,0.27642590268682954,0.24263528191161693,0.20833333333333334
Stellaria neglecta,22,21,0.7976923076923077,0.04617805632829342,0.75,0.0,0.0,0.0,0.0,0.0,0.0
Trichocolea tomentella,28,23,0.7967582417582418,0.07179332060819597,0.7286549707602339,0.1,0.04,0.05714285714285714,-0.017203554656951676,-0.006884557273074465,-0.002857142857142847
Veronica chamaedrys,4613,3214,0.7966363460721448,0.008960923985341472,0.788503877136599,0.6756316369520088,0.2990038904473288,0.4140145806305152,0.346145163166454,0.307715692441934,0.2506735363197844
Hippuris vulgaris,201,123,0.7964509440947797,0.05445481108195069,0.7763760049474335,0.6463203463203463,0.269,0.3758818958818959,0.3063061128265214,0.2658094317285372,0.2146497593483895
Anethum graveolens,71,69,0.7963350818751516,0.07452984655617127,0.7536363636363637,0.46333333333333326,0.27802197802197803,0.33480519480519483,0.22453293278782543,0.21546563896316623,0.191610828196194
Polygonum persicaria,63,52,0.7957056451612903,0.036212921583338956,0.759698025551684,0.7333333333333333,0.11636363636363638,0.1957042957042957,0.20876715786870342,0.1257515510396391,0.09055718475073311
Trifolium fragiferum,66,61,0.7955108955108956,0.03482625126430263,0.7664115646258505,0.6533333333333333,0.24743589743589745,0.32821426939074005,0.27125229023968533,0.22492245221557114,0.18767613767613772
Scrophularia nodosa,1547,1239,0.7953817071079674,0.01602240227887228,0.7945912405195144,0.7197636463153705,0.2913608462844456,0.41431674904654425,0.3639541083554086,0.31620511345842106,0.25369496110521
Palustriella falcata,73,50,0.7953333333333333,0.10792178237552932,0.8,0.8095238095238095,0.28,0.3996983408748115,0.3864764916090414,0.31605914214609865,0.25333333333333335
Rosa agrestis,139,106,0.7951799027691886,0.056879275510148604,0.7876750700280113,0.6708225108225108,0.3307359307359307,0.4365668644172537,0.35808134768333033,0.32386406985273447,0.27096410533910525
Cardamine parviflora,27,25,0.7946666666666667,0.0510163372525573,0.75,0.3,0.16,0.20317460317460317,0.13471506281091267,0.12380952380952379,0.10666666666666665
Myosotis scorpioides,398,295,0.7946184046729867,0.03346990266993316,0.7983050847457627,0.7935238095238095,0.2677966101694915,0.3984152778456576,0.3785700712753205,0.3110397408703386,0.24293785310734467
Cardamine amara,788,636,0.7944830902641736,0.016427181981496123,0.7897034481691753,0.7059030278778178,0.27044783464566924,0.39028159596132095,0.3426335582437151,0.2931417736335721,0.23324070543210892
Crepis vesicaria,492,443,0.794387255793424,0.013098860428575762,0.753971512691971,0.5156643955103519,0.23263534218590398,0.3205034827377347,0.21917402010102421,0.19614162572213056,0.16040949454794115
Matteuccia struthiopteris,55,49,0.7943269476372924,0.05109960624493547,0.7805128205128206,0.8300000000000001,0.20444444444444443,0.31480519480519475,0.3212678868307928,0.23316321913225288,0.17685823754789273
Bidens cernua,33,24,0.7941904761904762,0.09482692194053627,0.7189473684210526,0.13333333333333333,0.08,0.1,0.001111975232393292,0.00804769001490313,0.009523809523809535
Medicago varia,100,84,0.7941851211072664,0.06376906774325176,0.7738366988586479,0.6166666666666666,0.2610294117647059,0.36579710144927535,0.2899155153608525,0.254113005838391,0.205578431372549
Goodyera repens,225,134,0.7940781189546623,0.051360452495390146,0.7966597438560056,0.7197746697746698,0.32165242165242164,0.4375187969924812,0.380079365580944,0.3363456241029624,0.2769301994301994
Brassica rapa,44,39,0.7940346790890269,0.02056483097364822,0.7879032258064516,0.78,0.28214285714285714,0.3911111111111111,0.36100374250474576,0.29589066731788055,0.23975155279503105
Malva alcea,477,414,0.7937966248888324,0.03541809088052007,0.7771794125141048,0.6453067622033138,0.24616514839847192,0.35279082882714746,0.2943017183421229,0.2507898504833946,0.20027837550042812
Tagetes erecta,48,40,0.79375,0.13423361424935423,0.79375,0.6266666666666667,0.325,0.4150249750249751,0.3428412996566944,0.31741474899369637,0.2750000000000001
Pulsatilla vulgaris,247,114,0.7937336783828499,0.038785730944912625,0.7872670807453417,0.6536363636363637,0.30869565217391304,0.4096497567085803,0.3390230628601795,0.30537494441938723,0.25605285592497873
Rhamnus saxatilis,116,82,0.7936233493397359,0.060655919274312554,0.8107692307692307,0.8014285714285714,0.30514705882352944,0.43387012987012985,0.4132931720424919,0.35321097498519577,0.2847388955582233
Viola rupestris,52,45,0.7934156378600823,0.11614565658983216,0.7833333333333333,0.7333333333333333,0.15555555555555553,0.24666666666666667,0.2795804876458086,0.19649122807017547,0.14814814814814814
Cerastium fontanum,148,130,0.7931952662721894,0.039955557709722075,0.7846153846153847,0.7473809523809524,0.2230769230769231,0.33628989132309817,0.32021663242943543,0.25167650543392645,0.1948717948717949
Atocion armeria,57,47,0.7931636562671045,0.07614530710283272,0.7660028449502134,0.6666666666666666,0.18888888888888888,0.27956876456876456,0.24683903609455154,0.18771818437183327,0.14627805145046527
Glyceria fluitans,52,43,0.792974358974359,0.05916412303582793,0.813781512605042,0.75,0.3,0.40849816849816845,0.3897526196156463,0.3425724023556894,0.2843076923076923
Centaurium pulchellum,154,136,0.7928819967212017,0.04676666115052194,0.7739381583418281,0.6684126984126983,0.22089947089947087,0.32579275299863536,0.2827267795229943,0.22914258857659142,0.179104830730847
Muscari botryoides,140,110,0.7921487603305785,0.030671439470450194,0.7772727272727273,0.6658441558441558,0.22727272727272724,0.33445257169395104,0.2901162186405271,0.23884283783443444,0.1878787878787879
Ranunculus fluitans,49,25,0.792,0.057565421719794445,0.75,0.0,0.0,0.0,0.0,0.0,0.0
Rosa rubiginosa,99,79,0.7919178486997636,0.03959473451627083,0.7562996031746032,0.5616666666666668,0.16583333333333333,0.25240601503759397,0.19901390836513708,0.15593150011988613,0.11920212765957454
Pilosella guthnikiana,20,20,0.7916666666666667,0.1125771340508858,0.775,0.4,0.1,0.16,0.17888543819998318,0.13333333333333336,0.1
Urtica dioica,7140,4761,0.7913306765008198,0.009695245444360331,0.7798254521026053,0.6437883864977951,0.2673836271129648,0.37778997799245717,0.3094982064255921,0.2707858910429143,0.2180237326476533
Plantago argentea,23,22,0.7910989010989011,0.08067191565898164,0.7261437908496732,0.36666666666666664,0.13,0.18095238095238095,0.09418615960198443,0.06709323298844491,0.05307692307692309
Carex disticha,73,45,0.7909465020576132,0.04730899708049354,0.8222222222222223,0.8547619047619047,0.37777777777777777,0.48897435897435904,0.46849150536591866,0.4093538391433128,0.3481481481481481
Althaea officinalis,217,140,0.7906462585034013,0.07107165036355635,0.7589285714285714,0.5628757207704576,0.2857142857142857,0.372898715192436,0.26708670878054086,0.24175958153894558,0.2023809523809524
Ranunculus lingua,81,53,0.7904398826979472,0.07631636206378081,0.764673311184939,0.63,0.1727272727272727,0.2639194139194139,0.23114009644011815,0.17665724822087647,0.13522727272727275
Linum bienne,35,21,0.7903846153846155,0.11219963189088325,0.786029411764706,0.6,0.2,0.29333333333333333,0.28350260889620654,0.23435014597805295,0.18461538461538463
Dichoropetalum carvifolia,73,39,0.7903662008281573,0.03900808627860293,0.788508064516129,0.49333333333333335,0.2357142857142857,0.31580419580419583,0.27020620134644907,0.25195173293616213,0.20998964803312634
Betula pubescens,393,245,0.7903095932250451,0.02504776728147184,0.7806122448979591,0.7226065162907268,0.20408163265306123,0.3155568569467242,0.298245444760742,0.23135155077632952,0.1768707482993197
Potamogeton gramineus,51,27,0.7901960784313725,0.09630410047031826,0.7974025974025973,0.6333333333333333,0.3066666666666667,0.3904761904761904,0.33749016659269254,0.30949157715977743,0.26916666666666667
Ajuga reptans,8056,5341,0.7899375727043928,0.006354114080467015,0.7782248698604862,0.6364241798450636,0.2632494578222498,0.3720174615178942,0.3029332637344753,0.26470132222474047,0.21313431314155618
Carex lasiocarpa,104,44,0.7898306426084203,0.08881544503593655,0.79,0.75,0.18055555555555552,0.2767521367521367,0.3064082572403607,0.22475426736733475,0.17286324786324786
Bromus inermis,138,122,0.7897733555473281,0.025708906492108392,0.7931201346517988,0.7217316017316018,0.2803333333333333,0.3931485181485181,0.3533953005191294,0.3021588469056396,0.24482796495125259
Gymnadenia densiflora,53,46,0.7896413874191651,0.1301123261484776,0.8040540540540541,0.8333333333333333,0.27999999999999997,0.39944055944055945,0.39294209243295797,0.322083751481207,0.2577777777777778
Phleum paniculatum,39,23,0.7894505494505494,0.1221765536115051,0.783625730994152,0.5333333333333333,0.31,0.38888888888888884,0.3127403581372681,0.2938634338917323,0.2517582417582418
Bromus catharticus,31,25,0.7893333333333333,0.13370614545836454,0.8099999999999999,0.75,0.32,0.42857142857142855,0.3993914557963772,0.35064935064935066,0.2933333333333333
Mentha arvensis,265,220,0.7892561983471074,0.039049951169463124,0.7863636363636364,0.6710427807486632,0.2590909090909091,0.3707523320638074,0.32042860061179007,0.2760078017220874,0.22121212121212125
Lysimachia minima,44,33,0.788671679197995,0.07021771238346675,0.7353276353276353,0.4333333333333333,0.15714285714285714,0.21525252525252525,0.14276037094737098,0.1099759602871434,0.0871428571428571
Silene dichotoma,67,58,0.7885357779475426,0.09280638181996442,0.7714153561517113,0.6828571428571429,0.2954545454545455,0.37888953152111043,0.3121988951412583,0.26786332043281214,0.2263789152024446
Myosotis laxa,70,49,0.7879974457215837,0.08009730450199226,0.8621794871794872,0.9428571428571428,0.4866666666666667,0.6299719887955183,0.6090054615271072,0.5574711023067274,0.473103448275862
Nyholmiella obtusifolia,70,56,0.7877086371738778,0.08236093957074787,0.8082828282828283,0.8400000000000001,0.30606060606060603,0.4303921568627452,0.4140888249317758,0.3494132114795478,0.2819964349376114
Salix viminalis,98,77,0.7866466234967622,0.04947563671944545,0.7824960338445267,0.8033333333333333,0.18166666666666664,0.29426900584795324,0.30904066518100065,0.2208364847563605,0.16436786925686092
Verbascum thapsus,507,419,0.7865461076402166,0.015764416028198752,0.7798240938166311,0.6362438979460256,0.274469305794607,0.38112492207687537,0.3097949245316166,0.27353526879849194,0.22276817381459058
Scheuchzeria palustris,119,54,0.7860055096418732,0.1471064926559321,0.7637420718816068,0.6655555555555555,0.2781818181818182,0.3864253393665159,0.3048740652690936,0.258960581628025,0.2035606060606061
Poa angustifolia,52,42,0.7857051282051282,0.08497211559141589,0.8208556149732621,0.8428571428571429,0.35277777777777775,0.46393162393162396,0.451458380331698,0.38919506109623264,0.3293931623931624
Salix fragilis,36,31,0.7853801169590644,0.08093871474524422,0.766,0.5333333333333333,0.13333333333333333,0.20317460317460317,0.19362075373620463,0.14592263802633879,0.11169590643274856
Climacium dendroides,211,162,0.7852463396323853,0.02499026477900446,0.7809660107334526,0.720952380952381,0.2590909090909091,0.3687033185801383,0.3261347971564178,0.2681504752537921,0.21387735975364844
Marchantia polymorpha,152,127,0.7851668857458332,0.05188129531951388,0.76775383420695,0.6104545454545455,0.18984615384615386,0.28399506038974726,0.2397556451301134,0.19275926602189342,0.15040664598559336
Leucanthemum vulgare,775,626,0.7846012064392659,0.018121935052358956,0.7879401197604791,0.6826876917935162,0.2828063492063492,0.3990644078830764,0.3394357985076288,0.2966902818462108,0.23913968253968249
Cratoneuron filicinum,83,69,0.784450740896734,0.08695795366253367,0.8007792207792207,0.8699999999999999,0.24725274725274726,0.3792053663570692,0.3896035391845726,0.3032689363183711,0.23273474492986684
Allium oleraceum,248,202,0.7841406495253139,0.03662614460994229,0.7834445211256805,0.7297502497502497,0.2179268292682927,0.33153524516430977,0.31104981106859986,0.24602946974870057,0.18984120401426202
Leucanthemum ircutianum,773,407,0.783868413833761,0.035918536160510404,0.7954601226993864,0.7715584415584416,0.2677506775067751,0.39567878164673076,0.3685055632420336,0.3050897471847146,0.23910230012303463
Rosa corymbifera,85,69,0.7837608964786666,0.04144002687655199,0.778896103896104,0.8333333333333333,0.14615384615384613,0.2443137254901961,0.2826787413499773,0.1865537665597793,0.13639774859287052
Viola bavarica,35,30,0.7833333333333334,0.12472191289246473,0.825,0.95,0.33333333333333337,0.46761904761904755,0.48311990731680154,0.39802197802197803,0.32222222222222224
Torilis japonica,170,145,0.7831946095917559,0.04775361230861366,0.7706896551724138,0.6374025974025974,0.19310344827586207,0.29238813474107594,0.2538267850112595,0.20194941744813866,0.1563218390804597
Alyssum montanum,56,31,0.7828738512949039,0.11748758731376474,0.7420000000000001,0.25,0.06190476190476191,0.09,0.06750916486908093,0.04068987543915681,0.030325814536340846
Veratrum nigrum,23,22,0.782032967032967,0.11607142532024184,0.7960784313725491,0.6333333333333333,0.27999999999999997,0.38,0.3456359380084767,0.30476759112756363,0.24923076923076928
Nymphoides peltata,78,43,0.7816282051282052,0.03911206834194098,0.7440336134453781,0.5866666666666667,0.25833333333333336,0.32581927876045524,0.232890374016204,0.19423124233257988,0.16448717948717953
Ranunculus macrophyllus,29,28,0.7813480392156864,0.13095522866479295,0.8391304347826086,0.75,0.44666666666666666,0.5282539682539682,0.4909603169715323,0.4667943198291716,0.4224019607843137
Epilobium roseum,58,48,0.7807881773399015,0.10855421767091002,0.7862348178137651,0.8142857142857143,0.2311111111111111,0.33170163170163175,0.3364964155518114,0.2549999895263011,0.2035249042145594
Gnaphalium uliginosum,111,98,0.7807796302562368,0.06280035187924354,0.7832846478416099,0.7485714285714286,0.2147368421052632,0.33118518518518514,0.31567344941732534,0.2454763478521998,0.18761819803746657
Hygrohypnum luridum,33,26,0.7805000000000001,0.16012633900906012,0.7304761904761905,0.06666666666666667,0.04,0.05,-0.008233228557795338,-0.0007905138339920903,0.0016666666666666607
Silene noctiflora,42,32,0.7799749373433584,0.07426697411923827,0.7975384615384615,0.85,0.2571428571428571,0.37,0.37787759601530196,0.29613903344615056,0.2366165413533834
Atriplex patula,78,72,0.7797493204469947,0.055906020888266794,0.7466424682395644,0.55,0.12476190476190477,0.19731134878193704,0.15731737449989552,0.10715347136512925,0.07888452632638673
Juncus conglomeratus,262,196,0.7796381172065656,0.04641825658607943,0.8074146660133922,0.8674725274725276,0.2701282051282051,0.4103983667325986,0.41357338938696203,0.33208330598421004,0.2565399101839779
Crataegus rhipidophylla,59,57,0.7792093200916731,0.04777187713618274,0.7807729468599034,0.6233333333333334,0.2636363636363636,0.36680672268907566,0.3003310104179815,0.2653996250826885,0.21691367456073335
Bucklandiella heterosticha,28,23,0.779065934065934,0.2645932961464752,0.8380116959064328,0.8,0.36,0.48,0.4868868777507423,0.43022681707472793,0.36
Agrimonia procera,55,44,0.7787353592909149,0.02915289247144836,0.7615873015873016,0.55,0.20277777777777778,0.2953379953379953,0.22265550974124998,0.1886319235693979,0.1500712250712251
Schoenus ferrugineus,106,56,0.7786528385458866,0.09037342998662373,0.7541414141414141,0.5428571428571429,0.15606060606060607,0.22431077694235588,0.1722329297173694,0.1332870663365879,0.10811051693404632
Hypericum perfoliatum,75,57,0.7784479246243952,0.02355432232192097,0.7805797101449276,0.6599999999999999,0.1893939393939394,0.27803921568627454,0.2743301675476092,0.21080061076424528,0.1658645276292335
Arabis scabra,49,21,0.7782051282051282,0.14365840849057887,0.75,0.4,0.1,0.16,0.1331371116940963,0.09466089466089467,0.06666666666666668
Dryopteris cristata,49,21,0.7767307692307692,0.13280151581796912,0.7264705882352942,0.0,0.0,0.0,-0.05547001962252292,-0.04155844155844157,-0.03076923076923075
Polygala amarella,195,145,0.7762980578676179,0.07126458825710105,0.7965517241379311,0.8138461538461538,0.25517241379310346,0.38213180008845643,0.3726806069733323,0.2983900476314133,0.23218390804597702
Orthotrichum patens,25,21,0.7762179487179488,0.1184965676924783,0.7632352941176471,0.2,0.1,0.13333333333333333,0.103195724330334,0.09922077922077921,0.08461538461538462
Dicranum polysetum,31,25,0.776,0.13633944566575168,0.76,0.2,0.04,0.06666666666666667,0.07947194142390264,0.05454545454545454,0.039999999999999994
Erythranthe guttata,38,35,0.7755102040816325,0.10007170366494308,0.7642857142857143,0.5,0.1714285714285714,0.2533333333333333,0.2081025230440697,0.17058823529411765,0.1333333333333333
Hieracium glaucinum,63,50,0.7753333333333334,0.06997142273814363,0.8149999999999998,0.76,0.33999999999999997,0.4614285714285714,0.4219879656508375,0.37797668997669,0.31333333333333335
Calamagrostis arundinacea,33,31,0.7752715121136174,0.10882632772448826,0.7986666666666667,0.6166666666666667,0.29047619047619044,0.3866666666666667,0.34541855693898577,0.3085461821502431,0.25831244778613194
Orobanche rapum-genistae,24,20,0.775,0.05170697352496191,0.7625,0.2,0.05,0.08,0.08944271909999159,0.06666666666666668,0.05
Viola collina,33,20,0.775,0.07728015412913089,0.75,0.0,0.0,0.0,0.0,0.0,0.0
Vicia tetrasperma,42,36,0.7744588744588745,0.0637467017634631,0.7913793103448276,0.55,0.19642857142857145,0.2735353535353535,0.27676311164387324,0.23047116749312258,0.18733766233766236
Erysimum cheiranthoides,41,34,0.7741723356009069,0.052503336919652456,0.7425925925925926,0.25,0.11428571428571428,0.15353535353535352,0.05805061337001033,0.07168471066812705,0.06523809523809518
Hieracium umbellatum,98,79,0.7741049793144208,0.04256168297147908,0.7974206349206349,0.8647619047619048,0.22666666666666666,0.3497023889647392,0.36827435885850146,0.27900123170560553,0.21390070921985807
Satureja hortensis,35,30,0.774074074074074,0.09158713347317209,0.7833333333333334,0.7,0.2,0.3071428571428571,0.29186305957228464,0.23076923076923078,0.17777777777777776
Aquilegia alpina,185,151,0.7739348011606075,0.0553157446029496,0.7781404958677686,0.7371428571428572,0.1793548387096774,0.27829573934837093,0.279150886462032,0.20562881346254275,0.1573035566583954
Rudbeckia hirta,56,47,0.7738204707170224,0.0796778623139767,0.7768136557610242,0.5999999999999999,0.21333333333333332,0.3015384615384615,0.25968696378078326,0.21861917513031875,0.17786535303776685
Funaria hygrometrica,99,87,0.7733973173207358,0.04074085110313484,0.7758592132505175,0.8583333333333332,0.1503267973856209,0.24031746031746035,0.27873766861997684,0.18033541059623745,0.13494218200100555
Carex demissa,35,29,0.7728540305010894,0.11637230786493286,0.8362318840579709,0.9333333333333333,0.38,0.5333333333333333,0.5269869476997313,0.45553201184780134,0.3688888888888889
Eleocharis palustris,107,77,0.7727243293246995,0.046968975212342785,0.8345848757271284,0.8433333333333334,0.4141666666666667,0.5458538654328129,0.5087420371736922,0.4621098459796972,0.3881722170829479
Rosa micrantha,40,37,0.7725296442687747,0.0932873746961785,0.7434482758620689,0.1,0.05714285714285714,0.07272727272727272,0.02786059786448352,0.033237995894882036,0.030265386787125915
Abietinella abietina,116,100,0.7725000000000001,0.045279993129171046,0.775,0.6849999999999999,0.21000000000000002,0.3187252747252747,0.28413888876599447,0.22497584541062804,0.17333333333333328
Crataegus azarolus,58,42,0.7720299145299145,0.07422602074080877,0.7914438502673796,0.6916666666666667,0.3333333333333333,0.42597902097902096,0.3652204732864472,0.3226637416637416,0.27733333333333327
Erucastrum gallicum,50,45,0.7720164609053498,0.09174647701302864,0.75,0.5,0.17777777777777776,0.2542657342657343,0.18056277726413955,0.150123034859877,0.1185185185185185
Veronica scutellata,69,52,0.7719849706744869,0.09980235363695066,0.7692218350754937,0.6,0.11090909090909092,0.18361638361638363,0.19887333222163156,0.13219568056812403,0.09840909090909093
Scleranthus annuus,76,53,0.7718676686217009,0.08410247630905256,0.7736434108527132,0.7999999999999999,0.15090909090909094,0.2455211455211455,0.2669675344576247,0.17794735021271818,0.13195747800586513
Persicaria amphibia,188,129,0.7704909449524834,0.03817445682898624,0.7539208364451083,0.6527777777777778,0.1163076923076923,0.18886554621848742,0.17870502751323544,0.11221216905839877,0.08267465867465865
Veronica agrestis,57,49,0.7699208173690932,0.06759644370008715,0.7753846153846153,0.72,0.2688888888888889,0.36999999999999994,0.32226091728997797,0.26382909946153577,0.21417624521072792
Seseli montanum,29,21,0.7690384615384616,0.2085456117719793,0.7852941176470587,0.4,0.13,0.19428571428571428,0.20327586687644733,0.1645021645021645,0.12999999999999998
Carduus crispus,100,82,0.7678460384153662,0.01827828290309044,0.7683916083916082,0.7333333333333333,0.1345588235294118,0.22589807852965746,0.23876014854611624,0.15696861091236305,0.11415066026410563
Carex pulicaris,89,62,0.7669921946237735,0.04588981394908234,0.7500408163265306,0.2,0.016666666666666666,0.03076923076923077,0.03424978902194944,0.016313213703099527,0.011261261261261257
Hieracium piloselloides,28,26,0.7660555555555557,0.10716728586884068,0.779047619047619,0.6333333333333333,0.18666666666666668,0.27936507936507937,0.26822617244586294,0.2071086356691123,0.1608333333333333
Euphorbia cyparissias,8419,4947,0.7652761961883302,0.009761895247811302,0.7645038381908191,0.5948195294852316,0.18091429972117534,0.27716557017374166,0.2284102341365469,0.18207608262065328,0.139946423218337
Ceratodon purpureus,68,60,0.7648148148148148,0.10073674079749681,0.7666666666666667,0.5999999999999999,0.11666666666666665,0.19076923076923075,0.1996003137639771,0.13511111111111113,0.09999999999999995
Teucrium scordium,45,27,0.763921568627451,0.08175974646406699,0.7787878787878789,0.5,0.16,0.23809523809523808,0.23723586045180398,0.19178071089029466,0.14823529411764702
Stachys annua,56,50,0.7633333333333334,0.0412040990409665,0.775,0.6799999999999999,0.22000000000000003,0.3247619047619047,0.2861088071774228,0.23006060606060608,0.18
Asphodelus albus,25,20,0.7625,0.18380620833427314,0.75,0.2,0.05,0.08,0.05962847939999438,0.04444444444444444,0.033333333333333326
Hieracium laevigatum,55,43,0.7622094017094017,0.11133502225035564,0.8023529411764706,0.9,0.2361111111111111,0.35333333333333333,0.38326549786343217,0.29193395940004435,0.22841880341880344
Darmera peltata,57,29,0.7603485838779955,0.11909262781999863,0.7931159420289855,0.72,0.35333333333333333,0.4495670995670995,0.38567464522404105,0.3450889127958144,0.2951633986928105
Hieracium maculatum,23,21,0.7598717948717949,0.09552925344783034,0.7014705882352941,0.0,0.0,0.0,-0.08415315273054515,-0.0772093023255814,-0.0641025641025641
Senecio sylvaticus,49,45,0.7596707818930042,0.08383757417775703,0.7833333333333334,0.8,0.13333333333333333,0.22000000000000003,0.2801086067041547,0.18045112781954892,0.13333333333333336
Fragaria moschata,59,49,0.7595836526181353,0.052703523817006916,0.7702564102564102,0.72,0.16444444444444445,0.25575757575757574,0.2526632177692081,0.18054215819995603,0.13685823754789272
Bartramia ithyphylla,42,32,0.7584085213032582,0.1115256990354333,0.7498461538461537,0.2,0.08571428571428572,0.12,0.04987250684244545,0.06131259283338948,0.05466165413533832
Plasteurhynchium striatulum,25,24,0.7583809523809524,0.2505499800778416,0.7705263157894736,0.4,0.12000000000000002,0.18095238095238092,0.16608894156966236,0.1344297295624729,0.10571428571428569
Ulota crispa,31,29,0.7561655773420479,0.12534876137710171,0.7760869565217391,0.6,0.10666666666666666,0.18095238095238092,0.22445209600864374,0.14752516778523486,0.10666666666666669
Agrostis canina,55,45,0.7555555555555555,0.092993189204892,0.7888888888888889,0.7666666666666666,0.2666666666666667,0.3748717948717949,0.34791760889767,0.2846092503987241,0.22962962962962957
Anemone sylvestris,79,48,0.75396004378763,0.1367765385455516,0.7761133603238867,0.8333333333333333,0.14444444444444446,0.24093240093240093,0.27657701922948597,0.17814763944308204,0.13065134099616862
Plagiomnium elatum,72,35,0.7537414965986395,0.08468226568487315,0.7785714285714286,0.8,0.11428571428571428,0.2,0.26666666666666666,0.15999999999999998,0.11428571428571424
Sparganium erectum,123,96,0.7536380424746076,0.07733302571934753,0.7525974025974026,0.6031746031746031,0.14684210526315788,0.22051154642458987,0.18103092245255178,0.13153377608532013,0.10183303085299458
Sonchus arvensis,105,95,0.7518005540166204,0.08835826956205928,0.7236842105263158,0.4444444444444445,0.05263157894736842,0.08666666666666666,0.04213535668160127,0.004889979996363025,-6.661338147750939e-17
Polygonum arenastrum,43,42,0.7513119658119657,0.06742837586556509,0.7561497326203209,0.53,0.2111111111111111,0.29956709956709954,0.21476084892993746,0.1846671261693861,0.14803418803418802
Campylopus introflexus,36,31,0.7511138958507381,0.09466554329458764,0.75,0.3,0.06190476190476191,0.10158730158730159,0.07860412390072206,0.05423686587150822,0.0402673350041771
Juncus compressus,77,68,0.7509916912355937,0.08492849264046243,0.7794612794612795,0.6866666666666666,0.19340659340659339,0.2982026143790849,0.28023409802564436,0.22036744805677438,0.16889439828464217
Sisyrinchium montanum,52,38,0.7501199887069452,0.10234799050800236,0.7898924731182796,0.85,0.2107142857142857,0.32333333333333336,0.34090503752772056,0.2516831232374935,0.19292772444946354
Scutellaria altissima,42,26,0.7489444444444444,0.12177625708701782,0.7504761904761905,0.36666666666666664,0.12000000000000002,0.1738095238095238,0.13763055376345884,0.1065824281846192,0.08249999999999998
Streblotrichum convolutum,56,43,0.7486367521367521,0.06576602958948885,0.7618487394957982,0.5333333333333333,0.11388888888888889,0.18383838383838386,0.17416913304434503,0.1211582339566946,0.09050427350427351
Thesium linophyllon,46,27,0.7481617647058822,0.08982346574296532,0.7406926406926407,0.0,0.0,0.0,-0.025,-0.01724137931034484,-0.0125
Conium maculatum,85,75,0.7481481481481482,0.09758904343816961,0.8033333333333333,0.8355555555555556,0.27999999999999997,0.4037254901960784,0.396513188522685,0.323507326007326,0.2577777777777778
Cirsium tuberosum,51,39,0.7480137163561077,0.12804507754251415,0.7564516129032258,0.5,0.10357142857142856,0.17,0.155506812027956,0.10641333087376251,0.07784679089026918
Scrophularia umbrosa,80,66,0.7465793181177796,0.0599224858417431,0.7726415094339623,0.67,0.1967032967032967,0.30245098039215684,0.26928484917988105,0.2106681444717303,0.16131868131868138
Silphiodaucus prutenicus,84,33,0.7463909774436089,0.06098340509834491,0.7720797720797721,0.5666666666666667,0.18095238095238092,0.27222222222222225,0.24571329615268836,0.19543360807263743,0.1509523809523809
Barbarea verna,26,23,0.7462637362637363,0.12746513809579077,0.7508771929824561,0.2,0.05,0.08,0.06257671280635246,0.049061913696060014,0.03571428571428572
Geranium lucidum,30,20,0.7458333333333333,0.14154406459552524,0.75,0.0,0.0,0.0,0.0,0.0,0.0
Herminium monorchis,81,40,0.7458333333333333,0.07060318001179396,0.74375,0.2,0.025,0.04444444444444444,0.032402861983828316,0.0130718954248366,0.008333333333333326
Epipactis microphylla,44,28,0.7455882352941178,0.06938932837788217,0.7592885375494072,0.2,0.08,0.11428571428571428,0.09294998448034848,0.08509909469048202,0.06823529411764703
Rosa tomentosa,40,34,0.7452607709750566,0.11489210773684957,0.7793650793650793,0.7,0.1476190476190476,0.23888888888888887,0.26638075712752046,0.1852725650472024,0.13809523809523805
Verbascum boerhavii,29,27,0.7451470588235294,0.09415053168358331,0.7969696969696971,0.7833333333333333,0.29999999999999993,0.40555555555555556,0.3796457130688823,0.3168596806597562,0.2625
Noccaea montana,57,39,0.7448757763975156,0.11146494451942503,0.7691532258064516,0.5866666666666667,0.18214285714285713,0.262004662004662,0.2399944512649917,0.18769799315737912,0.14808488612836435
Artemisia,40,34,0.7442857142857142,0.1015592719267213,0.7425925925925926,0.0,0.0,0.0,-0.023204774044612856,-0.013861386138613874,-0.010000000000000009
Mentha pulegium,25,20,0.7416666666666666,0.08700255424092125,0.7375,0.0,0.0,0.0,-0.0298142396999972,-0.022222222222222233,-0.016666666666666673
Grimmia tergestina,26,25,0.7413333333333333,0.1993054607045845,0.7699999999999999,0.4,0.08,0.13333333333333333,0.15894388284780528,0.10909090909090909,0.07999999999999999
Orobanche alsatica,86,23,0.7412087912087911,0.05962563845579116,0.7502923976608187,0.1,0.05,0.06666666666666667,0.0472455591261534,0.04347826086956521,0.03571428571428572
Geheebia fallax,36,29,0.7410675381263617,0.07284609467781146,0.7416666666666666,0.0,0.0,0.0,-0.024077170617153844,-0.015384615384615375,-0.011111111111111117
Rhynchostegium murale,37,35,0.7401360544217687,0.1035623522937963,0.7928571428571429,0.75,0.22857142857142856,0.3290909090909091,0.32539201526931744,0.261437908496732,0.2095238095238095
Rubus bifrons,32,25,0.7386666666666668,0.044301993935563055,0.76,0.2,0.04,0.06666666666666667,0.07947194142390264,0.05454545454545454,0.039999999999999994
Alchemilla connivens,29,21,0.7373076923076922,0.15354157885261865,0.75,0.0,0.0,0.0,0.0,0.0,0.0
Mesoptychia collaris,24,21,0.7351923076923077,0.15393218748265505,0.75,0.0,0.0,0.0,0.0,0.0,0.0
Caucalis platycarpos,28,23,0.7347802197802197,0.08930855160175985,0.8152046783625732,0.7333333333333333,0.31,0.4276190476190476,0.4171824348116136,0.36455669367497323,0.2957142857142857
Hylotelephium telephium,124,99,0.7346409455842997,0.04459887335643833,0.7854113924050632,0.8571428571428571,0.19157894736842107,0.30424242424242426,0.3273712264287978,0.23262562628458666,0.17479928635147193
Jacobaea erratica,24,23,0.7343406593406593,0.10938179136884532,0.7502923976608187,0.0,0.0,0.0,0.0,0.0,0.0
Arctium nemorosum,115,103,0.7330946085467502,0.09261094491261629,0.7741698501322363,0.6599999999999999,0.13619047619047617,0.22425641025641027,0.23352251566762366,0.16664047165609286,0.12323436831104732
Salvia sylvestris,24,22,0.7328571428571429,0.10527357819008455,0.7392156862745097,0.1,0.05,0.06666666666666667,0.019645122576678425,0.02234826999432782,0.020329670329670348
Drosera intermedia,40,27,0.7324509803921568,0.11100150062544009,0.7502164502164502,0.0,0.0,0.0,0.0,0.0,0.0
Carduus acanthoides,30,29,0.7312200435729849,0.11393830620705542,0.7413043478260869,0.0,0.0,0.0,-0.02533201985524495,-0.016107382550335593,-0.011764705882352944
Spergula arvensis,46,34,0.7310657596371881,0.13465953508303205,0.7428571428571427,0.2,0.02857142857142857,0.05,0.023111435456519003,0.012711305028807952,0.00952380952380949
Drepanocladus trifarius,27,23,0.7306043956043956,0.08135461041732701,0.7830409356725145,0.5333333333333333,0.17,0.24666666666666667,0.24728761254349663,0.1958230472992989,0.15461538461538465
Scorpidium scorpioides,64,28,0.7305392156862744,0.11976961897802904,0.750197628458498,0.2,0.04,0.06666666666666667,0.0568057281997381,0.03934426229508194,0.028235294117647046
Epilobium ciliatum,52,43,0.7302264957264958,0.11843348572025363,0.7499159663865547,0.3333333333333333,0.09444444444444444,0.14666666666666667,0.09889370847414411,0.08256765804876989,0.06336752136752137
Schistidium apocarpum,33,26,0.7301666666666667,0.12417997691522845,0.7785714285714285,0.6,0.11333333333333333,0.19047619047619047,0.23071067811865476,0.15478927203065135,0.11333333333333333
Potamogeton alpinus,35,28,0.729093137254902,0.12483484860864535,0.7766798418972332,0.5333333333333333,0.13999999999999999,0.2126984126984127,0.22383223683191086,0.16687236483404203,0.12823529411764706
Bryoerythrophyllum recurvirostrum,25,23,0.728956043956044,0.1298554740827561,0.7614035087719297,0.2,0.04,0.06666666666666667,0.07821538888750429,0.05306122448979593,0.039999999999999994
Potamogeton berchtoldii,54,35,0.727891156462585,0.11447991275081705,0.8285714285714286,0.9333333333333332,0.34285714285714286,0.48434343434343435,0.49083158185369513,0.41303921568627455,0.3333333333333333
Petasites japonicus,30,23,0.7278571428571429,0.10016313224547488,0.7502923976608187,0.2,0.05,0.08,0.06066567941749368,0.04788451966152316,0.034615384615384624
Salix atrocinerea,31,30,0.7277777777777776,0.13387236719946535,0.7666666666666667,0.4,0.1,0.15714285714285714,0.15260093480772638,0.11648351648351649,0.08888888888888888
Leontodon autumnalis,37,34,0.7273696145124715,0.09095202761498056,0.75,0.0,0.0,0.0,0.0,0.0,0.0
Stachys officinalis,112,94,0.7268027524952733,0.054311426349264516,0.7712982456140351,0.79,0.13859649122807016,0.22889328063241104,0.25196065713172455,0.16427359168518654,0.1208646616541353
Thuidium assimile,33,33,0.7265413533834586,0.09215959729279292,0.7572649572649572,0.4,0.05714285714285714,0.1,0.11068980652615254,0.06509027373325567,0.04714285714285711
Hypericum desetangsii,23,21,0.7253846153846154,0.09005951717499686,0.75,0.0,0.0,0.0,0.0,0.0,0.0
Tortella inclinata,26,20,0.7250000000000001,0.14276534749176512,0.7625,0.2,0.05,0.08,0.08944271909999159,0.06666666666666668,0.05
Erysimum odoratum,20,20,0.725,0.11441275181454985,0.7375,0.0,0.0,0.0,-0.0298142396999972,-0.022222222222222233,-0.016666666666666673
Anacamptis laxiflora,36,20,0.725,0.05170697352496188,0.8,0.6,0.2,0.29333333333333333,0.3098161723415786,0.2533333333333333,0.2
Alopecurus geniculatus,27,24,0.7245714285714285,0.09554502921507611,0.75,0.0,0.0,0.0,0.0,0.0,0.0
Spiranthes spiralis,124,44,0.7234330484330485,0.07664016244157253,0.7553968253968255,0.5700000000000001,0.15833333333333333,0.2317748917748918,0.18985236943237363,0.14385271422769724,0.11303418803418805
Fissidens crassipes,50,22,0.7223076923076923,0.20766951441878734,0.7379084967320261,0.2,0.05,0.08,0.05023894661395636,0.031083380601247844,0.01923076923076923
Valeriana pratensis,29,29,0.7215250544662309,0.13529235647308832,0.75,0.0,0.0,0.0,0.0,0.0,0.0
Polygala amara,29,24,0.7182857142857143,0.14876227059280672,0.75,0.0,0.0,0.0,0.0,0.0,0.0
Taraxacum erythrospermum,27,24,0.7173333333333334,0.13107253362277999,0.7394736842105264,0.0,0.0,0.0,-0.024343224778007384,-0.01839080459770117,-0.01333333333333333
Scorpidium revolvens,25,20,0.7166666666666666,0.22306264690540287,0.7375,0.0,0.0,0.0,-0.0298142396999972,-0.022222222222222233,-0.016666666666666673
Trichostomum crispulum,35,26,0.7164444444444444,0.0876689550468827,0.74,0.0,0.0,0.0,-0.026490647141300876,-0.018181818181818167,-0.01333333333333333
Alopecurus aequalis,61,50,0.7106666666666667,0.057092517509351084,0.7649999999999999,0.7,0.08,0.14242424242424243,0.1929007060088696,0.10389610389610393,0.07333333333333339
Epilobium obscurum,30,24,0.710095238095238,0.15336420866312392,0.7494736842105263,0.2,0.04,0.06666666666666667,0.05512871664589525,0.03615464994775337,0.02666666666666666
Campylium protensum,44,29,0.7095860566448802,0.15781543184742322,0.7586956521739131,0.2,0.04,0.06666666666666667,0.08090398349558905,0.05625,0.039999999999999994
Senecio aquaticus,43,38,0.7029856013551664,0.09374431337963399,0.7434408602150537,0.0,0.0,0.0,-0.020488779977039295,-0.01238938053097347,-0.008695652173913038
Corydalis intermedia,40,23,0.7006593406593407,0.09173119295999863,0.7502923976608187,0.0,0.0,0.0,0.0,0.0,0.0
Lythrum virgatum,50,43,0.6994230769230768,0.07397563039884626,0.7268907563025211,0.05,0.025,0.03333333333333333,-0.02643642455740689,-0.01830479109748786,-0.013461538461538459
Thymus pannonicus,35,23,0.696923076923077,0.15809463551471048,0.7502923976608187,0.0,0.0,0.0,0.0,0.0,0.0
Flexitrichum flexicaule,48,40,0.6947916666666666,0.06375476561708066,0.76875,0.4,0.075,0.12444444444444444,0.1516598207838171,0.1019607843137255,0.075
Odontites vernus,100,83,0.6944663865546218,0.061389191184557775,0.764947987336047,0.6666666666666667,0.08308823529411766,0.14563467492260063,0.18584045222000592,0.10493501953344933,0.07492496998799521
Potamogeton natans,144,103,0.6940306212384477,0.02068280201268954,0.7597120188069351,0.75,0.07761904761904762,0.13595407491059663,0.17331238817516909,0.09077195827429248,0.06471582181259605
Epipactis leptochila,56,37,0.6928924336533032,0.09755618154379717,0.736551724137931,0.26666666666666666,0.07857142857142857,0.12080808080808081,0.05063512880761016,0.04300840498041991,0.03351214003387919
Utricularia neglecta,86,38,0.6918054771315642,0.09485285797806933,0.7503225806451612,0.2,0.025,0.04444444444444444,0.040052900122817356,0.02247836891111048,0.016304347826086963
Drosera anglica,89,52,0.6880351906158358,0.07824064507316007,0.7452961672473867,0.0,0.0,0.0,-0.017460757394239454,-0.009049773755656076,-0.00625
Niphotrichum canescens,42,35,0.6857142857142857,0.06255544997318448,0.75,0.0,0.0,0.0,0.0,0.0,0.0
Pseudoleskeella catenulata,26,23,0.6826373626373625,0.12662366568309907,0.7391812865497076,0.0,0.0,0.0,-0.025928148942086577,-0.019512195121951237,-0.01428571428571428
Brachythecium glareosum,25,22,0.6646703296703297,0.13534937817441733,0.7503267973856209,0.0,0.0,0.0,0.0,0.0,0.0
Ranunculus trichophyllus,74,50,0.6546666666666667,0.04928826770473208,0.75,0.2,0.02,0.03636363636363636,0.03698001308168194,0.019047619047619046,0.013333333333333353
Gagea pratensis,29,28,0.6526225490196078,0.14946663632682652,0.7501976284584979,0.0,0.0,0.0,0.0,0.0,0.0
Sparganium emersum,35,24,0.6504761904761905,0.13664592508939818,0.75,0.0,0.0,0.0,0.0,0.0,0.0
Psammophiliella muralis,31,27,0.6474019607843138,0.16025898682606216,0.7229437229437229,0.0,0.0,0.0,-0.06102584121974421,-0.046752154719360874,-0.036029411764705886
Euphorbia esula,28,22,0.645934065934066,0.06625617291408484,0.7503267973856209,0.0,0.0,0.0,0.0,0.0,0.0
Fumaria vaillantii,28,24,0.6445714285714286,0.09136386599236206,0.75,0.0,0.0,0.0,0.0,0.0,0.0
Callitriche palustris,40,34,0.6047845804988661,0.028278962385432385,0.7351851851851852,0.0,0.0,0.0,-0.044170470779051216,-0.027420708172512187,-0.019523809523809544
Drosera obovata,51,20,0.6,0.09718253158075502,0.75,0.0,0.0,0.0,0.0,0.0,0.0
Carex dioica,54,24,0.4687619047619047,0.1709394079173621,0.75,0.0,0.0,0.0,0.0,0.0,0.0
